Post_ID,Platform,Hashtag,Content_Type,Region,Views,Likes,Shares,Comments,Engagement_Level,Engagement_Score,Log_Views,Hashtag_Length,Index,Trend_Prediction
Post_1,TikTok,#Challenge,Video,UK,1.1439370750307265,0.609387052281039,0.08999060572650933,-0.38803923460228545,High,0.36381887460899737,0.7626438934451719,10,0,0.021360388075011977
Post_2,Instagram,#Education,Shorts,India,1.1387813333551762,-0.25104785893360093,0.5278256673375401,0.16457282964977818,Medium,0.3950329928522234,0.760236196429132,10,1,0.021351842210609092
Post_3,Twitter,#Challenge,Video,Brazil,0.8031996992475708,0.5242518638293356,-0.3818046292291256,0.7935690016047433,Medium,0.434803983863131,0.5895626975151903,10,2,0.021343296346206207
Post_4,YouTube,#Education,Shorts,Australia,-1.080016491242614,-0.8615367204588161,-1.3361302299241,0.8343865403680719,Low,-0.6108242253143645,0.0,10,3,0.02133475048180332
Post_5,TikTok,#Dance,Post,Brazil,-1.6645839935401838,-0.5550555846881821,0.6558558649214022,-1.2961069494571271,Medium,-0.7149726656910227,0.0,6,4,0.021326204617400434
Post_6,Instagram,#Challenge,Shorts,Australia,-0.8020730888332072,-0.7980940999630277,1.2544770359947788,1.5571300269098245,Low,0.30285996852709207,0.0,10,5,0.02131765875299755
Post_7,YouTube,#Comedy,Tweet,Japan,-1.2792279357445626,-1.1594821667622872,1.632752766238525,0.5432727733390487,Medium,-0.06567114073231897,0.0,7,6,0.021309112888594665
Post_8,YouTube,#Gaming,Shorts,UK,-0.2927208955490331,0.4574559367571618,-0.18227570802815368,0.6125855750126257,High,0.14876122704815017,0.0,7,7,0.02130056702419178
Post_9,Twitter,#Education,Live Stream,India,-0.22238997338615873,1.6946874970559398,1.5662775333086618,0.37006078208608967,Medium,0.8521589597661332,0.0,10,8,0.021292021159788895
Post_10,TikTok,#Gaming,Shorts,India,0.9622937997310322,-1.6824802112490818,0.6488711484179022,1.247042755584297,Low,0.2939318731210374,0.6741140949534183,7,9,0.021283475295386007
Post_11,Instagram,#Comedy,Live Stream,Germany,1.0801193539080045,0.8897276390584864,-0.15509380636428616,0.024757006475906253,High,0.4598775482695277,0.7324252737535012,7,10,0.021274929430983122
Post_12,Twitter,#Music,Reel,Australia,1.43324860003415,1.485403753764875,0.6387209446320276,-1.1124630314876398,Medium,0.6112275667358531,0.8892272369761652,6,11,0.021266383566580237
Post_13,YouTube,#Viral,Shorts,Canada,1.1043213262948686,-0.3873971841882821,-0.44360044617634853,1.6943553716373103,High,0.49191976689188704,0.74399300483774,6,12,0.021257837702177353
Post_14,YouTube,#Fitness,Reel,Japan,-0.5900264240594968,0.4256203092396181,-0.163282784333907,0.40863790705794917,High,0.020237251976040857,0.0,8,13,0.021249291837774468
Post_15,Twitter,#Comedy,Post,Germany,-0.015264698393655596,0.8267353593219233,0.12353788942558634,-0.5466185232797116,High,0.0970975067685356,0.0,7,14,0.021240745973371583
Post_16,YouTube,#Gaming,Live Stream,Canada,0.40145202839761146,-0.8815457068071657,-0.2221883737624402,0.12697588571168644,Medium,-0.14382654161507702,0.33750886228027893,7,15,0.021232200108968695
Post_17,Twitter,#Dance,Reel,UK,-1.5069761774392674,-0.26558347297751966,-1.0380239058535325,-0.28855085967485833,Low,-0.7747836039862945,0.0,6,16,0.02122365424456581
Post_18,TikTok,#Tech,Shorts,UK,-0.3035442527746203,-1.5727494890243032,0.1439759268791779,1.179620303047272,Medium,-0.13817437796811843,0.0,5,17,0.021215108380162925
Post_19,TikTok,#Fashion,Post,USA,0.6626865518840224,-0.5968056372280556,-0.015227438941980434,-0.3769071785759231,Low,-0.08156342571548418,0.5084346989121772,8,18,0.02120656251576004
Post_20,YouTube,#Education,Tweet,UK,0.4453135208099328,0.32708575112111826,1.1767505602243018,0.8593111437981663,Low,0.7021152439883798,0.3683262674485739,10,19,0.021198016651357156
Post_21,Twitter,#Gaming,Video,Brazil,-1.6993742860188348,0.11663805017544032,1.3754537021342195,-0.554529984480837,Low,-0.19045312954750301,0.0,7,20,0.02118947078695427
Post_22,TikTok,#Viral,Live Stream,USA,0.9801251008848297,-1.4972030945844128,0.7677145513887862,-1.4660283329538657,Medium,-0.30384794381616564,0.6831600249755941,6,21,0.021180924922551383
Post_23,YouTube,#Dance,Shorts,Brazil,-1.298049407913933,-0.19250356023430942,-0.9630156202494425,-1.0047131307041701,Low,-0.8645704297754637,0.0,6,22,0.021172379058148498
Post_24,Twitter,#Education,Shorts,Japan,1.27713871738655,1.3740795180843761,0.4444907738819868,0.2374562908035091,High,0.8332913250391056,0.8229197063443661,10,23,0.021163833193745613
Post_25,YouTube,#Dance,Tweet,Germany,-1.207785555182201,1.5462205412184111,1.6466533843046043,-1.486682147593972,High,0.12460155568671061,0.0,6,24,0.02115528732934273
Post_26,YouTube,#Dance,Live Stream,Brazil,1.6560507833271902,-0.375431976631634,0.09284642577473845,-0.6995967774784647,Low,0.16846711374795745,0.9768403516600089,6,25,0.021146741464939844
Post_27,Instagram,#Gaming,Video,India,1.2849566143531044,-0.2715695409155301,-1.0066098853230123,-0.47023441557681006,Low,-0.11586430686556203,0.8263470370119073,7,26,0.02113819560053696
Post_28,YouTube,#Tech,Post,Canada,-0.4245945438369118,0.49278343723854484,-0.5109014583972662,1.6718812207916354,Medium,0.30729216394900055,0.0,5,27,0.02112964973613407
Post_29,Instagram,#Gaming,Live Stream,Canada,-0.5757104013208473,-1.106030182801928,0.9238556523389518,-1.5448628932411865,Low,-0.5756869562562525,0.0,7,28,0.021121103871731186
Post_30,YouTube,#Education,Shorts,Japan,1.5001355086854193,0.4146943495888746,-1.62274445886083,-1.3847433200821255,Medium,-0.2731644801671654,0.9163449338793676,10,29,0.0211125580073283
Post_31,Instagram,#Comedy,Reel,Australia,-0.7732320453214792,-0.6603452541950617,1.183976129021026,-0.46106272161798323,Low,-0.17766597302837456,0.0,7,30,0.021104012142925416
Post_32,Twitter,#Music,Video,USA,-0.10406830584221413,-1.1052819243096768,1.343902051721857,1.3688652554954321,Medium,0.37585426926634957,0.0,6,31,0.02109546627852253
Post_33,YouTube,#Gaming,Live Stream,USA,1.7017041769199428,-1.68180816426993,-1.5834167201243734,1.481236009723807,Low,-0.020571174437638395,0.9938827505391029,7,32,0.021086920414119643
Post_34,YouTube,#Viral,Reel,Australia,0.35059355588839414,-1.6266795270213783,0.944500134615307,-0.6299339111499708,Low,-0.24037993691691198,0.30054416685179325,6,33,0.02107837454971676
Post_35,YouTube,#Education,Tweet,UK,-1.0673813608923384,0.8117979027543881,1.4341872542104497,-1.6013633285447992,Low,-0.10568988311807498,0.0,10,34,0.021069828685313874
Post_36,TikTok,#Education,Live Stream,Japan,-0.4373680925575305,-0.6465440420046489,-1.5172511544286553,-0.30598407948972767,High,-0.7267868421201406,0.0,10,35,0.02106128282091099
Post_37,Instagram,#Music,Reel,Germany,-1.6755190447972856,-0.31586921498455606,-0.45636561771722806,-0.719060372291853,Low,-0.7917035624477308,0.0,6,36,0.021052736956508104
Post_38,Instagram,#Dance,Video,India,-0.7717485018967627,-1.6675150414040558,-1.4761686346987088,0.8226943808938423,Medium,-0.7731844492764213,0.0,6,37,0.02104419109210522
Post_39,TikTok,#Gaming,Shorts,USA,1.374032947105606,1.510414986700312,1.3440740890741598,1.1664578720223908,High,1.3487449737256172,0.8645901744001904,7,38,0.02103564522770233
Post_40,Twitter,#Comedy,Post,USA,1.381724074772589,0.16043195693025944,1.0880825088473567,-0.7670892429464731,Low,0.46578732440093296,0.8678246265964555,7,39,0.021027099363299447
Post_41,Twitter,#Education,Reel,India,1.2923263647146865,0.7200392409823863,-0.29795362371666334,1.249073130582816,High,0.7408712781408064,0.8295671816975497,10,40,0.021018553498896562
Post_42,YouTube,#Fashion,Live Stream,Australia,-1.0625812584950456,1.0497856732065376,-1.0961725309319328,-0.9024242385374066,High,-0.5028480886894618,0.0,8,41,0.021010007634493677
Post_43,Twitter,#Comedy,Post,Brazil,1.0053912501486382,-1.3982666939422965,1.4641217535111646,-0.06555967449269405,Medium,0.25142165880620304,0.6958391789529804,7,42,0.021001461770090792
Post_44,YouTube,#Comedy,Shorts,Brazil,1.0868209957988715,-0.5533373614837532,-1.1191223137291475,1.1517551565158746,Medium,0.14152911927546133,0.735641853357039,7,43,0.020992915905687907
Post_45,Twitter,#Comedy,Shorts,Germany,0.9867965922395824,0.8971963673422539,-0.2636149681969927,0.0914093167721136,Low,0.42794682703923925,0.6865235890490551,7,44,0.02098437004128502
Post_46,Instagram,#Gaming,Tweet,Brazil,-1.5224235305216616,0.15793776195608844,0.1910797539397281,-0.5154627689920936,High,-0.42221719590448464,0.0,7,45,0.020975824176882134
Post_47,Instagram,#Tech,Reel,Japan,-0.6124872029857582,0.511954096942798,0.4231581421964199,0.055842747832540764,Medium,0.09461694599650013,0.0,5,46,0.02096727831247925
Post_48,Instagram,#Dance,Live Stream,India,-0.19269580675028672,-1.2252804158447925,-0.9077572226897321,0.746170247328974,Medium,-0.39489079948895933,0.0,6,47,0.020958732448076365
Post_49,Twitter,#Gaming,Live Stream,USA,1.5192379290322187,0.43195279314626334,1.2233382752279431,0.80561122573389,High,0.9950350557850788,0.9239564466742761,7,48,0.02095018658367348
Post_50,Instagram,#Fashion,Reel,Japan,0.17386002129913547,1.1846592664348343,-0.9969413861235861,1.127810734119548,Low,0.37234715893248294,0.16029748201364066,8,49,0.020941640719270595
Post_51,YouTube,#Dance,Post,Australia,-0.28275751384216136,-0.18300483437434154,0.5959524588495119,0.2720426787093142,Medium,0.1005581973355808,0.0,6,50,0.020933094854867707
Post_52,YouTube,#Music,Live Stream,Canada,-0.16142353364461237,-0.6371700258933894,-0.8606878030996425,-1.1400481262951039,Medium,-0.6998323722331871,0.0,6,51,0.020924548990464822
Post_53,YouTube,#Comedy,Tweet,Japan,-0.778580339284487,1.5306318226298425,1.3805804152328478,0.5910916052007185,Low,0.6809308759447305,0.0,7,52,0.020916003126061938
Post_54,Twitter,#Fitness,Reel,Canada,-1.4401879432698268,0.5618241397874726,-0.2529142448837487,1.4193445787344716,Medium,0.07201663259209218,0.0,8,53,0.020907457261659053
Post_55,Twitter,#Dance,Reel,USA,1.03604269630614,1.666191319476036,0.3445714796644282,0.45855712684912125,High,0.8763406555739315,0.71100806914921,6,54,0.020898911397256168
Post_56,YouTube,#Fitness,Tweet,Australia,0.9873783605386975,0.9576182405915464,1.0794118262912875,0.5656068983227569,Medium,0.897503831436072,0.6868163634287356,8,55,0.020890365532853283
Post_57,Instagram,#Challenge,Live Stream,Australia,0.226644016682927,-1.5058634938002844,0.10309985197199481,0.3195114459160669,Low,-0.21415204480732397,0.20428199868159858,10,56,0.020881819668450395
Post_58,Twitter,#Dance,Video,Australia,-1.573364917005193,-0.4647518699844465,-1.414544855103789,-1.2104811348644153,Medium,-1.165785694239461,0.0,6,57,0.02087327380404751
Post_59,YouTube,#Challenge,Post,Germany,-0.13881268727723642,1.5456593473492226,1.148329989623853,-1.311929871859378,High,0.31081169445911533,0.0,10,58,0.020864727939644626
Post_60,Twitter,#Music,Live Stream,UK,0.7068289924737726,-1.4584668609716627,-1.5964571514289378,0.10450173486601147,Low,-0.5608983212652041,0.5346372586379744,6,59,0.02085618207524174
Post_61,TikTok,#Music,Reel,USA,-1.1150013917270938,-0.8939196852068029,1.0006531264069929,0.04219022629077561,Low,-0.241519431059032,0.0,6,60,0.020847636210838856
Post_62,YouTube,#Tech,Video,Australia,1.1035565990606961,0.5546810425142218,0.3390662843907335,-0.810357234294221,Medium,0.29673667291785755,0.7436295307749666,5,61,0.020839090346435968
Post_63,TikTok,#Dance,Tweet,India,0.073577282464503,-1.0962058259314436,0.18584981842971812,1.6711810914818013,Low,0.2086005916111447,0.07099632686283841,6,62,0.020830544482033083
Post_64,Instagram,#Gaming,Shorts,Canada,-0.9264687189252748,-0.26936633535501237,0.7505796310994115,-1.7412491646496546,High,-0.5466261469576326,0.0,7,63,0.0208219986176302
Post_65,YouTube,#Fashion,Shorts,Canada,0.3258481886120151,0.7387457032886687,-0.8199837655447624,-1.173444294374191,Low,-0.23220854200456736,0.2820523969831606,8,64,0.020813452753227314
Post_66,TikTok,#Education,Post,Japan,-1.1228343639617053,-1.644492236128583,0.7959974921073927,1.507630884704553,High,-0.11592455581958566,0.0,10,65,0.02080490688882443
Post_67,YouTube,#Viral,Video,Brazil,1.3426530914051602,0.8631228926673291,-0.48230885044451427,-0.3688556915128308,High,0.33865286052878607,0.8512840868498944,6,66,0.020796361024421544
Post_68,Twitter,#Dance,Reel,Japan,-0.9828872243897574,-1.2167793679744932,1.6940324711288393,1.591086298436779,High,0.2713630443003419,0.0,6,67,0.02078781516001866
Post_69,Twitter,#Fitness,Tweet,USA,-1.3105132283999228,0.6258348824718222,0.5850796981839649,-1.7085531258804016,High,-0.45203794340613435,0.0,8,68,0.02077926929561577
Post_70,YouTube,#Fitness,Tweet,Australia,1.1870818069708755,1.1755554547791103,0.11180494199852453,0.20413013565540541,Medium,0.6696430848509789,0.7825681470173912,8,69,0.020770723431212886
Post_71,Twitter,#Dance,Reel,Japan,-1.3765449582086766,-1.3918857118000425,1.4390043000749326,1.3223066563914638,Medium,-0.0017799283855806647,0.0,6,70,0.02076217756681
Post_72,Instagram,#Education,Tweet,Australia,-0.7361975936206822,-1.2661921417405697,1.6376386270439292,0.8140127774518993,Low,0.11231541728364414,0.0,10,71,0.020753631702407117
Post_73,TikTok,#Fashion,Post,Germany,1.2912587616404565,-0.7939648216169002,1.3334077732313763,1.1717088418461468,Medium,0.7506026387752698,0.8291013441210213,8,72,0.020745085838004232
Post_74,TikTok,#Music,Post,India,0.7901445171100661,-0.2403574621415291,0.9845160227609753,-1.204319996937875,High,0.08249577019790927,0.5822963524093824,6,73,0.020736539973601344
Post_75,YouTube,#Gaming,Video,USA,-0.5097917360225221,-0.8728991642300395,-1.705838500023159,-0.3200566786173933,Low,-0.8521465197232785,0.0,7,74,0.02072799410919846
Post_76,Instagram,#Dance,Tweet,India,-0.47808981777721865,-0.7368754699858752,0.6159431991871157,-0.5718931913647229,High,-0.2927288199851753,0.0,6,75,0.020719448244795574
Post_77,Twitter,#Fitness,Shorts,India,-0.6570935506879949,-1.635547775818431,-0.9438850666733535,-0.12192008393433995,Medium,-0.8396116192785299,0.0,8,76,0.02071090238039269
Post_78,Twitter,#Challenge,Video,Australia,-1.2892591561576916,-0.8266318474591675,-0.7287351538832729,1.097005044486847,Medium,-0.4369052782533212,0.0,10,77,0.020702356515989805
Post_79,Instagram,#Challenge,Reel,USA,1.182425604859583,-0.5506561018865194,-1.564733463664272,-1.5019449665483555,Medium,-0.608727231809891,0.7804369210301751,10,78,0.02069381065158692
Post_80,Twitter,#Viral,Shorts,Japan,1.028193278324557,-0.06962981615952432,1.6826091909359226,1.1495147427244055,High,0.9476718489563403,0.7071453860814797,6,79,0.02068526478718403
Post_81,Instagram,#Challenge,Shorts,India,1.2312290442368257,-0.2792045488642424,0.5417262854036192,-0.7387340058981915,Medium,0.18875419371950275,0.8025525745630301,10,80,0.020676718922781147
Post_82,Instagram,#Dance,Live Stream,Australia,-1.513895725477506,0.6059367492334358,-0.9547578273389006,-0.4193350147518702,Low,-0.5705129545837102,0.0,6,81,0.020668173058378262
Post_83,Instagram,#Gaming,Live Stream,Japan,1.4684760752864587,-0.2214154369765749,-1.5376203769413257,0.5439028897178995,Low,0.06333578777161442,0.9036009866651373,7,82,0.020659627193975377
Post_84,Instagram,#Comedy,Shorts,Brazil,0.5626217191967616,-1.3104156042964958,0.9934275576102686,1.260485238333112,High,0.3765297277109116,0.4463649998802772,7,83,0.020651081329572493
Post_85,Twitter,#Fitness,Shorts,Brazil,1.2767522423327209,-1.006657298039332,-1.5916056980939943,-0.8338815791046472,Medium,-0.5388480832263132,0.8227499723484599,8,84,0.020642535465169608
Post_86,TikTok,#Fitness,Shorts,Canada,-1.0872560461073388,-1.3788604713793717,0.9177311225969665,0.5588156440173659,High,-0.24739243771809455,0.0,8,85,0.02063398960076672
Post_87,Twitter,#Gaming,Post,India,-0.4012155440380776,-0.3934386786812741,-0.5621341819130874,-1.4974641389654173,High,-0.7135631358994641,0.0,7,86,0.020625443736363835
Post_88,Twitter,#Challenge,Post,Japan,0.39757768450692005,-1.6159752735905613,-0.4406414037167376,0.25979041578721723,Medium,-0.3498121442532904,0.3347405127003044,10,87,0.02061689787196095
Post_89,YouTube,#Dance,Post,Brazil,1.0779217909689442,-0.42116581281080834,-1.292226297616385,-0.9331599152391241,High,-0.3921575586743433,0.731368255283938,6,88,0.020608352007558065
Post_90,YouTube,#Fitness,Reel,Japan,-0.905139270342758,-0.7907500814279687,1.5417450068702598,1.5656015915588173,Low,0.35286431166458765,0.0,8,89,0.02059980614315518
Post_91,TikTok,#Fitness,Reel,Germany,-0.24132930674215788,-1.5797193783132366,0.554216197180814,1.0582178807220373,High,-0.052153651788135746,0.0,8,90,0.020591260278752296
Post_92,Twitter,#Comedy,Post,India,1.4206155254022457,-1.2782404891296901,1.5853736794142903,1.6965957854287794,Low,0.8560861252789063,0.8840218571670565,7,91,0.020582714414349407
Post_93,Twitter,#Gaming,Post,UK,-1.3622508631326555,-1.2632406776878007,-0.6650469260607175,1.2933913158953152,Low,-0.49928678774646457,0.0,7,92,0.020574168549946523
Post_94,YouTube,#Comedy,Tweet,UK,0.49064074042108485,-0.38455657324547626,0.8565546401180343,-1.4293415571185584,High,-0.11667568745622886,0.39920605465044595,7,93,0.020565622685543638
Post_95,TikTok,#Tech,Video,Germany,-1.6209986526290914,1.3385164547443213,0.47452849559408344,-1.1854865185033376,Medium,-0.24836005519850607,0.0,5,94,0.020557076821140753
Post_96,TikTok,#Music,Reel,India,-0.7859452929698693,0.15752899111309931,-1.211884854090903,0.2417970925244806,High,-0.3996260158557981,0.0,6,95,0.02054853095673787
Post_97,TikTok,#Tech,Live Stream,UK,-1.6459324607561852,-0.5181553557091968,-1.5441577963288382,-0.18010082958155457,Medium,-0.9720866105939436,0.0,5,96,0.020539985092334984
Post_98,TikTok,#Tech,Post,Australia,0.9247097859856058,-1.116443446819092,-1.363105686765204,0.40527728637074545,Medium,-0.28739051530698617,0.654775195847279,5,97,0.020531439227932095
Post_99,Instagram,#Viral,Reel,Germany,-1.047726637543081,0.08199645331195425,-0.3892366428486134,0.1705239287833681,High,-0.296110724574093,0.0,6,98,0.02052289336352921
Post_100,YouTube,#Education,Post,Canada,0.4127564237221137,0.783218585342012,0.7840925073280279,0.2936066614522048,Low,0.5684185444610896,0.3455427064805741,10,99,0.020514347499126326
Post_101,YouTube,#Gaming,Tweet,Germany,0.15750198497819726,-1.732953017879181,1.0803408279937237,-0.9114559066342667,High,-0.35164152788538167,0.14626422186075339,7,100,0.02050580163472344
Post_102,TikTok,#Music,Live Stream,UK,-0.16746460469879265,-1.420381889379946,1.1201502713166283,-1.3427355614920788,Medium,-0.4526079460635473,0.0,6,101,0.020497255770320556
Post_103,Twitter,#Viral,Shorts,Germany,0.5599931406391577,0.7001965342989813,0.16114525463901322,-1.366609970957422,Medium,0.01368123965493262,0.4446814242255978,6,102,0.020488709905917668
Post_104,Instagram,#Music,Tweet,India,0.7502896198036648,-0.07170831197133348,0.49912983697340657,0.4220803898067641,Medium,0.3999478836531255,0.5597812712729655,6,103,0.020480164041514783
Post_105,Instagram,#Fitness,Post,Japan,-1.6997395186494924,-1.6627414293562675,-0.5807486234322675,0.389874441554395,Medium,-0.888338782470908,0.0,8,104,0.0204716181771119
Post_106,Twitter,#Fitness,Live Stream,USA,0.9817319874118321,0.3564202553451183,-0.04485227100854998,0.3858136915573572,Low,0.4197784158264394,0.6839712034604827,8,105,0.020463072312709014
Post_107,YouTube,#Music,Tweet,UK,0.1755929918862523,-1.3282213850843279,0.8603394618686994,0.2135118684071825,High,-0.019694265730548444,0.16177269423680307,6,106,0.02045452644830613
Post_108,TikTok,#Challenge,Reel,Germany,1.4812756631064488,0.9114132786950286,-0.1716782071262914,1.6533978070120148,Medium,0.9686021354218002,0.9087728082135591,10,107,0.020445980583903244
Post_109,Instagram,#Fitness,Video,USA,1.6102754171110663,1.3946843398987776,-0.19466239739396674,-0.07130073483333375,High,0.6847491561956358,0.9594557395647012,8,108,0.020437434719500356
Post_110,Twitter,#Dance,Video,USA,0.9420141379968597,-0.4384519696456879,-1.5779115248506788,0.12018463140629554,Medium,-0.23854118127330287,0.6637256499646002,6,109,0.02042888885509747
Post_111,Twitter,#Viral,Tweet,Australia,0.01596440462621868,1.1558513144831593,0.03858584485838516,0.6802880792735841,High,0.4726724108103368,0.015838313725842726,6,110,0.020420342990694586
Post_112,Instagram,#Dance,Video,Brazil,-0.34263716380467757,0.4073226177763247,1.28943502598274,1.0732006479524874,Medium,0.6068302819767186,0.0,6,111,0.0204117971262917
Post_113,TikTok,#Education,Shorts,Australia,-0.747643148273356,-0.07088384196598252,0.21537142808490592,-0.7028873852346851,High,-0.3265107368472794,0.0,10,112,0.020403251261888817
Post_114,YouTube,#Fashion,Live Stream,Brazil,-1.227343659768001,-1.622016768083553,0.40894785689619545,-1.0047131307041701,Low,-0.8612814254148822,0.0,8,113,0.020394705397485932
Post_115,Instagram,#Education,Tweet,Canada,-0.6129552215349875,0.7847913138396143,-1.1634735431528505,-1.1159636780368103,High,-0.5269002822212585,0.0,10,114,0.020386159533083044
Post_116,TikTok,#Tech,Post,Australia,1.443737560404651,1.331220934444871,1.6454835303089441,-0.4796161483285871,High,0.9852064692074697,0.8935286543670845,5,115,0.02037761366868016
Post_117,Twitter,#Viral,Shorts,USA,0.0009206575840823779,-0.26044266000297833,-1.1600672035772517,-0.5093016310655535,Low,-0.4822227092654253,0.0009202340388289788,6,116,0.020369067804277274
Post_118,TikTok,#Dance,Video,Germany,-0.4491768241224906,0.2608510179181329,0.917696715126506,0.15246059258964806,High,0.2204578753779491,0.0,6,117,0.02036052193987439
Post_119,YouTube,#Tech,Shorts,India,0.29231188433993743,1.1426736510362892,0.2196035469515587,-1.5552248070267314,Low,0.02484106882526349,0.2564327727768907,5,118,0.020351976075471505
Post_120,TikTok,#Viral,Video,Germany,-0.49436151392655675,0.7605214110770561,-0.6887192657376047,-0.8141379325673253,Low,-0.30917432528860767,0.0,6,119,0.02034343021106862
Post_121,Instagram,#Comedy,Shorts,Australia,-0.006682074192928749,-1.038347430850049,1.015310708823205,0.7976297516017812,High,0.19197773884550207,0.0,7,120,0.020334884346665732
Post_122,YouTube,#Comedy,Live Stream,India,1.6672606156066068,-1.587513737607521,-0.40564900625831574,1.231359859044013,Medium,0.22636443269619572,0.98105195906337,7,121,0.020326338482262847
Post_123,TikTok,#Challenge,Video,UK,0.9799722924858867,0.21862291134154335,-0.6827667733479222,1.3364492684501128,Low,0.4630694247324052,0.6830828509145346,10,122,0.020317792617859962
Post_124,Instagram,#Music,Post,USA,1.4746308960905248,-1.5942965622733916,-0.6522817545198379,-0.35779364841745187,Medium,-0.28243526728003915,0.9060912520065207,6,123,0.020309246753457078
Post_125,YouTube,#Fitness,Video,USA,0.9647031016623501,-1.6025828322431375,-0.6832828854048312,0.03322857112489899,Low,-0.32198351121517993,0.6753411406038787,8,124,0.020300700889054193
Post_126,Instagram,#Fashion,Video,Japan,-1.0497385005892554,0.47047424885845984,0.6392370566889364,0.9450769842528448,Low,0.2512624473027464,0.0,8,125,0.020292155024651308
Post_127,TikTok,#Education,Video,Germany,0.9353111256270785,0.17839016074429062,1.0762119315384526,1.5470481648482135,Medium,0.9342403456895088,0.6602681019944364,10,126,0.02028360916024842
Post_128,Twitter,#Challenge,Shorts,UK,0.9203838692926566,-0.7712052924775898,1.218452414422539,1.1051965574119063,Medium,0.618206887162378,0.6525250979792254,10,127,0.020275063295845535
Post_129,Instagram,#Comedy,Post,UK,-1.0035869379111593,1.3695414688952594,1.262459569141636,0.7082932516669486,High,0.5841768379481712,0.0,7,128,0.02026651743144265
Post_130,Twitter,#Fashion,Post,Germany,-1.106457826175424,-0.13292001362911338,-1.4801599012721374,-0.09391491154097553,Low,-0.7033631631544125,0.0,8,129,0.020257971567039765
Post_131,TikTok,#Comedy,Live Stream,USA,1.5997124508791936,-0.8288904795746668,-0.232235355136933,-1.0847379108182091,Low,-0.13653782366265382,0.9554008430955734,7,130,0.02024942570263688
Post_132,YouTube,#Education,Video,India,0.6806542156897915,-0.9988698670644203,1.1330874802098108,1.42998654424395,High,0.561214593269783,0.5191831317142411,10,131,0.020240879838233992
Post_133,TikTok,#Dance,Tweet,India,0.6337214800305514,0.41438950353647586,1.0996434189221156,-1.1941681219452804,High,0.2383965701359656,0.4908605290513921,6,132,0.020232333973831108
Post_134,YouTube,#Challenge,Reel,Brazil,-0.792827152837965,0.46205634082063274,0.7635512474630546,0.5532846224696765,High,0.2465162644788497,0.0,10,133,0.020223788109428223
Post_135,TikTok,#Education,Live Stream,Canada,-1.2239921535831104,-0.8143687221694934,-0.15351106272309892,1.4719242899030134,High,-0.17998691214317236,0.0,10,134,0.020215242245025338
Post_136,TikTok,#Fitness,Shorts,Australia,-0.44033929084370627,0.6548091140884419,-1.2815255743031408,1.3290979106968548,Low,0.06551053990961242,0.0,8,135,0.020206696380622453
Post_137,Instagram,#Fashion,Tweet,Canada,-0.723488457409035,-0.19442270470054657,1.183976129021026,1.2522237124770694,Low,0.3795721698471285,0.0,8,136,0.02019815051621957
Post_138,Instagram,#Fashion,Live Stream,Brazil,1.0507068206890187,-1.184590396168942,-0.21895407153914456,-0.7205306438425046,Medium,-0.2683420727153931,0.7181845243037133,8,137,0.02018960465181668
Post_139,Instagram,#Music,Video,India,0.6817053730170501,1.3327936629424735,-1.054333046851853,-0.19830419163724144,Low,0.1904654493676073,0.5198083815328708,6,138,0.020181058787413796
Post_140,TikTok,#Fitness,Video,USA,-0.9627500924626708,-0.7001553773105799,-0.17659847540215604,0.052062049559436566,Medium,-0.4468604739039926,0.0,8,139,0.02017251292301091
Post_141,TikTok,#Fashion,Live Stream,Germany,-1.2416679053801363,1.5835572543178764,0.738984313554192,-0.47408512678089765,High,0.15169713392775863,0.0,8,140,0.020163967058608026
Post_142,YouTube,#Tech,Live Stream,Brazil,1.6138969076420715,-1.1406232814298054,-1.1587253122292887,-0.7129692472962963,Low,-0.3496052333283297,0.9608421758788136,5,141,0.02015542119420514
Post_143,Instagram,#Challenge,Tweet,USA,1.2262350190731612,-0.9947267320795473,1.181361161266021,-1.4107881304079544,Low,0.0005203294629201327,0.8003118263787276,10,142,0.020146875329802257
Post_144,Twitter,#Comedy,Shorts,India,-1.6747145736745987,-1.252411714508275,-1.7287194678794526,0.010334342693323572,Low,-1.1613778533422505,0.0,7,143,0.02013832946539937
Post_145,Twitter,#Viral,Post,USA,0.9910539849868172,-1.172070923062478,0.6274008868504928,-0.6295138335640703,Low,-0.04578247119730958,0.6886641392231653,6,144,0.020129783600996484
Post_146,Instagram,#Education,Reel,Canada,-1.0481206502309388,-0.3921153696810889,0.8777152344512983,0.7078031611500647,High,0.03632059392233383,0.0,10,145,0.0201212377365936
Post_147,TikTok,#Tech,Shorts,UK,-1.272655804111096,0.7764773305923777,-1.137633532836946,-1.170083673686987,Low,-0.7009739200106628,0.0,5,146,0.020112691872190714
Post_148,TikTok,#Comedy,Reel,India,1.1546686101690566,-1.0887855958832848,0.7508204833926356,-1.2294546391609198,Low,-0.10318778537062809,0.7676369345470553,7,147,0.02010414600778783
Post_149,Instagram,#Gaming,Video,Brazil,-0.8230468981374663,-1.082002771217414,-1.6103921769654774,1.399670945128133,Low,-0.5289427252980562,0.0,7,148,0.020095600143384944
Post_150,Instagram,#Viral,Reel,UK,1.1028316157150377,-1.2163775254508766,-1.544020166446996,-1.4588170010625743,Low,-0.7790957693113523,0.7432848249057886,6,149,0.020087054278982056
Post_151,Twitter,#Education,Reel,Germany,0.7097097391516054,-1.268630910159759,-0.4195496243243948,-1.6809680310729376,High,-0.6648597066013715,0.5363236129203677,10,150,0.02007850841457917
Post_152,Instagram,#Fashion,Reel,USA,1.4383885812021862,-1.505281514972978,-0.5909676421590633,-0.9708268721081992,Low,-0.40717186200951355,0.8913374035932976,8,151,0.020069962550176287
Post_153,TikTok,#Challenge,Shorts,Brazil,0.5191460165988123,1.7120221521264283,1.5680667217726125,-1.0446205013647145,Medium,0.6886535972832848,0.4181483457869132,10,152,0.020061416685773402
Post_154,Instagram,#Tech,Shorts,Canada,-1.6808824140283505,0.4688045238896398,-1.5131910729143057,-0.12822124772284696,Low,-0.7133725526939658,0.0,5,153,0.020052870821370517
Post_155,Twitter,#Dance,Shorts,Canada,-0.25105011368120067,-0.39851020846208846,-1.2270929560344845,0.528850109556466,Medium,-0.33695079215532686,0.0,6,154,0.020044324956967632
Post_156,YouTube,#Education,Shorts,Australia,1.5562134501397014,-0.5157443005674981,-0.021868080740874655,1.4947485054036054,Medium,0.6283373935587335,0.9385270424728964,10,155,0.020035779092564744
Post_157,Twitter,#Fitness,Reel,India,-0.26024260099878554,1.462339378573166,-1.2426451326826722,0.8586810274193156,Low,0.20453316807775598,0.0,8,156,0.02002723322816186
Post_158,YouTube,#Fashion,Reel,Canada,1.3000421610021264,0.9755487311280868,-1.2417849459211574,0.176124963262041,High,0.30248272736777426,0.8329274536375854,8,157,0.020018687363758975
Post_159,TikTok,#Gaming,Post,India,-0.8548817528374558,1.5247288945243045,-1.220486721706051,1.0939944884545605,High,0.1358387271088395,0.0,7,158,0.02001014149935609
Post_160,Twitter,#Music,Tweet,Germany,1.4129024700726345,-1.7347682375548277,-0.9414765437411121,-0.859576324775559,Medium,-0.5307296589997161,0.8808303672900447,6,159,0.020001595634953205
Post_161,Twitter,#Gaming,Tweet,India,-1.4346464117799045,-1.3503712221188409,0.3226539209810312,1.7119986302451298,Medium,-0.18759127066814607,0.0,7,160,0.019993049770550317
Post_162,Instagram,#Challenge,Video,Brazil,0.4849984787309623,0.5815698499996597,0.016048951706697526,-0.57224325601964,High,0.12759350610441988,0.3954137478305438,10,161,0.019984503906147432
Post_163,TikTok,#Gaming,Video,Germany,-1.6388518814455175,-0.9964657402420943,1.513737325915338,0.11619389434024112,Medium,-0.25134660035800815,0.0,7,162,0.019975958041744547
Post_164,Twitter,#Comedy,Tweet,Australia,1.205913557732103,1.363555400957249,-0.3831809280475493,0.5675672603902924,Low,0.6884638227580238,0.7911417349919796,7,163,0.019967412177341663
Post_165,TikTok,#Fitness,Live Stream,Australia,-0.6455945473576639,-1.4131279389967322,-1.4834974259068148,0.042610303876676074,Low,-0.8749024020961337,0.0,8,164,0.019958866312938778
Post_166,YouTube,#Challenge,Post,Germany,0.7490191858501202,1.2392821363691793,1.5795932243769109,1.2428419797252923,Medium,1.2026841315803756,0.5590551655875744,10,165,0.019950320448535893
Post_167,Instagram,#Fashion,Video,USA,-0.1654671316812183,-1.3164432421507426,-1.284725469055976,0.288355691628449,High,-0.6195700378148721,0.0,8,166,0.019941774584133008
Post_168,YouTube,#Challenge,Video,Australia,0.03647088062070584,0.9098059086005629,0.9680348444103518,0.3951254113781508,Medium,0.5773592612524429,0.035821558548939855,10,167,0.01993322871973012
Post_169,YouTube,#Viral,Reel,USA,0.309886220697306,-0.19517789151217055,1.134842261203301,-0.9825190315824289,Low,0.06675788970150184,0.2699402790114584,6,168,0.019924682855327235
Post_170,Twitter,#Education,Video,India,1.3466336474117089,0.7262054452240867,0.06432263276290784,0.6279184068979927,Low,0.6912700330741741,0.8529818106976104,10,169,0.01991613699092435
Post_171,Instagram,#Music,Live Stream,Australia,-0.5916696282777277,1.2722955781800813,0.7302104085867411,1.740633919017345,High,0.78786756937661,0.0,6,170,0.019907591126521466
Post_172,Instagram,#Education,Live Stream,USA,1.5182875019051603,0.9566482758793687,0.1691277877858705,-0.5663621698170335,Medium,0.5194253489383415,0.9235791077798664,10,171,0.01989904526211858
Post_173,Instagram,#Fitness,Tweet,Australia,-0.14984778349508115,0.14093566621548947,0.7462442898213769,0.15106033396997984,High,0.22209812662794126,0.0,8,172,0.019890499397715693
Post_174,TikTok,#Tech,Tweet,Brazil,0.19889318914751497,0.8485803503040377,-0.9469817390148068,-0.6670407645711787,High,-0.1416372410336082,0.18139878879742213,5,173,0.019881953533312808
Post_175,Twitter,#Music,Tweet,USA,0.8086699658339502,-1.6039269262014408,1.6183704435859978,-0.04049504520063287,Medium,0.19565460950446859,0.5925917496550335,6,174,0.019873407668909923
Post_176,YouTube,#Music,Post,UK,-0.2519196825523162,-1.4909814637877308,0.026095933081190334,1.3544425917128495,Medium,-0.0905906553865018,0.0,6,175,0.01986486180450704
Post_177,YouTube,#Fitness,Shorts,USA,-0.6135321931579026,0.19943146667917205,0.26178710573624425,-1.4285014019467575,High,-0.3952037556723109,0.0,8,176,0.019856315940104154
Post_178,Twitter,#Fashion,Video,Australia,0.6647813289045111,-0.9434502404022153,0.43458142238933634,0.9080401437626203,Medium,0.26598816366356315,0.5096937808160588,8,177,0.01984777007570127
Post_179,Twitter,#Fitness,Reel,UK,-0.6679552813231823,1.6937106040243894,-1.283693244942158,1.6956156043950117,Low,0.3594194205385152,0.0,8,178,0.01983922421129838
Post_180,Instagram,#Fitness,Tweet,Canada,1.6408377821391396,1.128948650358976,-1.3276659921907945,-0.06899030811088118,High,0.34328253304910994,0.9710962085353626,8,179,0.019830678346895496
Post_181,Twitter,#Viral,Shorts,USA,0.8346172431181597,0.3532817266692864,0.4570150931296422,1.7548465440069774,Low,0.8499401517310163,0.6068358728926809,6,180,0.01982213248249261
Post_182,Instagram,#Tech,Reel,UK,1.0340294627810513,-1.5881372863510639,-1.273164558981217,-0.804896225677515,Low,-0.6580421520571862,0.7100187826645527,5,181,0.019813586618089726
Post_183,Instagram,#Dance,Video,Germany,-1.2418693657805366,-0.37304170644805346,1.6632721925370701,-0.3857288078798329,High,-0.08434192189283818,0.0,6,182,0.01980504075368684
Post_184,Instagram,#Gaming,Shorts,Germany,1.5010043923170777,-0.8942661011754377,1.1128902950494435,1.2054550745801509,Low,0.7312709151928085,0.9166924081182812,7,183,0.019796494889283957
Post_185,Instagram,#Tech,Video,UK,0.9749419496309937,0.2823218796541216,0.7534354511476407,0.9327547083997645,High,0.7358634972081302,0.6805390053292125,5,184,0.01978794902488107
Post_186,TikTok,#Dance,Reel,UK,-1.1616038419679906,0.5227207052479695,1.2657970937763134,-0.2239989373081533,Medium,0.10072875493703477,0.0,6,185,0.019779403160478184
Post_187,Twitter,#Gaming,Video,Australia,-1.2375352262141017,-0.054512223288298994,0.9823827595924186,-0.8968932169897171,High,-0.30163947672492486,0.0,7,186,0.0197708572960753
Post_188,Twitter,#Challenge,Reel,Japan,-0.6672974514443242,-0.258024676541907,-1.7354977395601892,-0.9781782298614574,Medium,-0.9097495243519695,0.0,10,187,0.019762311431672414
Post_189,TikTok,#Fashion,Post,Australia,-1.368707189297865,-1.0036157658347178,0.49393430893385726,1.3520621520594136,High,-0.131581623534828,0.0,8,188,0.01975376556726953
Post_190,TikTok,#Education,Reel,India,-1.3803781877319392,0.5947682984046478,1.6848112690454005,0.11451358399663925,Medium,0.25342874092868706,0.0,10,189,0.01974521970286664
Post_191,YouTube,#Education,Reel,USA,1.183869404395785,0.27538663196205165,0.37488446114020957,1.358573354640871,Low,0.7981784630347293,0.7810982595726988,10,190,0.019736673838463756
Post_192,Twitter,#Education,Live Stream,Brazil,1.3232861686279034,0.5048525695857834,-0.5807486234322675,-0.18199117871810666,High,0.2663497340158282,0.8429826354511656,10,191,0.01972812797406087
Post_193,Instagram,#Comedy,Shorts,UK,1.1942994341729718,0.056763514156590984,1.2308735112588127,-0.6104703163365824,Low,0.46786653581294824,0.7858628311974523,7,192,0.019719582109657987
Post_194,TikTok,#Education,Reel,India,-0.004004158394410544,-0.5113240328077173,1.239200119110276,1.0573777255502363,Low,0.4453124133645961,0.0,10,193,0.019711036245255102
Post_195,YouTube,#Dance,Live Stream,UK,0.21582888233082548,0.7465677758604439,0.9669682128260735,0.20539036841310682,Medium,0.5336888098576124,0.1954260518743251,6,194,0.019702490380852217
Post_196,YouTube,#Music,Shorts,Brazil,-1.4046137368522034,1.0209777212548627,-1.47100751412962,-0.402951988901752,High,-0.5643988796571782,0.0,6,195,0.019693944516449333
Post_197,Instagram,#Fashion,Reel,India,-1.0871265358499387,-1.4459751011426896,-1.558677748863208,1.6150307208331056,Low,-0.6191871662556826,0.0,8,196,0.019685398652046444
Post_198,TikTok,#Dance,Post,Canada,-0.03690113425297297,-0.36118735200136853,0.10695348866358109,-1.0172454453502007,Medium,-0.3270951107352403,0.0,6,197,0.01967685278764356
Post_199,TikTok,#Comedy,Shorts,USA,1.0195914674190303,-0.8283500706635964,0.46699325956321386,-0.19032271750513258,Medium,0.11697798470337877,0.7028952471071025,7,198,0.019668306923240675
Post_200,Twitter,#Fashion,Reel,Brazil,0.8967437932606506,1.4271573727986095,1.1346014089100769,-0.38362841995033053,High,0.7687185387547516,0.6401386229284133,8,199,0.01965976105883779
Post_201,YouTube,#Dance,Shorts,Australia,0.38064199132360954,1.3141218422330545,-0.1388878877773474,0.8415978722593632,Low,0.59936845450967,0.32254860209604136,6,200,0.019651215194434905
Post_202,YouTube,#Fashion,Video,Germany,0.4746952182533472,0.422738128380576,0.5528054908919298,-1.2251138374399482,Medium,0.056281250021476215,0.3884513367478677,8,201,0.019642669330032017
Post_203,YouTube,#Gaming,Live Stream,Australia,-1.1537859450014363,-1.2028188044385082,1.2755344079166608,1.152525298756692,High,0.017863739308352056,0.0,7,202,0.019634123465629132
Post_204,Twitter,#Dance,Post,UK,1.3466034968755947,-1.7356689190732784,0.12973123410849288,1.5952870742957836,High,0.3339882215516482,0.852968962194461,6,203,0.019625577601226248
Post_205,Instagram,#Viral,Post,USA,-1.2011661420261912,-0.17403958910607134,0.26601922460289706,1.4939783631627879,High,0.09619796415835563,0.0,6,204,0.019617031736823363
Post_206,Twitter,#Fashion,Tweet,USA,0.3090851757719048,0.8110704292202549,0.5563838678198313,-1.476460259670394,Medium,0.050019803285399234,0.26932855415531,8,205,0.019608485872420478
Post_207,Twitter,#Music,Post,Canada,-0.1313771539277684,-0.6786013757421189,0.06772897233850643,1.1460140961752348,High,0.10094113471096347,0.0,6,206,0.019599940008017593
Post_208,YouTube,#Fashion,Shorts,Australia,-1.387112035877292,0.30358489180892934,-0.7338962744523617,-1.078786811684619,Medium,-0.7240525575513359,0.0,8,207,0.019591394143614705
Post_209,Twitter,#Comedy,Live Stream,UK,-0.028757748544275343,0.47506079628318537,1.419151189619171,-1.5333807725599071,Low,0.0830183661995435,0.0,7,208,0.01958284827921182
Post_210,TikTok,#Tech,Live Stream,UK,0.10818050457135364,-0.2916824520544701,-1.6650656475273578,-0.8819804626902505,Low,-0.6826370144251812,0.10271948531961075,5,209,0.019574302414808935
Post_211,TikTok,#Fitness,Shorts,India,-0.6260467213637209,0.33340437838901815,-0.5177829524893846,-1.6089247250910077,High,-0.6048375051387738,0.0,8,210,0.01956575655040605
Post_212,Instagram,#Dance,Tweet,India,1.5559962292317868,-1.3783131341489288,0.5318169339109687,1.5850651863722056,Medium,0.5736413038415081,0.938442061252771,6,211,0.019557210686003166
Post_213,Twitter,#Comedy,Tweet,Japan,1.2622649097297856,0.3046864945891882,-1.6576680413783307,-0.17344960113813052,Medium,-0.06604155954937184,0.8163664838914543,7,212,0.01954866482160028
Post_214,Instagram,#Viral,Shorts,Japan,1.2486574245898228,-0.43811941031579843,-0.5377392853565277,0.9900252859441947,Medium,0.31570600371542284,0.8103333379376237,6,213,0.019540118957197393
Post_215,Twitter,#Gaming,Tweet,Japan,-0.6696985305021562,0.14281324076549043,-0.07034820661984852,0.835086669677906,Medium,0.059463293330347916,0.0,7,214,0.019531573092794508
Post_216,TikTok,#Fitness,Post,USA,1.3729502687633188,1.449819905466702,1.5867843857031745,1.5924165441254639,Medium,1.5004927760146647,0.864134020117849,8,215,0.019523027228391623
Post_217,YouTube,#Dance,Live Stream,UK,-0.8863075195815304,0.8988522356723286,-1.6496855082314732,1.0749509712270726,Medium,-0.14054745522840056,0.0,6,216,0.01951448136398874
Post_218,YouTube,#Viral,Tweet,USA,0.42556697537341814,-1.1798167841211535,-1.2233769492247406,-1.6105350225036261,Low,-0.8970404451190255,0.35456961204339876,6,217,0.019505935499585854
Post_219,Twitter,#Dance,Tweet,India,-1.6473831126869587,1.3780494450849317,-0.34209840831760263,-0.3531727949725467,Medium,-0.2411512177230441,0.0,6,218,0.019497389635182966
Post_220,TikTok,#Dance,Tweet,Japan,-0.21669905969457898,1.5743079479553257,1.2265381699807782,-0.544658161212176,Medium,0.5098722242573372,0.0,6,219,0.01948884377078008
Post_221,Twitter,#Viral,Shorts,India,-1.4989993049186559,1.060898697480344,-0.6143647220722658,0.7315375447534411,Medium,-0.08023194618928414,0.0,6,220,0.019480297906377196
Post_222,Instagram,#Music,Reel,UK,1.3217210817077867,-0.362801650415207,1.5446696418594101,0.5018951311278528,Low,0.7513710510699607,0.8423087562105117,6,221,0.01947175204197431
Post_223,Instagram,#Tech,Post,UK,1.2559195923566333,0.3412818775157749,-1.67390836743573,-1.6377700526561731,Medium,-0.42861923755487374,0.813557691314743,5,222,0.019463206177571427
Post_224,YouTube,#Music,Live Stream,Germany,1.53376706124204,-1.1564960611126547,-0.9928468971387757,0.8033708119424209,Medium,0.046948728733257616,0.9297071523547086,6,223,0.019454660313168542
Post_225,YouTube,#Gaming,Video,Japan,0.011471974745183534,0.6736541427821784,-1.1200169079611229,1.5428473889892087,High,0.27698914963886195,0.011406670613239673,7,224,0.019446114448765657
Post_226,Instagram,#Education,Video,USA,0.14842667360778397,0.006547055343281568,-0.9411324690365062,-1.3455360787314152,Low,-0.5329237047042139,0.13839289575207422,10,225,0.01943756858436277
Post_227,TikTok,#Fitness,Shorts,Australia,1.0982535309018597,0.7869668061226412,0.2701481210581681,1.6277730742720864,Medium,0.9457853830886889,0.7411053467635421,8,226,0.019429022719959884
Post_228,YouTube,#Gaming,Live Stream,UK,-1.0647815623919346,-0.8296387380669181,-1.684609090748974,-0.8929024799236627,Low,-1.1179829677828723,0.0,7,227,0.019420476855557
Post_229,Twitter,#Viral,Shorts,USA,-0.21236834632542978,0.5175660356346828,-0.14914131397460376,-1.6093448026769082,High,-0.3633221068355647,0.0,6,228,0.019411930991154114
Post_230,Instagram,#Challenge,Shorts,Australia,-0.6821931867637173,-0.3159662114557738,-1.159034979463434,0.6984914413292711,Medium,-0.3646757340884136,0.0,10,229,0.01940338512675123
Post_231,Instagram,#Dance,Video,Germany,1.237875181731664,1.2296102025248938,-1.097342384927593,-0.8919923118208783,Low,0.11953767187702169,0.8055268360965421,6,230,0.01939483926234834
Post_232,YouTube,#Challenge,Reel,Japan,0.5296822584918562,-0.8143895071276116,1.0823364612804378,-0.19662388129363959,Low,0.1502513328377607,0.42506003964874456,10,231,0.019386293397945457
Post_233,TikTok,#Fitness,Post,Canada,-0.2728564889258897,-1.2001998997156287,-0.23815344005615477,-0.6218824240868784,Low,-0.5832730631961379,0.0,8,232,0.019377747533542572
Post_234,YouTube,#Education,Shorts,USA,-0.7050013820947507,-0.6436133629099979,-1.4351549299096833,0.6036939327777324,High,-0.5450189355341748,0.0,10,233,0.019369201669139687
Post_235,YouTube,#Viral,Reel,Japan,-0.533459221632814,0.521016338682286,0.6577138683262742,-0.3958106699414441,Low,0.062365078858575534,0.0,6,234,0.019360655804736802
Post_236,Instagram,#Fitness,Reel,Brazil,1.5175453875730733,-0.8157336010859149,-0.051320875455141246,-1.4789107122548133,Medium,-0.20710495030569903,0.9232843742755003,8,235,0.019352109940333918
Post_237,YouTube,#Challenge,Tweet,UK,-0.9610013613680397,-0.368475943981446,-1.54543087273588,0.4498755234071783,Medium,-0.6062581636695468,0.0,10,236,0.019343564075931033
Post_238,TikTok,#Dance,Reel,UK,-0.9477303288015345,0.10244192378078373,-0.9720303775101177,1.0134096048926542,Low,-0.20097729440955353,0.0,6,237,0.019335018211528145
Post_239,YouTube,#Comedy,Post,Japan,-1.113302683112834,-0.8874139933158401,0.31642616882766406,1.5473282165721471,Low,-0.034240572757215704,0.0,7,238,0.01932647234712526
Post_240,Twitter,#Gaming,Video,Japan,0.03918237315262409,0.923122138434887,-0.4898096790049233,-0.4140840449281144,High,0.014602696913618346,0.03843422429104415,7,239,0.019317926482722375
Post_241,YouTube,#Viral,Shorts,India,-1.0782506291615543,1.0335872625131717,0.262819329850062,0.13453728225789482,High,0.08817331136489354,0.0,6,240,0.01930938061831949
Post_242,YouTube,#Viral,Shorts,Japan,0.24180836586952062,-1.357188688381575,-0.8011628792028187,0.3368046398689694,Medium,-0.39493464046147586,0.21656867681557498,6,241,0.019300834753916606
Post_243,Instagram,#Fashion,Shorts,UK,0.21076016606633233,-0.9665146155939243,0.3466015204216031,0.7543617602540331,Medium,0.08630220778701106,0.1912483987692195,8,242,0.019292288889513717
Post_244,TikTok,#Dance,Video,Canada,-0.6426171819163737,-1.3539323782764072,-1.3043033197480527,-0.3090646484529978,Low,-0.9024793820984579,0.0,6,243,0.019283743025110833
Post_245,TikTok,#Viral,Post,Brazil,-0.45611829982335794,-0.8645990376215482,1.0893899927248591,1.6613792811441237,Low,0.35751298410601917,0.0,6,244,0.019275197160707948
Post_246,YouTube,#Dance,Post,UK,1.0241921651342942,-0.2782345841520648,-1.5729568491043535,0.6265181482783245,Medium,-0.05012027996094989,0.7051706901665633,6,245,0.019266651296305063
Post_247,TikTok,#Fashion,Video,Canada,0.5459930132902515,-0.00963057039196643,-0.31780673417242483,-0.32467753206229844,High,-0.026530455834109554,0.4356664309378462,8,246,0.01925810543190218
Post_248,YouTube,#Viral,Tweet,USA,0.8286248240654366,1.3709409894085443,0.14039754995127635,0.1135334029628715,Medium,0.6133741915970321,0.6035642221047128,6,247,0.01924955956749929
Post_249,TikTok,#Education,Post,Canada,-1.3621542443691983,0.3621084055501027,1.6652678258237843,0.8412478076044462,Medium,0.37661744865228375,0.0,10,248,0.019241013703096405
Post_250,YouTube,#Fitness,Post,Canada,-1.186652085084427,1.0765636275820123,1.0086356595538502,-0.7773811438010344,Medium,0.030291514562600236,0.0,8,249,0.01923246783869352
Post_251,Twitter,#Dance,Post,Brazil,0.5198716851839276,1.1710451188674844,-1.5383085263505376,-1.5562049880604991,High,-0.3508991775899062,0.4186259136526624,6,250,0.019223921974290636
Post_252,Instagram,#Fashion,Tweet,Germany,1.0871451140621007,-0.3309452379395452,-0.9579921295621961,-0.08369302361739751,Medium,-0.07137131926425955,0.7357971580506325,8,251,0.01921537610988775
Post_253,TikTok,#Comedy,Tweet,Germany,-0.7153587764894802,1.0949306022390326,1.4266176107091195,-1.1041314927006138,Medium,0.17551448593951452,0.0,7,252,0.019206830245484866
Post_254,Twitter,#Gaming,Post,UK,0.01269444193672818,1.1605833566147115,-1.596422743958477,-0.4328475104316685,Low,-0.2139981139596765,0.012614542979955127,7,253,0.01919828438108198
Post_255,TikTok,#Fitness,Video,Japan,0.8360480231046761,0.27840737920854763,-0.7844064410885104,0.21953298047175587,High,0.13739548542411725,0.6076154482313226,8,254,0.019189738516679093
Post_256,Twitter,#Challenge,Tweet,USA,-0.14881238667533678,0.5928075840221746,0.19025397464867388,-0.780881790350205,Medium,-0.03665815458867333,0.0,10,255,0.01918119265227621
Post_257,YouTube,#Challenge,Shorts,Australia,-1.4742183051905051,1.6776854013153408,-1.59484000031729,0.7588425878369713,Low,-0.15813257908887074,0.0,10,256,0.019172646787873324
Post_258,Instagram,#Fitness,Post,Australia,0.20135593975649,-0.3680671731384569,1.5907756522766032,1.440698522684412,Medium,0.7161907353947621,0.18345086867825205,8,257,0.01916410092347044
Post_259,Instagram,#Comedy,Tweet,USA,-1.0969282010449244,-1.2617580173420435,0.5346727539591979,1.295071626238917,Medium,-0.13223545954721322,0.0,7,258,0.019155555059067554
Post_260,YouTube,#Dance,Post,Japan,-0.296102552270038,0.9036812742750986,-0.5787873976160138,0.041140032326024444,High,0.0174828391787678,0.0,6,259,0.019147009194664666
Post_261,Twitter,#Music,Reel,Canada,0.9108741161064141,-1.5190550138858998,0.47920791157672393,1.3697754235982167,High,0.31020060934886373,0.6475607897793488,6,260,0.01913846333026178
Post_262,Twitter,#Fitness,Live Stream,USA,1.2580801523650078,-0.918972488058476,-1.0798977974040729,0.20251983824278696,High,-0.13456757371368852,0.8145149621590269,8,261,0.019129917465858896
Post_263,YouTube,#Fitness,Video,Canada,0.15071811435247304,-1.143540103885711,1.214839630024177,0.8003602559101342,High,0.25559447410026837,0.14038619475211309,8,262,0.01912137160145601
Post_264,Instagram,#Music,Tweet,Canada,1.435373527590753,1.365751678198394,0.08355640875037866,0.5551749716062286,Medium,0.8599641465364387,0.8901001441913188,6,263,0.019112825737053127
Post_265,Instagram,#Tech,Video,Canada,-1.376356517357962,0.09508404860697929,-1.2412000189233272,0.6692260361782052,Low,-0.46331161287402617,0.0,5,264,0.019104279872650242
Post_266,YouTube,#Education,Post,UK,0.13340622470719055,1.5317057121326105,-1.6439050531940937,-0.7276719628028125,Low,-0.1766162697892763,0.12522745680393535,10,265,0.019095734008247357
Post_267,YouTube,#Comedy,Post,Brazil,-0.052458125648510025,-0.6733012114220055,1.64001274250571,-0.4792660836736701,Medium,0.10874683044038111,0.0,7,266,0.01908718814384447
Post_268,TikTok,#Comedy,Tweet,Japan,-0.6041827860046318,1.642600392012002,0.8453378047478813,-0.9024242385374066,Low,0.2453327930544612,0.0,7,267,0.019078642279441584
Post_269,Instagram,#Dance,Shorts,Japan,-1.5428902626276342,0.7943523945739365,-1.0256028090172589,-0.15482616149654316,Medium,-0.48224170964187496,0.0,6,268,0.0190700964150387
Post_270,Twitter,#Dance,Live Stream,UK,1.0604166637967471,0.5196999580014735,0.6365532739930102,1.5974574751562693,High,0.9535318427368751,0.7229082263278924,6,269,0.019061550550635815
Post_271,Twitter,#Dance,Post,Canada,-0.19152815871531356,-0.6594584293153565,-1.0930070436495583,-1.4874522898347895,Medium,-0.8578614803787545,0.0,6,270,0.01905300468623293
Post_272,YouTube,#Dance,Post,UK,0.020813159024968633,0.07350926208040016,1.6457931975430895,0.8879464325703814,High,0.6570155128047099,0.02059952441966734,6,271,0.019044458821830042
Post_273,Instagram,#Viral,Reel,Canada,1.4948975382750116,0.5334803852337683,-1.5830726454197674,1.4164740485641518,Low,0.4654448316632911,0.9142476615365742,6,272,0.019035912957427157
Post_274,YouTube,#Tech,Live Stream,UK,-0.9596870720892378,-1.444139096508925,0.0758491353672061,0.2942367778310555,Low,-0.5084350638499753,0.0,5,273,0.019027367093024272
Post_275,Twitter,#Music,Tweet,Australia,0.2509953712714484,-0.6502991911046507,0.6814894304145431,1.6025684191180585,Medium,0.4711885074248498,0.22393953145510595,6,274,0.019018821228621387
Post_276,Twitter,#Fitness,Video,USA,1.4729431513075795,-0.3507394463873411,1.2603263059730794,0.7240461611382161,Low,0.7766440430078835,0.9054090005304469,8,275,0.019010275364218503
Post_277,Twitter,#Challenge,Reel,Brazil,1.6417443539409409,-0.7548752437161425,0.19345386940150894,0.09280957539178182,High,0.29328313875452233,0.9714394390947171,10,276,0.019001729499815614
Post_278,TikTok,#Education,Reel,Japan,-0.6924930210440468,0.706979358964852,-0.30638345397950834,-0.9433818031627021,Low,-0.30881972980535133,0.0,10,277,0.01899318363541273
Post_279,Instagram,#Dance,Tweet,Germany,-1.205427646210169,1.1807239810311423,0.00534822839345347,-0.8918522859589115,Medium,-0.22780193068612117,0.0,6,278,0.018984637771009845
Post_280,YouTube,#Fashion,Reel,Japan,1.3647541196164212,1.4737988188156073,0.6000125403638618,1.4694038243876106,High,1.2269923257958752,0.860674050203471,8,279,0.01897609190660696
Post_281,Twitter,#Comedy,Shorts,UK,-0.910069568236908,-1.0086734389767869,-0.07347928643176238,1.5838749665454877,High,-0.10208683177499239,0.0,7,280,0.018967546042204075
Post_282,Twitter,#Gaming,Tweet,India,-1.1668637400410269,0.0008034785833155763,-1.3976163796371777,0.8135926998659988,High,-0.4375209853072226,0.0,7,281,0.01895900017780119
Post_283,YouTube,#Dance,Post,UK,-1.1910458404836337,0.16693764882122214,-0.47415427994535403,0.892987363601187,High,-0.15131877700164462,0.0,6,282,0.018950454313398306
Post_284,Instagram,#Fitness,Tweet,India,-0.3618060523788199,-0.7967777192822152,0.45054648868305097,-0.46099270868699976,Medium,-0.292257497916246,0.0,8,283,0.018941908448995418
Post_285,Twitter,#Fashion,Tweet,Germany,0.535554075400122,1.4122891994248012,0.7516118552132293,0.9973766436974529,Medium,0.9242079434339014,0.42889127708106695,8,284,0.018933362584592533
Post_286,Twitter,#Comedy,Live Stream,India,1.6588294293259087,-0.354037326408745,-1.6559132603848403,0.8604313506939009,Medium,0.12732754830655604,0.9778859617737652,7,285,0.018924816720189648
Post_287,Twitter,#Music,Tweet,Japan,-1.232811870636009,-0.49506326723999683,1.3123159938390336,-1.3472864020060005,High,-0.44071138651074315,0.0,6,286,0.018916270855786763
Post_288,YouTube,#Comedy,Tweet,Australia,0.009545081391695,0.4576152881027338,-0.003976196101366911,0.04015985129225669,High,0.12583600617132965,0.009499814922435925,7,287,0.01890772499138388
Post_289,Twitter,#Dance,Reel,USA,-0.2546037655059487,0.18260257892289053,1.5603938558599006,-1.6384001690350238,High,-0.03750187493954532,0.0,6,288,0.01889917912698099
Post_290,Twitter,#Dance,Reel,USA,1.3373856556980954,-0.6374679436264155,0.8496043310849948,-0.025232226246249257,Low,0.3810724542276064,0.8490330636358041,6,289,0.018890633262578106
Post_291,Instagram,#Education,Video,UK,-1.3694993261103234,0.34011791986116174,1.6003409290646475,1.6319038372001076,Low,0.5507158400038983,0.0,10,290,0.01888208739817522
Post_292,TikTok,#Challenge,Post,Germany,-0.9992486869079814,-1.0851274432545006,0.6304287442510249,0.48642227338051885,Low,-0.24188127813273452,0.0,10,291,0.018873541533772336
Post_293,Twitter,#Comedy,Tweet,USA,-1.4181849043009376,-1.3927240384441388,0.9054820631129958,-0.7657589972577882,High,-0.6677964692224672,0.0,7,292,0.01886499566936945
Post_294,TikTok,#Gaming,Shorts,Germany,0.9975473140827125,1.6882580166780767,-1.4659152085014524,-1.5424124406567672,High,-0.0806305795993576,0.6919200850274367,7,293,0.018856449804966566
Post_295,Instagram,#Tech,Reel,Canada,-1.6607754326373783,0.9761722798716296,-0.19886010879015892,-0.9930209712299406,Low,-0.46912105819646205,0.0,5,294,0.01884790394056368
Post_296,TikTok,#Fitness,Live Stream,India,1.5940907463727854,-1.4314879853343798,1.2542705911720151,1.506790729532752,Medium,0.7309160204357932,0.953236068463845,8,295,0.018839358076160793
Post_297,TikTok,#Fashion,Reel,Canada,-1.1168104238939536,1.2919858618372868,0.32836556107748943,1.5013997338470293,High,0.501235183216963,0.0,8,296,0.01883081221175791
Post_298,Instagram,#Comedy,Reel,Germany,-0.43901540821250434,-0.12975377167579075,1.2666916880082888,0.20791083392850962,Medium,0.22645833551212582,0.0,7,297,0.018822266347355024
Post_299,Twitter,#Challenge,Live Stream,Germany,1.5118215823875507,-1.2881133442357835,-0.6328759411800641,-0.8172885144615788,High,-0.3066140543724689,0.9210082199638724,10,298,0.01881372048295214
Post_300,TikTok,#Education,Video,Brazil,1.3147213606530623,-0.9918029813042691,-0.8735906045223645,-1.3017779968667833,High,-0.4631125555100887,0.8392893177251706,10,299,0.018805174618549254
Post_301,Instagram,#Education,Live Stream,Brazil,-1.4754003432540783,-0.8555090826045695,-0.6765734286650157,-0.7376137990024569,High,-0.9362741633815301,0.0,10,300,0.018796628754146366
Post_302,TikTok,#Tech,Tweet,Japan,0.8700509754470687,-1.2221626721270789,1.2649369070147987,0.11913443744154438,Medium,0.2579899119440832,0.6259656900923221,5,301,0.01878808288974348
Post_303,Twitter,#Dance,Tweet,Japan,-1.438716048915882,0.8477073820630777,-0.494385872576182,-0.8906620661321936,Low,-0.4940141513902949,0.0,6,302,0.018779537025340597
Post_304,Twitter,#Viral,Live Stream,Australia,1.2035172753504708,-0.7804545988401406,-0.1044804173167556,0.7509311266358459,High,0.26737834645735514,0.7900548452285419,6,303,0.018770991160937712
Post_305,Twitter,#Tech,Reel,UK,-0.5290414828526075,0.7361960817595161,0.6953556410101617,0.8646321265529056,High,0.441785591617494,0.0,5,304,0.018762445296534827
Post_306,Twitter,#Comedy,Video,Brazil,-0.7772804400342851,1.526454046048106,1.188793174885509,-0.7572174196778121,High,0.29518734030537946,0.0,7,305,0.018753899432131942
Post_307,YouTube,#Comedy,Tweet,Germany,0.48728443755999423,-0.9826437430935634,0.23357297995855897,-0.8167284110137115,Medium,-0.26962868414718044,0.39695193201026613,7,306,0.018745353567729054
Post_308,Instagram,#Education,Video,India,-0.795608539794512,1.2113887225747002,-0.8376692053615066,0.15120035983194666,Medium,-0.06767216568734291,0.0,10,307,0.01873680770332617
Post_309,Instagram,#Challenge,Post,UK,-1.3364625614025036,-1.60723866286159,-1.2786009393139905,-1.129686212509559,Low,-1.3379970940219106,0.0,10,308,0.018728261838923285
Post_310,TikTok,#Fitness,Shorts,Australia,-0.10715256863881864,1.2323191753996185,-0.045540420417761816,0.23913660114711097,Medium,0.32969069687253727,0.0,8,309,0.0187197159745204
Post_311,TikTok,#Comedy,Shorts,Brazil,-0.7338958742841359,-1.4329983589576278,1.0045411705690397,-0.2757384933048941,High,-0.35952288899440454,0.0,7,310,0.018711170110117515
Post_312,Twitter,#Comedy,Live Stream,Brazil,-1.6607487082985497,-1.1751055269477193,0.6815582453554644,1.2322700271467972,Low,-0.23050649068600187,0.0,7,311,0.01870262424571463
Post_313,TikTok,#Dance,Post,Brazil,-1.540845508087517,1.4267763152331112,-0.27015238758450516,-1.1514602340453999,Low,-0.3839204536210777,0.0,6,312,0.018694078381311742
Post_314,TikTok,#Education,Tweet,Japan,-0.1720385780752279,-1.2770141766007226,-0.13455254649931284,-1.0291476436173808,High,-0.653188236198161,0.0,10,313,0.018685532516908857
Post_315,YouTube,#Comedy,Post,India,-1.3201552328013941,-1.1132148499914152,-0.6769519108400822,-0.9563341953946332,Medium,-1.016664047256881,0.0,7,314,0.018676986652505972
Post_316,YouTube,#Music,Post,Japan,-0.7872157269234139,-1.6704942187343157,-1.1660885109078554,0.6606144456672457,Medium,-0.7407960027245848,0.0,6,315,0.018668440788103088
Post_317,Instagram,#Dance,Video,Canada,-1.3204183647529373,1.6498959123114523,-1.5175608216628007,-0.8023057472311288,Low,-0.4975972553338536,0.0,6,316,0.018659894923700203
Post_318,Twitter,#Fitness,Video,UK,1.524612947334055,-0.7500531334327453,1.4827706025008054,0.9513081351103684,Low,0.8021596378781208,0.926087762792956,8,317,0.018651349059297315
Post_319,TikTok,#Gaming,Tweet,UK,-0.7789668143383162,1.6207761859880059,1.5784577778517113,-1.7301171086232923,High,0.17253751021952718,0.0,7,318,0.01864280319489443
Post_320,Twitter,#Fashion,Tweet,India,-0.13416196708160105,-0.33675116957386547,-0.8536342716552212,-1.521758626016661,Low,-0.7115765085818372,0.0,8,319,0.018634257330491545
Post_321,TikTok,#Challenge,Post,Brazil,-1.4099346212369255,1.310290481619953,-0.7515473067986452,-0.12563076927646075,Medium,-0.24420555392301962,0.0,10,320,0.01862571146608866
Post_322,YouTube,#Fashion,Post,Brazil,0.22622602061406927,-0.6919453188539337,-0.7024478464513808,-1.1184141306212299,High,-0.5716453188281188,0.2039411766514477,8,321,0.018617165601685776
Post_323,Twitter,#Gaming,Tweet,Germany,0.016335804411990652,0.018526119538675053,-1.601652679468487,-0.511261993133089,Medium,-0.5195131871627275,0.016203810701392696,7,322,0.01860861973728289
Post_324,TikTok,#Challenge,Tweet,Japan,-0.9754770449002037,-1.5367083716475323,0.11294038852372407,-1.4264710269482384,High,-0.9564290137430627,0.0,10,323,0.018600073872880006
Post_325,TikTok,#Comedy,Tweet,UK,0.5996945443071587,-0.8382644956859262,0.699450129994972,-0.9016540962965891,Medium,-0.11019347942009614,0.4698127012121127,7,324,0.018591528008477118
Post_326,TikTok,#Fitness,Video,USA,0.05904815025468174,-0.9213281166451931,-1.3728085934350909,0.6687359456613213,Medium,-0.3915881535410702,0.05737053324823556,8,325,0.018582982144074233
Post_327,TikTok,#Comedy,Live Stream,Japan,-0.9593012822748658,0.3481824836109813,-0.9244792533335797,0.3286131269439103,High,-0.30174623126338845,0.0,7,326,0.01857443627967135
Post_328,YouTube,#Music,Reel,UK,0.4201960685083246,-0.3453145723185192,-1.4631970183350655,-1.4367629278027998,High,-0.7062696124870149,0.3507949384958117,6,327,0.018565890415268464
Post_329,Instagram,#Tech,Video,Canada,0.6911753823147784,1.1915875858075315,-0.5944427966755831,-0.5113320060640724,Medium,0.1942470413456636,0.5254237796861096,5,328,0.01855734455086558
Post_330,YouTube,#Tech,Tweet,Brazil,0.3972891986954625,0.37962319692428126,1.52780998133372,1.4439891304406323,Medium,0.937177876848524,0.33453407294876136,5,329,0.01854879868646269
Post_331,TikTok,#Comedy,Tweet,Japan,-0.2752534565469789,-0.6463985472978222,0.7465195495850617,1.5848551475792554,High,0.352430673329879,0.0,7,330,0.018540252822059806
Post_332,YouTube,#Education,Post,USA,1.3952781112348944,1.547252860804943,1.4255165716543807,1.0596881522726889,High,1.3569339239917269,0.8734993457224959,10,331,0.01853170695765692
Post_333,TikTok,#Tech,Live Stream,Japan,1.2360401104654328,1.4616950448715051,-1.2043496180600335,1.339529837413383,Medium,0.7082288436725719,0.8047064936227617,5,332,0.018523161093254036
Post_334,TikTok,#Comedy,Post,Australia,0.24215989371103544,1.3036185100640456,-1.120085722902044,1.567421927764386,Medium,0.49827865215935574,0.2168517141229204,7,333,0.01851461522885115
Post_335,Instagram,#Viral,Video,Canada,1.0981014077423739,-0.182651490086334,0.0858617092712383,-0.6719416697400173,Low,0.0823424892968152,0.7410328442408638,6,334,0.018506069364448267
Post_336,Twitter,#Fitness,Reel,Brazil,0.8322565931882991,-0.08009850673166981,-0.1830326723782867,-1.1577613978339067,Low,-0.14715899593889104,0.6055483182282088,8,335,0.01849752350004538
Post_337,TikTok,#Music,Reel,India,1.0647466919264392,0.8572753911167726,0.7641361744608847,1.0853128850126175,Medium,0.9428677856291785,0.7250075515407703,6,336,0.018488977635642494
Post_338,Twitter,#Comedy,Reel,Brazil,0.1249997070469497,-1.0655965109428671,-0.8277942613393168,1.7480552897015866,High,-0.005083943883411879,0.11778277525363817,7,337,0.01848043177123961
Post_339,Instagram,#Education,Video,Canada,-1.0504908935131994,0.47588526628853633,0.7757658994765647,-1.7402689836158869,Low,-0.3847771778409963,0.0,10,338,0.018471885906836724
Post_340,Twitter,#Fashion,Tweet,Canada,0.8990242701740254,0.5868561576810276,0.6557526425100205,0.536341493171691,Medium,0.6694936408841912,0.6413402122508619,8,339,0.01846334004243384
Post_341,TikTok,#Viral,Tweet,Australia,-0.14813399961276436,-1.672863703959778,0.4541936805518737,1.7432944103947146,Low,0.09412259684351149,0.0,6,340,0.018454794178030955
Post_342,Instagram,#Viral,Tweet,UK,0.9296263790906131,1.1663061484165593,-1.233974450126603,1.4274660787285474,Low,0.5723560390272793,0.6573263982132,6,341,0.018446248313628066
Post_343,Twitter,#Tech,Shorts,Germany,-0.5611730462375403,-0.5107489822997834,0.6154614946006675,0.8399875748467448,Medium,0.09588176022752215,0.0,5,342,0.01843770244922518
Post_344,Instagram,#Challenge,Video,Canada,-1.6256151108518697,0.28833566086962276,1.639840705153407,1.1899122039018335,Low,0.3731183647682484,0.0,10,343,0.018429156584822297
Post_345,Instagram,#Music,Reel,Australia,-1.4189283891119386,-0.9754036493490948,0.04670600788708484,-0.14509436408984902,High,-0.6231800986659495,0.0,6,344,0.018420610720419412
Post_346,Twitter,#Challenge,Shorts,Australia,0.27971170120197614,-1.0549338274282862,-0.6769519108400822,0.8598712472460336,Medium,-0.14807569745508972,0.24663481912670998,10,345,0.018412064856016527
Post_347,YouTube,#Challenge,Post,Brazil,-0.5641928965251732,0.365350859016525,0.583806621776923,0.8468488420831191,High,0.30795335658784845,0.0,10,346,0.01840351899161364
Post_348,YouTube,#Fitness,Tweet,Brazil,0.7425539515719678,-1.696225996884513,0.8186376076704621,-0.8480241911632962,Low,-0.24576465720134483,0.5553518253379114,8,347,0.018394973127210754
Post_349,Twitter,#Comedy,Post,Australia,1.139785894399349,-1.376380133043946,1.3364356306319085,0.037989450431770946,Medium,0.28445771060477065,0.7607057746823919,7,348,0.01838642726280787
Post_350,TikTok,#Comedy,Post,Brazil,1.6869180799136927,-0.328478756242865,-1.0721561165504396,1.513091893321259,Medium,0.44984377511041174,0.9883948416039144,7,349,0.018377881398404985
Post_351,TikTok,#Tech,Post,USA,0.731827898349295,-0.2781791575970832,-0.9703444114575487,1.6762920354435902,Low,0.2898990911845633,0.5491774393539935,5,350,0.0183693355340021
Post_352,YouTube,#Fashion,Post,Canada,1.3357904182418645,0.5403602063708566,0.596950275492869,-0.7733203938039966,Medium,0.4249451265753984,0.8483503427226806,8,351,0.018360789669599215
Post_353,TikTok,#Comedy,Video,UK,-1.4505953601449277,-0.3040564304541073,-1.2769149732614216,-0.6882546826591521,High,-0.9299553616299021,0.0,7,352,0.01835224380519633
Post_354,YouTube,#Tech,Live Stream,USA,0.14899679283612766,1.229582489247403,0.05764758349355303,-1.4081976519615682,High,0.0070073034038788395,0.13888920759738593,5,353,0.018343697940793442
Post_355,YouTube,#Challenge,Live Stream,Australia,-1.4144359592309035,-0.9007787213857731,-1.4678764343177062,0.3130002433346097,Low,-0.8675227178999433,0.0,10,354,0.018335152076390557
Post_356,YouTube,#Gaming,Live Stream,Germany,1.048078927370872,-0.8614397239875984,-1.5680021733580283,1.2083256047504707,Medium,-0.04325934130607101,0.7169022451899711,7,355,0.018326606211987673
Post_357,TikTok,#Gaming,Tweet,Brazil,0.41937789259649483,-1.0188857817321426,0.5117573786324437,1.0560474798615516,High,0.24207424233958688,0.3502186718123736,7,356,0.018318060347584788
Post_358,Twitter,#Viral,Shorts,UK,-1.4522289710107588,0.8276637541178647,-0.12488404729988654,-1.0385293763691577,Low,-0.44699466014048456,0.0,6,357,0.018309514483181903
Post_359,Instagram,#Tech,Post,Brazil,0.7394642068597062,0.5631751620651485,-1.2216909831721716,1.1360722599755904,Low,0.3042551614320684,0.553577138715033,5,358,0.018300968618779015
Post_360,YouTube,#Education,Post,Brazil,-0.49433821578501386,0.564948811824559,-0.9147763466636929,0.252929148550843,Low,-0.14780915051832622,0.0,10,359,0.01829242275437613
Post_361,YouTube,#Gaming,Post,UK,0.729879762572635,-1.361553529586374,-0.42883964134875463,-1.1806556262654821,High,-0.5602922586569941,0.548051904691252,7,360,0.018283876889973245
Post_362,TikTok,#Education,Live Stream,Germany,-1.6078694646302152,-1.608361050599967,-1.7160919262204155,1.7202601561011723,Low,-0.8030155713373563,0.0,10,361,0.01827533102557036
Post_363,Instagram,#Challenge,Post,Japan,-1.5320778692333614,1.483186691565612,-1.2174588643055189,1.6681705354495147,Low,0.1004551233690616,0.0,10,362,0.018266785161167476
Post_364,TikTok,#Dance,Video,Germany,1.1231147036464961,1.047970453530891,0.7415992813091971,-0.4382385061173912,Medium,0.6186114830922983,0.7528842102990484,6,363,0.01825823929676459
Post_365,Twitter,#Challenge,Shorts,India,0.4346655848853743,-1.0110429242022494,-0.6717907902709934,1.140763126351479,Medium,-0.026851250809097393,0.3609317801613781,10,364,0.018249693432361706
Post_366,Instagram,#Music,Tweet,Australia,-0.6339125850922753,0.010579337218191348,-0.13028602016219945,0.605304230190351,Medium,-0.03707875946148312,0.0,6,365,0.018241147567958818
Post_367,Instagram,#Education,Live Stream,UK,-1.3905731803753256,0.11159423367211675,-0.46861467720119876,0.03434877802063357,High,-0.42831121147094353,0.0,10,366,0.018232601703555933
Post_368,TikTok,#Fitness,Video,Germany,-0.3287185799511715,1.4583625232532378,1.2384775622306035,0.8261950274430129,High,0.7985791332439207,0.0,8,367,0.01822405583915305
Post_369,Instagram,#Dance,Tweet,UK,-0.21707045948035095,-0.3454392820672278,-0.7998209878548556,-0.17723029941123472,High,-0.38489025720341724,0.0,6,368,0.018215509974750164
Post_370,TikTok,#Viral,Tweet,Germany,1.2638080689872735,-0.7745655273733479,0.7924535226499517,-0.7071581740246732,Medium,0.14363447255980102,0.8170483815650179,6,369,0.01820696411034728
Post_371,Instagram,#Gaming,Video,India,1.4838549044231384,-1.022280658224764,-0.7382660232008569,0.9381457040854871,Medium,0.16536348177075114,0.9098117502972013,7,370,0.01819841824594439
Post_372,YouTube,#Challenge,Tweet,Australia,0.2738035666024818,-1.601765290557159,0.6828657292329668,-0.7496560231316036,High,-0.3486880044633285,0.24200735892175468,10,371,0.018189872381541506
Post_373,TikTok,#Comedy,Post,Germany,0.22023771299808906,1.2099476321451792,1.4775062595203348,1.2420718374844748,Medium,1.0374408605370196,0.19904568648475365,7,372,0.01818132651713862
Post_374,Instagram,#Viral,Tweet,USA,0.3682891796296772,0.9241336730633007,-0.16132155851765326,0.8881564713633316,High,0.504814441384664,0.31356118547911804,6,373,0.018172780652735736
Post_375,Instagram,#Challenge,Tweet,Germany,1.4810036230419628,-0.18270691664131555,1.692690579780876,1.5876556648185918,Low,1.1446607377500289,0.9086631650237782,10,374,0.01816423478833285
Post_376,YouTube,#Viral,Post,Australia,-0.44091968866390713,-0.8705851055595587,-1.2934649665529663,1.1493747168624386,Medium,-0.3638987609784984,0.0,6,375,0.018155688923929963
Post_377,TikTok,#Gaming,Tweet,Germany,-0.1942471888812604,0.6938917636698269,-1.6184435250532558,-1.4830414751828347,High,-0.650460106361881,0.0,7,376,0.01814714305952708
Post_378,Twitter,#Education,Tweet,Canada,0.011611078354983737,-0.218942026960522,0.05338105715643965,-1.6918900483063497,High,-0.4614599849388621,0.011544187073383269,10,377,0.018138597195124194
Post_379,Twitter,#Comedy,Reel,USA,1.6515398519808122,1.365232054245442,-0.36208914865520647,-0.6293037947711201,Medium,0.5063447406999819,0.9751405474578906,7,378,0.01813005133072131
Post_380,YouTube,#Tech,Tweet,Japan,-1.2768254862078163,1.003165012147658,-0.06343230505726957,-0.19984447611887649,Low,-0.13423431380907608,0.0,5,379,0.018121505466318424
Post_381,TikTok,#Gaming,Tweet,India,-0.631572492346129,-1.7229138831081428,-1.6185467474646378,1.020690949714929,Low,-0.7380855433009952,0.0,7,380,0.01811295960191554
Post_382,Instagram,#Dance,Shorts,USA,-1.111639606950346,1.6631428589520494,-0.17825003398426442,-0.13193193306496775,Medium,0.060330321238117796,0.0,6,381,0.018104413737512655
Post_383,YouTube,#Tech,Reel,USA,0.37685741380180404,0.5265728508191891,1.0243598735543407,-1.4100880010981203,Low,0.12942553426930337,0.31980366594768367,5,382,0.018095867873109767
Post_384,Twitter,#Comedy,Live Stream,UK,0.6432312332167939,0.9328841404310173,-0.005696569624396502,-0.47422515264286447,High,0.27404841284513753,0.4966645675679869,7,383,0.018087322008706882
Post_385,Twitter,#Tech,Reel,Germany,-0.2388110517371542,1.5118699337685784,0.9489042908342628,-0.7156997516046493,Medium,0.3765658553152594,0.0,5,384,0.018078776144303997
Post_386,Twitter,#Dance,Post,Australia,-0.2941667508036066,0.9403667253535303,-1.473863334177849,-1.3498768804523869,Low,-0.5443850600200781,0.0,6,385,0.018070230279901112
Post_387,YouTube,#Viral,Post,Australia,-1.465976930239436,0.7832878685357391,1.5370655908876194,-1.7047724276072975,High,-0.2125989746058438,0.0,6,386,0.018061684415498228
Post_388,Instagram,#Tech,Post,Japan,-1.252841419968324,0.9587198433718053,1.6778953674828216,-1.5022250182722892,Medium,-0.029612806846496587,0.0,5,387,0.01805313855109534
Post_389,Instagram,#Fitness,Shorts,Japan,1.4314176402046617,1.3084614053055608,0.78653543773073,-1.7365582982737662,Low,0.4474640462417966,0.8884744782767905,8,388,0.018044592686692455
Post_390,YouTube,#Education,Tweet,Germany,-0.7550677177915097,0.11266812317488482,0.32403021979945484,0.1691236701636999,Medium,-0.037311426163367536,0.0,10,389,0.01803604682228957
Post_391,YouTube,#Dance,Post,Australia,-0.21294120651160206,0.570145051354082,-0.6068983009823173,0.33001338556357857,High,0.020079732355935284,0.0,6,390,0.018027500957886685
Post_392,Instagram,#Music,Shorts,Canada,-0.1555825525119181,-0.7916715479045374,0.8527354108969086,0.47585032080202383,Low,0.09533290782061923,0.0,6,391,0.0180189550934838
Post_393,Twitter,#Viral,Tweet,Brazil,-0.6718138647063593,-0.8351467519682124,1.5291518726816833,-1.4961338932767325,Low,-0.36848565931740523,0.0,6,392,0.018010409229080915
Post_394,Twitter,#Fashion,Live Stream,Australia,0.5299022203575995,-0.05526741009992299,1.0301059211212595,1.3741862382501715,Low,0.7197317424072769,0.4252038250991172,8,393,0.01800186336467803
Post_395,TikTok,#Challenge,Shorts,USA,-0.25099460928517203,-0.5165549139341037,-0.4040662626171285,-0.4581221785166799,Low,-0.407434491088271,0.0,10,394,0.017993317500275142
Post_396,Instagram,#Fashion,Live Stream,Canada,1.1357779288145147,-0.04789567828737316,1.2816933451291068,1.3657846865321621,Low,0.9338400705471026,0.7588309497823107,8,395,0.017984771635872258
Post_397,Twitter,#Gaming,Reel,Germany,-1.4620155609376873,-0.5957871742802691,-1.0941080827042973,-0.01452024780578736,High,-0.7916077664320103,0.0,7,396,0.017976225771469373
Post_398,YouTube,#Challenge,Shorts,USA,1.7084277464734385,1.1928416116139897,-1.5291905466784808,0.12956636415807263,Medium,0.37541129389175504,0.9963682991764341,10,397,0.017967679907066488
Post_399,YouTube,#Challenge,Reel,Australia,0.08098677671459956,-0.3838152430725976,-0.9908512638520613,0.09448988573538368,High,-0.29979746111866895,0.07787430612582448,10,398,0.017959134042663603
Post_400,Instagram,#Education,Shorts,Brazil,-1.449448269293669,1.3681280917432292,1.0194740127489366,1.2386412038662877,Low,0.5441987597661961,0.0,10,399,0.017950588178260715
Post_401,TikTok,#Fitness,Shorts,Germany,1.6958611400688772,-0.6932409145766281,-1.166122918378316,-1.2490582598362747,Medium,-0.3531402381805854,0.9917176858144156,8,400,0.01794204231385783
Post_402,Twitter,#Education,Reel,India,-0.11979249566529429,1.1627657772171112,-1.0892910368398143,1.3916194580650407,Low,0.3363254256942608,0.0,10,401,0.017933496449454946
Post_403,Instagram,#Challenge,Live Stream,Australia,-1.0910707741652588,-1.2302549491543893,-1.6879466153836513,-0.8410228980649551,Low,-1.2125738091920637,0.0,10,402,0.01792495058505206
Post_404,Instagram,#Education,Live Stream,UK,-0.3900749209438327,-0.43751664653037375,-0.29674936225054266,0.9011788765262461,Medium,-0.055790513299625755,0.0,10,403,0.017916404720649176
Post_405,Twitter,#Fitness,Tweet,Germany,-0.4895223528802068,0.5987659386826941,-0.9631188426608244,-0.0042983598822093445,Medium,-0.2145434041851366,0.0,8,404,0.017907858856246288
Post_406,Instagram,#Education,Live Stream,Canada,-1.5948458035077389,-1.3785971952432092,1.2371012634121799,-1.3558279795859767,Low,-0.7730424287311862,0.0,10,405,0.017899312991843403
Post_407,Twitter,#Education,Video,USA,1.6844779422068035,-0.707977449882355,0.5894838544029206,-0.7779412472489018,Medium,0.19701077486961682,0.9874862741236168,10,406,0.01789076712744052
Post_408,Instagram,#Viral,Shorts,Brazil,-1.0864015525042805,1.0875450137877374,1.1920274771088046,-0.8919222988898949,High,0.07531215987559164,0.0,6,407,0.017882221263037634
Post_409,YouTube,#Education,Video,Brazil,1.5028380931043948,-1.7309715185385897,-1.1864577334205257,1.66109922942019,Medium,0.061627017641367354,0.9174253252213848,10,408,0.01787367539863475
Post_410,YouTube,#Comedy,Shorts,Australia,0.18124895836551771,-1.6190514473920388,-0.4965535432151993,0.9976566954213866,Low,-0.23417483420508345,0.16657231801845754,7,409,0.017865129534231864
Post_411,Twitter,#Music,Tweet,Canada,-1.5350271398569084,0.12307445887267604,-0.8019198435529516,-1.682018225037689,Medium,-0.9739726873937182,0.0,6,410,0.01785658366982898
Post_412,YouTube,#Dance,Tweet,Canada,0.5045572685562195,0.31638149769030105,-0.9777764250770364,0.32168184677655265,Low,0.04121104698650921,0.40849868120646593,6,411,0.01784803780542609
Post_413,YouTube,#Tech,Tweet,UK,0.6538524448025237,-1.6346470942999802,1.4449223849941544,0.9184020575481652,Low,0.34563244826121575,0.5031073814989299,5,412,0.017839491941023206
Post_414,TikTok,#Music,Live Stream,UK,0.8534818853733301,-0.16362632508890743,-1.2833147627670916,1.1294910444631499,Medium,0.13400796049512026,0.6170659703606384,6,413,0.01783094607662032
Post_415,YouTube,#Music,Video,UK,0.018402486614736535,-1.226049459295162,-1.6010677524706571,-0.18458165716449287,High,-0.7483240955788938,0.01823520994576196,6,414,0.017822400212217437
Post_416,Twitter,#Music,Tweet,India,-1.696817657604231,0.6651669515506242,-1.273852708390429,0.06382422196464964,Medium,-0.5604197981198465,0.0,6,415,0.017813854347814552
Post_417,Twitter,#Education,Tweet,UK,0.15289374962890478,0.34360979282500115,-0.6347683520553967,1.3335087253488096,High,0.29881097893682973,0.14227508580821657,10,416,0.017805308483411664
Post_418,TikTok,#Gaming,Shorts,Japan,-1.1774815254294708,-0.016919162372043904,1.0920393679503249,0.872543587754031,Low,0.19254556697571026,0.0,7,417,0.01779676261900878
Post_419,Instagram,#Education,Post,Brazil,-1.4029321592243724,-1.7127569669077687,0.8578621239955367,-0.7051978119571376,High,-0.7407562035234354,0.0,10,418,0.017788216754605894
Post_420,Instagram,#Fitness,Live Stream,UK,-1.057161699628495,0.6275184640793876,0.499852393853079,0.7422495231939029,Medium,0.20311467037446865,0.0,8,419,0.01777967089020301
Post_421,Twitter,#Gaming,Tweet,UK,-0.8994380780593211,-0.1861225780920553,-0.974438900442359,1.004167898002844,Medium,-0.2639579146477229,0.0,7,420,0.017771125025800125
Post_422,YouTube,#Challenge,Post,Japan,-1.6284239073867024,-1.229250342845348,-1.1257285480575812,0.9280638420238759,Medium,-0.763834739066439,0.0,10,421,0.01776257916139724
Post_423,Instagram,#Comedy,Tweet,UK,0.7526708269172397,-1.1867520318132234,-1.1533577468374363,1.6251825958257002,Medium,0.009435911023070065,0.561140811305785,7,422,0.017754033296994355
Post_424,Instagram,#Challenge,Live Stream,Canada,0.7528092452875829,-0.6294103081959687,-1.4476792491573387,-1.1004208073584931,Medium,-0.6061752798560545,0.5612197838673536,10,423,0.017745487432591467
Post_425,Twitter,#Challenge,Live Stream,Germany,1.3943393331786074,0.5114898995448274,0.18701967242537826,-1.5282698285981182,High,0.14114476913767365,0.8731073402735413,10,424,0.017736941568188582
Post_426,YouTube,#Gaming,Post,India,-0.7655758648668108,0.1354068673560771,0.9499365149480805,0.444204475997522,Medium,0.1909929983587172,0.0,7,425,0.017728395703785697
Post_427,Instagram,#Education,Shorts,Australia,1.5026551341693373,-0.9828446643553717,0.6175603502987635,1.1076470099963256,Medium,0.5612544575272637,0.9173522219618929,10,426,0.017719849839382813
Post_428,Twitter,#Viral,Video,Germany,-0.7665166986414693,1.202811463191301,1.4864522018400887,-0.4138740061351641,High,0.3772182400636891,0.0,6,427,0.017711303974979928
Post_429,YouTube,#Fashion,Post,USA,-1.13975224091913,0.9441426594116503,-0.5089402325810124,0.5686174543550435,Medium,-0.03398308993336216,0.0,8,428,0.01770275811057704
Post_430,YouTube,#Fitness,Tweet,Canada,-0.23488188868989132,1.6963572220247598,-0.10933187065169905,-0.8357719282411993,Low,0.12909288361049254,0.0,8,429,0.017694212246174155
Post_431,Twitter,#Gaming,Video,India,-1.6815676534854944,0.9473366146424638,0.7396724629634039,0.08748859263704258,Medium,0.023232504189353968,0.0,7,430,0.01768566638177127
Post_432,Instagram,#Viral,Video,Japan,0.05444813777887501,-0.047133563156376464,0.42904181964518107,-0.002548036607624068,Low,0.10845208941501387,0.05301753791487543,6,431,0.017677120517368385
Post_433,Instagram,#Music,Video,Germany,-1.2338260250325819,0.13678560291124384,-0.6734423488531018,-0.2757384933048941,Medium,-0.5115553160698335,0.0,6,432,0.0176685746529655
Post_434,Instagram,#Gaming,Shorts,Germany,-0.8933963217656836,-0.4886268585427611,-1.1801611663262375,-0.6211122818460609,Medium,-0.7958241571201857,0.0,7,433,0.017660028788562616
Post_435,Instagram,#Gaming,Video,Germany,-0.5807736356696832,-1.061023820156887,0.4120101217671881,-0.8803701652776321,High,-0.5275393748342536,0.0,7,434,0.017651482924159728
Post_436,YouTube,#Comedy,Live Stream,Australia,0.4239504954940158,0.48537706382913154,1.3055033146878363,-0.9428917126458182,High,0.31798479034129135,0.35343504798521846,7,435,0.017642937059756843
Post_437,Twitter,#Viral,Reel,Japan,0.5218821777511877,-1.2857369306909485,-1.0860223271460583,-1.0444804755027477,High,-0.7235893888971416,0.4199478436645128,6,436,0.017634391195353958
Post_438,YouTube,#Comedy,Reel,Canada,-0.03660236984965825,0.889256513341143,0.1410512918900276,0.8261950274430129,High,0.4549751157061313,0.0,7,437,0.017625845330951073
Post_439,Twitter,#Comedy,Tweet,Canada,-0.8430168316370099,-1.7325927452718006,-0.7130797548237037,-1.7371884146526169,High,-1.2564694365962827,0.0,7,438,0.01761729946654819
Post_440,TikTok,#Fashion,Video,Canada,0.2199286700029172,-0.11136601206065234,-1.3046818019231192,-1.0061133893238383,Medium,-0.5505581333261731,0.1987923898251676,8,439,0.017608753602145304
Post_441,TikTok,#Tech,Shorts,Canada,0.941481706938659,0.06586732581231514,-0.18045211209374232,-1.0624737987654844,Low,-0.058894219527063196,0.6634514480172845,5,440,0.017600207737742415
Post_442,YouTube,#Education,Tweet,India,1.4771292791512713,0.5462839194345127,-1.2488040698951182,0.7012219456376241,High,0.36895776858207247,0.9071003409705779,10,441,0.01759166187333953
Post_443,Twitter,#Viral,Post,Germany,-0.3576637798603853,-1.1839599191060264,0.27486194451126916,0.16940372188763353,Medium,-0.27433950814187724,0.0,6,442,0.017583116008936646
Post_444,Twitter,#Gaming,Live Stream,Australia,0.9937271041091355,-1.5624955763527113,-0.5890408238132702,1.1934828633819876,High,0.0089183918312854,0.6900058036526694,7,443,0.01757457014453376
Post_445,TikTok,#Fitness,Reel,India,-0.5151345480698729,-0.05594638539844732,-1.2681754757644312,-0.17688023475631764,High,-0.5040341609972673,0.0,8,444,0.017566024280130876
Post_446,Twitter,#Education,Post,India,0.6716392053916069,1.692214087039887,-0.4083327889542419,1.1839611047682437,Low,0.7848704020613739,0.5138047051282685,10,445,0.017557478415727988
Post_447,Instagram,#Gaming,Live Stream,India,0.5766910557308393,1.1501008094038205,-0.35383135574466446,-1.4446743890039253,Low,-0.017928469903482458,0.4553283824671529,7,446,0.017548932551325103
Post_448,YouTube,#Fashion,Tweet,Australia,0.7382431101470758,0.197831024904079,-1.38147927599116,1.1922926435552694,Medium,0.18672187565381604,0.5528748963170944,8,447,0.01754038668692222
Post_449,TikTok,#Challenge,Tweet,Canada,-1.6319131467024788,-1.6559793896485149,0.24950363878181298,1.404081759780088,Low,-0.40857678444727313,0.0,10,448,0.017531840822519334
Post_450,YouTube,#Challenge,Shorts,Brazil,-0.9414028276542682,1.056000375683847,-0.3427521502563539,1.1079270617202592,High,0.21994311487337104,0.0,10,449,0.01752329495811645
Post_451,TikTok,#Fashion,Tweet,Australia,-1.4769866725973664,0.8685269817780329,-0.28167889018880343,-1.0897088289180312,Low,-0.494961852481542,0.0,8,450,0.017514749093713564
Post_452,TikTok,#Music,Tweet,Australia,-0.5515618776116404,0.6819750543487877,0.1607667724639467,0.16751337275108144,Medium,0.11467333048804385,0.0,6,451,0.01750620322931068
Post_453,Twitter,#Tech,Live Stream,USA,0.13142108599984478,1.5853932589516413,-1.166466993082922,-1.5116767639550497,Medium,-0.24033235302162137,0.12347444083990786,5,452,0.01749765736490779
Post_454,Instagram,#Education,Shorts,Canada,-0.07205049220716728,-1.4322570287847491,0.9699960702266055,-0.2265894157545395,Low,-0.19022521662996258,0.0,10,453,0.017489111500504907
Post_455,Twitter,#Challenge,Reel,USA,-0.5239124655158858,1.2696073902634748,1.1269973579382861,-0.24003189850335444,High,0.40816509604563017,0.0,10,454,0.017480565636102022
Post_456,YouTube,#Music,Video,Germany,-1.5367176255976824,-0.6627563093367603,-1.3884983999651208,-0.9614451393564222,Low,-1.1373543685639964,0.0,6,455,0.017472019771699137
Post_457,YouTube,#Gaming,Tweet,Japan,-0.8180658925234876,0.6490724656478486,-0.9312575250143164,0.6491323249859663,High,-0.11277965672599724,0.0,7,456,0.017463473907296252
Post_458,YouTube,#Music,Shorts,USA,-0.9735796168433724,0.6414928842541179,1.6386364436872862,-1.609134763883958,Medium,-0.07564626319648154,0.0,6,457,0.017454928042893364
Post_459,Instagram,#Viral,Shorts,Brazil,0.9283600565738112,1.058702420239199,0.9500053298890017,1.1320115099785526,Low,1.0172698291701412,0.6566699300874583,6,458,0.01744638217849048
Post_460,Twitter,#Music,Shorts,UK,-1.5263170611171528,-1.1715790123870164,-1.7041181265001295,-1.3641595183730026,Medium,-1.4415434295943252,0.0,6,459,0.017437836314087594
Post_461,TikTok,#Viral,Video,UK,1.4255547314093386,0.7650317469886819,1.6394966304488012,0.1180142305458098,High,0.9870243348481578,0.8860602534493064,6,460,0.01742929044968471
Post_462,Twitter,#Education,Video,Australia,1.2732020167052587,0.3974428343508585,-1.6403954912071135,0.7285269887211544,Medium,0.18969408714253952,0.8211894176062192,10,461,0.017420744585281825
Post_463,Instagram,#Dance,Shorts,India,-0.3889168662612596,-1.026153588754102,0.280607992078188,0.5872408939966308,High,-0.1368053922351357,0.0,6,462,0.017412198720878937
Post_464,Instagram,#Challenge,Live Stream,UK,-0.22365972210024632,-0.36506028253070627,1.597622738898261,0.14097847190836865,Medium,0.2874703015439192,0.0,10,463,0.017403652856476055
Post_465,Instagram,#Fashion,Video,Germany,-0.9668224705564767,0.4053549750744787,-0.5596224365694642,0.6250478767276728,High,-0.12401051383094736,0.0,8,464,0.017395106992073167
Post_466,Instagram,#Fashion,Post,UK,1.3048847482457622,0.3919971753239185,-0.7118410858871224,-1.5068458717171944,Medium,-0.13045125850865905,0.8350306744374745,8,465,0.017386561127670282
Post_467,Twitter,#Fitness,Tweet,Australia,0.8154504102623887,-0.2662763049147894,0.7349930469807634,-0.27167774330785627,Low,0.25312235225512664,0.5963335968544144,8,466,0.017378015263267398
Post_468,Twitter,#Fitness,Post,USA,0.02118318833182632,-1.6116173607051347,0.9373433807595039,-0.5575405405131237,Low,-0.3026578330317321,0.020961943589894425,8,467,0.017369469398864513
Post_469,Twitter,#Challenge,Shorts,UK,0.38860036237887835,-1.639683982483931,-0.03153657994030095,-0.9524134712595621,Low,-0.5587584178262289,0.32829630630407547,10,468,0.017360923534461628
Post_470,Instagram,#Viral,Live Stream,UK,-1.5204897847736014,-0.7041322326305081,-1.4263466174717718,0.7708848119661181,Medium,-0.7200209557274408,0.0,6,469,0.01735237767005874
Post_471,YouTube,#Tech,Tweet,India,1.6261023928527178,-0.014799096643998552,-0.1279463121708792,-0.3345493553309594,Medium,0.2872019071767201,0.9655007670673986,5,470,0.017343831805655855
Post_472,TikTok,#Fashion,Tweet,Australia,-0.9391223507408933,0.3810227174375661,0.8896890341715842,1.5021698760878468,Low,0.45843981923902594,0.0,8,471,0.01733528594125297
Post_473,TikTok,#Viral,Live Stream,Japan,0.6904236746302915,0.5167692789068227,-0.8842913278356085,-0.9269287643816005,Low,-0.1510067846700237,0.5249791925637394,6,472,0.017326740076850086
Post_474,YouTube,#Comedy,Post,UK,1.6310073368869538,1.2567276445496307,-0.5622718117949297,-0.35429300186828133,High,0.4927925419433433,0.9673667906848086,7,473,0.0173181942124472
Post_475,Instagram,#Challenge,Live Stream,USA,-0.9296585085982796,-0.9217299591688095,-0.9143290495477051,-0.037134424513429146,High,-0.7007129854570558,0.0,10,474,0.017309648348044313
Post_476,YouTube,#Education,Live Stream,Germany,0.08844355248723905,-0.8088953498650626,-0.25680228904579555,0.9170718118594804,Low,-0.015045568641034707,0.08474874227451268,10,475,0.017301102483641428
Post_477,YouTube,#Fitness,Live Stream,India,1.3564099587467804,0.5436650147116332,0.28305092248089003,-0.9343501350658421,Low,0.3121939402183654,0.8571392569112518,8,476,0.017292556619238543
Post_478,Instagram,#Fashion,Video,UK,0.33574510209154385,-0.16384110298946106,0.5242816978800992,0.15512108396701768,High,0.2128266952372999,0.28948926506372724,8,477,0.017284010754835658
Post_479,Twitter,#Fitness,Reel,India,0.36971105150325073,0.6038859666991174,-0.75182256656233,0.8079916653873259,Low,0.257441529256841,0.3145998062836192,8,478,0.017275464890432773
Post_480,Instagram,#Music,Shorts,Brazil,0.8148933105837308,1.2284878147865168,0.5320921936746535,-1.3873337985285117,High,0.2970348801290974,0.5960266839415506,6,479,0.01726691902602989
Post_481,Instagram,#Dance,Shorts,UK,0.23431458716619538,-0.469476983796626,-1.3932122234182218,-0.2417122088469563,Medium,-0.4675217072239022,0.2105158258670729,6,480,0.017258373161627004
Post_482,TikTok,#Dance,Video,UK,0.41463672079251646,1.2178597728687994,-1.150536334259668,-0.09853576498588065,Medium,0.09585609860394184,0.34687276371102754,6,481,0.017249827297224116
Post_483,Instagram,#Tech,Live Stream,UK,0.12906317702781275,1.0394763339799642,0.2922033096234074,-1.5132170484366847,High,-0.013118556951375093,0.1213882419967864,5,482,0.01724128143282123
Post_484,TikTok,#Challenge,Post,Germany,0.25937653507177494,0.3679559071006591,0.2385276557048842,1.0590580358938382,High,0.48122953344278907,0.23061678506772118,10,483,0.017232735568418346
Post_485,TikTok,#Music,Video,Japan,1.1514568928334232,-0.7647965970578449,-1.5994161938885487,-1.5249792208418977,Medium,-0.684433779738717,0.7661452372293887,6,484,0.01722418970401546
Post_486,YouTube,#Tech,Live Stream,USA,1.0913750972310496,-1.0471602530921198,-0.6565138733864907,-0.20425529077083138,High,-0.20413858000459806,0.7378217908871362,5,485,0.017215643839612577
Post_487,YouTube,#Fitness,Post,Australia,0.7402810122926217,-0.6084867836904231,-0.7912879351806288,-1.5634163199517905,Medium,-0.5557275066325552,0.5540466015041025,8,486,0.01720709797520969
Post_488,Instagram,#Dance,Post,USA,1.3978134972263268,0.18770182198119567,0.3466015204216031,-0.8377322903087348,Medium,0.2735961373300977,0.8745572792797968,6,487,0.017198552110806804
Post_489,YouTube,#Comedy,Post,Germany,0.8588507365200523,1.639628143001115,-0.7010371401624965,0.6421310318876251,Low,0.609893192811574,0.6199584131650056,7,488,0.01719000624640392
Post_490,Instagram,#Gaming,Tweet,USA,-0.8208774300161489,1.2753371103846955,-0.05455517767843687,1.7219404664447742,High,0.5304612422837209,0.0,7,489,0.017181460382001034
Post_491,TikTok,#Tech,Video,UK,0.8634987157578591,0.47591990788539984,0.2619935505590078,-0.22371888558421965,Medium,0.3444233221545118,0.6224557507809735,5,490,0.01717291451759815
Post_492,TikTok,#Comedy,Tweet,Japan,1.431995982306491,1.3748832031316092,-0.5503668270155649,-0.38964953201490393,Medium,0.46671570660190775,0.8887123120904223,7,491,0.01716436865319526
Post_493,TikTok,#Viral,Video,Germany,0.09147916328238635,-0.5417047132569945,-1.440075198185548,0.7097635232176003,Low,-0.29513430623563897,0.08753380684157433,6,492,0.01715582278879238
Post_494,TikTok,#Dance,Post,Australia,-1.1624137950063347,-1.0355206765459886,0.4397769504288857,-1.4672185527805837,Low,-0.8063440184760053,0.0,6,493,0.01714727692438949
Post_495,TikTok,#Music,Tweet,Canada,1.0122271989731053,-0.9243072939754529,0.4720511577209208,0.3221719372934365,High,0.22053575000300243,0.6992421678171125,6,494,0.017138731059986607
Post_496,YouTube,#Comedy,Post,Canada,1.6440673157006584,0.9173300634393121,-1.3716043319689701,-1.0803971090972375,Low,0.0273489845184407,0.9723183814613577,7,495,0.017130185195583722
Post_497,YouTube,#Challenge,Shorts,Brazil,1.3822558205913325,-0.9726946764743702,1.5116040627467813,-0.026282420211000423,Medium,0.4737206966631858,0.8680478625599277,10,496,0.017121639331180837
Post_498,Instagram,#Education,Tweet,Australia,1.0176700559811989,0.429922795570063,-0.951764377408829,1.0545772083109,High,0.38760142061333325,0.7019434080588958,10,497,0.017113093466777952
Post_499,Twitter,#Tech,Post,UK,-1.4604819950325993,1.6210325338047957,0.08875193678992803,-1.5601957251265537,Medium,-0.3277233123911073,0.0,5,498,0.017104547602375064
Post_500,TikTok,#Comedy,Reel,UK,-0.9053112654465011,-0.49999623063335724,-1.304440949629895,0.8079916653873259,High,-0.47543919508060684,0.0,7,499,0.01709600173797218
Post_501,Instagram,#Dance,Reel,UK,-0.628619110285839,-0.19634184916678368,-1.6203359359285885,1.3897291089284887,High,-0.26389194661318055,0.0,6,500,0.017087455873569295
Post_502,Twitter,#Gaming,Live Stream,Canada,1.6529137570923857,0.4628461692291202,0.8025005040244445,1.2354206090410507,Low,1.0384202598467502,0.9756585669349378,7,501,0.01707891000916641
Post_503,Instagram,#Fashion,Live Stream,Canada,0.634243632496895,-1.5002169135115362,1.5507941716013953,-1.089498790125081,Medium,-0.10116947488458172,0.4911800872185129,8,502,0.017070364144763525
Post_504,Twitter,#Education,Reel,UK,1.6914132507525563,1.681572188483424,0.31649498376858526,1.4905477295446006,Low,1.2950070381372916,0.9900664276811549,10,503,0.017061818280360637
Post_505,YouTube,#Fashion,Video,Canada,-0.030477014342249288,-0.25493464610168404,-1.204556062882797,-1.0295677212032812,Medium,-0.6298838611325028,0.0,8,504,0.017053272415957756
Post_506,YouTube,#Comedy,Tweet,Australia,0.8953075313584771,-1.1387595635185497,-1.1586564972883675,-0.5068511784811341,Low,-0.4772399269823936,0.6393811110447902,7,505,0.017044726551554867
Post_507,Twitter,#Challenge,Shorts,Japan,0.9148032791536771,1.4481155389010185,-1.4372537856077794,1.175839604774168,Medium,0.525376159305271,0.6496148910653945,10,506,0.017036180687151983
Post_508,YouTube,#Viral,Shorts,Germany,-0.885381761074929,-0.4393387945253931,0.2801606949622003,-1.6799178371081864,Low,-0.681119424436577,0.0,6,507,0.017027634822749098
Post_509,YouTube,#Gaming,Shorts,Brazil,-1.0094882201160822,-0.8442921335401727,0.4612128045258344,-0.28533026484962143,High,-0.4194744534950105,0.0,7,508,0.017019088958346213
Post_510,YouTube,#Tech,Live Stream,USA,-0.1085031756088492,0.7829068109702407,0.5925117118034527,-0.002898101262541123,Low,0.31600431147557584,0.0,5,509,0.01701054309394333
Post_511,Twitter,#Comedy,Video,Japan,-1.6705209081968782,0.7581034276159847,-0.8441034023376373,-0.718360242982019,Low,-0.6187202814751375,0.0,7,510,0.01700199722954044
Post_512,TikTok,#Music,Post,UK,1.058319831057887,0.4801738959802359,0.754330045379616,-0.564751872404415,High,0.43201797500333095,0.721890034014482,6,511,0.016993451365137555
Post_513,Instagram,#Viral,Live Stream,USA,0.5092614374295121,-0.54110194947157,-0.47487683682502646,1.2607652900570456,High,0.18851198529749033,0.41162041688633133,6,512,0.01698490550073467
Post_514,Instagram,#Dance,Post,USA,1.167488069933304,-0.529406946370457,0.8021564293198387,0.023566786649188265,Low,0.36595108488296846,0.7735689255897326,6,513,0.016976359636331786
Post_515,Instagram,#Education,Post,Germany,-1.3561645662743038,-0.009339580978313148,1.3877371690886509,-1.363529401994152,Low,-0.33532409503952954,0.0,10,514,0.0169678137719289
Post_516,Twitter,#Comedy,Reel,Australia,0.03808393430282248,0.7215911845218703,0.7212988737374478,-1.4587469881315909,Medium,0.005556751107637425,0.0373766430379897,7,515,0.016959267907526013
Post_517,YouTube,#Gaming,Tweet,India,-0.7237180126271782,-0.3571135002102226,0.29939447094967114,-1.683908574174241,Low,-0.6163364040154926,0.0,7,516,0.016950722043123128
Post_518,YouTube,#Challenge,Post,India,-1.356265981713961,-1.1657453674752054,-0.391886018074079,0.4909731138944406,Low,-0.6057310633422013,0.0,10,517,0.016942176178720243
Post_519,Twitter,#Challenge,Live Stream,India,0.6226987181229352,-1.7028563985241842,-0.9204191718192299,-1.6150158500865646,High,-0.9038981755767608,0.48409063859751233,10,518,0.01693363031431736
Post_520,YouTube,#Fashion,Live Stream,Canada,-1.425346341867548,0.351140875983123,-0.01815207393113074,0.0012326616654801303,High,-0.27278121953751894,0.0,8,519,0.016925084449914474
Post_521,Twitter,#Challenge,Reel,Brazil,-0.08191519943221028,-1.7180432745891365,-1.118743831554081,-0.3327990320563741,Medium,-0.8128753344079505,0.0,10,520,0.016916538585511585
Post_522,TikTok,#Tech,Shorts,USA,-0.7685998265911866,-1.1284848658888398,-0.925889959622464,1.4633827123230372,Low,-0.33989798494486334,0.0,5,521,0.016907992721108704
Post_523,YouTube,#Education,Live Stream,Brazil,0.5564586755192097,-1.4734389591360615,0.620897874933441,0.8466388032901688,High,0.1376390986516895,0.4424131609288386,10,522,0.016899446856705816
Post_524,TikTok,#Gaming,Reel,USA,0.726026661105115,1.0676676655074693,0.9328360021291664,1.299342415028905,Low,1.0064681859426639,0.5458220393004038,7,523,0.01689090099230293
Post_525,YouTube,#Challenge,Reel,Germany,-1.127572794807855,-0.8201053706100867,0.04164810972937784,0.25159890286215814,Medium,-0.41360778820660143,0.0,10,524,0.016882355127900046
Post_526,YouTube,#Challenge,Video,Germany,-0.49671462622238877,-0.4289671004244654,-0.6424756254385693,0.10002090728307315,Low,-0.3670341112005876,0.0,10,525,0.01687380926349716
Post_527,TikTok,#Tech,Video,USA,-1.4972498885845675,1.7200936441956205,-0.6476023385371974,-0.09797566153801336,Medium,-0.13068356111603946,0.0,5,526,0.016865263399094277
Post_528,YouTube,#Education,Reel,UK,-0.9642932517201588,-1.7148631759970685,1.4401053391296716,1.3432405227555038,Medium,0.02604735854198703,0.0,10,527,0.01685671753469139
Post_529,Twitter,#Music,Shorts,UK,-1.3843662813725166,-0.5920389534996399,-1.1857007690703927,0.46793885960089837,Low,-0.6735417860854127,0.0,6,528,0.016848171670288504
Post_530,Twitter,#Tech,Reel,USA,-1.6960673203986585,-0.697314766367774,-1.4715580336569896,0.17283435550582069,Medium,-0.9230264412294004,0.0,5,529,0.01683962580588562
Post_531,TikTok,#Education,Reel,Canada,1.297749349778523,0.959093972617931,0.547816407675144,0.6675457258346034,Low,0.8680513639765504,0.8319301002742218,10,530,0.016831079941482734
Post_532,YouTube,#Comedy,Live Stream,USA,-0.030571577387335142,1.628716039989117,-0.2561141396365837,0.1761949761930244,Medium,0.3795563247895556,0.0,7,531,0.01682253407707985
Post_533,Instagram,#Comedy,Shorts,India,1.6175889778371626,-0.8091932675980886,-0.24703056743498747,-1.5396119234174308,High,-0.2445616951533361,0.9622536566278329,7,532,0.01681398821267696
Post_534,TikTok,#Comedy,Live Stream,UK,-0.30287545906444796,-0.4159072184069311,1.1821525330866147,0.2860452649059964,High,0.187353780130308,0.0,7,533,0.01680544234827408
Post_535,YouTube,#Dance,Tweet,India,1.5576757511412465,1.1903959148754277,1.6298625387198353,1.2287693805976267,Medium,1.401675896333534,0.939098936381366,6,534,0.016796896483871192
Post_536,YouTube,#Challenge,Video,Brazil,-0.08613764496713075,0.340706827007841,0.5732779358159819,0.01159457545102497,Low,0.20986042332692925,0.0,10,535,0.016788350619468307
Post_537,Twitter,#Music,Shorts,Australia,-0.21825249754392412,-1.1343185108006508,0.8207020558980976,-0.3122852432782347,Low,-0.21103854893117802,0.0,6,536,0.016779804755065422
Post_538,TikTok,#Education,Tweet,Germany,1.4016330219604465,-0.310950108229941,-0.7093981554844203,-1.0598133073881146,High,-0.16963213728550738,0.8761489317860607,10,537,0.016771258890662537
Post_539,Instagram,#Education,Video,UK,0.8352647944051607,-0.46462716023573797,1.296522964897622,1.7480552897015866,Medium,0.8538039721921578,0.6071887732241359,10,538,0.016762713026259653
Post_540,YouTube,#Comedy,Reel,Brazil,-0.8619541092746376,0.9689806843627699,-0.8151667196802795,1.0593380876177718,Low,0.08779948575640614,0.0,7,539,0.016754167161856764
Post_541,Twitter,#Comedy,Video,Australia,-0.38395915878882375,-0.9443786351981567,1.565417346547147,1.1504949237581732,Medium,0.34689361907958494,0.0,7,540,0.01674562129745388
Post_542,TikTok,#Dance,Video,UK,1.655262757951475,-1.518320612032394,-0.22328941281717912,1.090353816043423,High,0.2510016372863312,0.9765436170103321,6,541,0.016737075433050995
Post_543,Twitter,#Education,Video,Brazil,1.047373815969471,-0.5404160458536729,-0.47828317640062507,-0.10966782101224301,High,-0.020248306824267488,0.7165579065038444,10,542,0.01672852956864811
Post_544,Instagram,#Comedy,Post,Brazil,1.1122961430971088,1.5610887145922194,-0.9190084655303457,-1.210271096071465,Low,0.1360263240218793,0.7477755752836766,7,543,0.016719983704245225
Post_545,Twitter,#Music,Live Stream,Australia,1.6147836074996156,-0.6538603472622171,1.1124774054039164,0.7781661567883928,High,0.7128917056074269,0.9611813436147181,6,544,0.016711437839842337
Post_546,Instagram,#Fitness,Live Stream,USA,-0.09219927320502533,0.9886432547424845,-0.5412144398730475,0.08566825643147388,High,0.1102244495239714,0.0,8,545,0.016702891975439452
Post_547,Instagram,#Viral,Post,Japan,0.790716006817324,0.7618862899934774,-0.8144785702710677,-0.15671651063309527,High,0.14535180397665964,0.5826155436810286,6,546,0.016694346111036568
Post_548,YouTube,#Tech,Live Stream,India,0.7033664774968248,-0.32180678468695756,1.424209087776878,-0.08712365723558466,Medium,0.42966128083779015,0.5326065737711996,5,547,0.016685800246633683
Post_549,YouTube,#Viral,Video,Japan,-1.4804745414342286,1.714772694917389,0.07450724401924301,-0.05260728226076299,Low,0.06404952881041008,0.0,6,548,0.016677254382230798
Post_550,YouTube,#Gaming,Video,USA,0.5049629303148486,-1.442649507843795,-0.8625802139749751,0.927223686852075,Low,-0.21826077616296166,0.4087682668774564,7,549,0.016668708517827913
Post_551,Instagram,#Challenge,Live Stream,UK,1.6505599595570966,1.4253421531229629,1.5631464534967479,0.7418994585389859,Medium,1.3452370061789483,0.9747709231695135,10,550,0.01666016265342503
Post_552,YouTube,#Education,Reel,USA,1.2909579415187704,1.0033382201319756,-0.9774323503724306,-1.5832999923510793,Medium,-0.06660904526819089,0.828970045170489,10,551,0.01665161678902214
Post_553,TikTok,#Fitness,Video,UK,1.3672093325913677,-1.4816420892733349,0.6091649275063792,1.5102913760819225,Low,0.5012558867265836,0.8617117645561149,8,552,0.016643070924619256
Post_554,TikTok,#Tech,Reel,USA,1.3996931090572724,-0.7077003171074472,-0.4586365107676271,-0.512452212959807,Medium,-0.06977398294440224,0.8753408579515412,5,553,0.01663452506021637
Post_555,Twitter,#Fitness,Post,Brazil,1.2395821132194094,1.1385997992451433,0.9598458664407309,1.3451308718920558,Low,1.1707896626993348,0.8062892918646237,8,554,0.016625979195813486
Post_556,YouTube,#Fitness,Video,Australia,-1.470348757976014,0.658765184450252,-1.2689324401145643,-0.16497803648913778,High,-0.561373512532366,0.0,8,555,0.0166174333314106
Post_557,Instagram,#Fitness,Post,Germany,-1.620496372107005,1.6792096315773342,1.4859016823127194,1.0320330445342416,High,0.6441619965793226,0.0,8,556,0.016608887467007713
Post_558,YouTube,#Tech,Video,USA,1.307813461685595,-0.6133573922094292,-0.20378037706602356,1.0293025402258886,High,0.37999455815900773,0.8363005228862963,5,557,0.016600341602604828
Post_559,Twitter,#Challenge,Post,UK,-1.6401620592875767,-0.6246297678288075,-1.1487815532661776,0.5012650147490021,Low,-0.7280770914083898,0.0,10,558,0.016591795738201943
Post_560,YouTube,#Music,Tweet,Japan,1.2905810598173413,0.7862324042691354,-0.022246562915941164,-0.44741020007621807,High,0.40178917527357944,0.8288055232916316,6,559,0.01658324987379906
Post_561,TikTok,#Fitness,Video,Canada,-0.634511484377819,0.7887543125207972,0.20198692207573568,-0.3428108811870019,Low,0.0033547172579279777,0.0,8,560,0.016574704009396174
Post_562,YouTube,#Gaming,Video,Canada,-1.6082031762458442,0.22030649294910878,-0.4264655258869738,0.3644597476074168,Low,-0.36247561539407314,0.0,7,561,0.016566158144993286
Post_563,TikTok,#Viral,Video,Australia,0.1633553004211201,0.5469906080105279,-0.8069777417106587,0.8842357472282606,Medium,0.19690097848731247,0.15130833025143103,6,562,0.016557612280590404
Post_564,YouTube,#Music,Reel,Japan,1.2230342655688424,1.345708050253181,0.10543955996331505,1.345690975339923,Low,1.0049682127813153,0.7988730489743036,6,563,0.016549066416187516
Post_565,TikTok,#Music,Reel,Japan,-0.11528978719240199,0.4416870818649029,-0.8123108996320504,-1.1128831090735403,High,-0.3996991785082724,0.0,6,564,0.01654052055178463
Post_566,Instagram,#Viral,Video,Germany,-1.6470158243379296,-1.6702655841950165,0.11679402521531035,1.1803904452880896,High,-0.5050242345073865,0.0,6,565,0.016531974687381747
Post_567,YouTube,#Fitness,Shorts,Japan,-1.4010655669431125,0.8155253385768992,-1.3670969533386328,0.3744015838070612,Medium,-0.3945588994744462,0.0,8,566,0.016523428822978862
Post_568,Instagram,#Tech,Video,UK,-0.7790346530445734,-1.4942585588510164,0.691949301434563,-1.6591239966061135,High,-0.8101169767667851,0.0,5,567,0.016514882958575977
Post_569,Twitter,#Tech,Shorts,Japan,0.5813547954761604,1.5613104208121458,0.6293621126667466,1.7125587336929973,Medium,1.1211465156620126,0.4582819451165965,5,568,0.01650633709417309
Post_570,TikTok,#Challenge,Reel,India,-1.6147691407241966,-1.4617716693124394,-1.5370698574139563,1.2820492210760026,Medium,-0.8328903615936474,0.0,10,569,0.016497791229770204
Post_571,Instagram,#Fashion,Live Stream,Germany,-0.8785924085335477,0.34410170350046265,0.7985780523919371,0.7015019973615577,High,0.24139733618010245,0.0,8,570,0.01648924536536732
Post_572,Twitter,#Viral,Live Stream,Australia,0.7406907854879936,-0.4910448420038324,-0.8962651275558945,-0.1334722175466028,High,-0.195022850404584,0.554282037595556,6,571,0.016480699500964435
Post_573,TikTok,#Dance,Video,Canada,-1.1023614647006181,-0.256514302918659,-0.7484162269867314,0.4605174889166568,High,-0.41169362642233787,0.0,6,572,0.01647215363656155
Post_574,YouTube,#Gaming,Video,Canada,0.7722118005166112,-0.45941013574809697,0.8039112103133288,1.495378621782456,Low,0.6530228742160749,0.5722283712911053,7,573,0.01646360777215866
Post_575,Instagram,#Dance,Reel,Canada,1.5076895884609731,-1.6373006406197232,-0.05799592472449606,1.5273045183108915,Low,0.3349243853569113,0.9193618465544836,6,574,0.016455061907755777
Post_576,TikTok,#Fashion,Live Stream,Australia,1.2367205532463768,-0.12495937466988428,1.4305400623416271,-0.32586775188901645,High,0.5541083722572757,0.8050107543857906,8,575,0.016446516043352892
Post_577,TikTok,#Education,Tweet,Australia,-0.8123098810834792,-0.26863886182087915,1.6181639987632341,-1.0177355358670845,Low,-0.12013007000205217,0.0,10,576,0.016437970178950007
Post_578,Instagram,#Fashion,Post,Canada,-0.2516407900932587,-0.8065120080008549,-1.6494102484677886,0.6832286223748875,Medium,-0.5060836060467537,0.0,8,577,0.016429424314547122
Post_579,YouTube,#Challenge,Live Stream,Canada,1.31413411043829,1.6416027140223337,-1.157589865704089,0.8226243679628589,Low,0.6551928316798483,0.8390355832019863,10,578,0.016420878450144238
Post_580,Twitter,#Gaming,Tweet,Canada,0.7615994970438242,0.5450991768217816,0.12825171287868745,-0.9327398376532237,Medium,0.12555263727276744,0.5662222014752387,7,579,0.016412332585741353
Post_581,YouTube,#Dance,Tweet,India,1.418282970290128,0.6968362994032232,-0.51461746520701,0.5994931569187278,High,0.5499987403512672,0.8830577719336662,6,580,0.016403786721338465
Post_582,TikTok,#Viral,Live Stream,Canada,-1.434896524181762,0.025800854880007128,-0.7689230793812442,-0.9780382039994906,Medium,-0.7890142381706224,0.0,6,581,0.01639524085693558
Post_583,Twitter,#Comedy,Reel,India,-1.0393002479385829,-0.6482414802509596,-0.7035832929765803,-1.5361812897992435,Low,-0.9818265777413415,0.0,7,582,0.016386694992532695
Post_584,YouTube,#Tech,Shorts,USA,1.3503503862272572,-1.4357558300679611,-1.2922607050868455,1.2492831693757662,High,-0.03209574488794581,0.8545644175639266,5,583,0.01637814912812981
Post_585,YouTube,#Tech,Video,Canada,-0.4203823768938485,0.8662960629400244,0.9030047252398332,0.6599143163574116,Medium,0.5022081819108551,0.0,5,584,0.016369603263726926
Post_586,TikTok,#Dance,Shorts,Brazil,0.39735772264117686,-0.21613605761457963,0.271249160112907,-0.8011855403353942,High,-0.08717867879897251,0.33458311237854044,6,585,0.016361057399324037
Post_587,Instagram,#Education,Post,Germany,0.9222532025317451,-0.47666857930548573,0.8375961238942482,1.3883288503088205,High,0.667877399357332,0.653498040961667,10,586,0.016352511534921153
Post_588,TikTok,#Education,Reel,Canada,0.15239626578301835,0.8639265777145619,1.11966856673018,0.6760873034145796,High,0.703019678410585,0.1418434838403226,10,587,0.016343965670518268
Post_589,YouTube,#Fashion,Tweet,UK,-0.7937165936533377,0.6418947267777343,-1.5893003975731346,1.6775522682012916,High,-0.015892499061861576,0.0,8,588,0.016335419806115383
Post_590,YouTube,#Gaming,Video,Japan,-0.900348076058408,0.24370342747070728,-1.7038428667364447,0.15008015293621207,High,-0.5526018405969834,0.0,7,589,0.0163268739417125
Post_591,Instagram,#Comedy,Reel,Brazil,-0.336623502328783,1.1023854738840548,-0.11425213892756368,1.5503387726044338,Medium,0.5504621513080354,0.0,7,590,0.01631832807730961
Post_592,TikTok,#Viral,Live Stream,Australia,-1.1298368259742584,0.43232692239238896,-0.4044103373217344,0.8805950748171233,Low,-0.05533129152162017,0.0,6,591,0.01630978221290673
Post_593,YouTube,#Viral,Video,Germany,1.077648380425544,-1.0196825384600028,0.02145092456901044,-0.2784689976132471,High,-0.049763057769673893,0.7312366677845007,6,592,0.01630123634850384
Post_594,YouTube,#Gaming,Tweet,Japan,0.8704991220520407,-0.6104752113503872,1.493333695932207,0.7984699067735821,Medium,0.6379568783518607,0.6262053054405651,7,593,0.016292690484100956
Post_595,TikTok,#Viral,Reel,Japan,1.0239365708167796,0.7862947591434897,-0.5259719304590054,-1.3250923028842592,Low,-0.01020822584574882,0.705044412404898,6,594,0.01628414461969807
Post_596,TikTok,#Music,Tweet,Japan,-0.3835534970301946,0.6225924290053999,-1.3733591129624605,0.7142443508005385,High,-0.10501895754667917,0.0,6,595,0.016275598755295186
Post_597,Twitter,#Challenge,Live Stream,Canada,-1.4463153544956073,-0.04785410837113697,-0.3171873997041342,0.8530099800096593,Low,-0.23958672064030478,0.0,10,596,0.0162670528908923
Post_598,Instagram,#Dance,Video,India,0.6681211860186304,1.061605386056359,-0.4897752715344627,0.05185201076648634,Medium,0.3229508278267533,0.5116979547858057,6,597,0.016258507026489413
Post_599,Instagram,#Music,Video,Australia,0.06910472452772502,0.8203682338184146,-1.1455816585133427,-0.7215108248762724,High,-0.24440488126086887,0.0668215921910781,6,598,0.01624996116208653
Post_600,Twitter,#Tech,Reel,India,-0.4858343941218586,1.5046783382597186,-0.35648073097013006,-0.6885347343830858,Low,-0.006542880303838955,0.0,5,599,0.016241415297683644
Post_601,Instagram,#Education,Tweet,Brazil,0.5723274508677473,1.463690400850842,-1.1085248128272853,1.4675134752510584,High,0.5987516285355905,0.4525569743938687,10,600,0.01623286943328076
Post_602,YouTube,#Dance,Live Stream,Germany,0.270060788687562,0.49674643591972767,-1.3409816832590435,0.6305088853443789,Low,0.014083606673156251,0.2390647644333187,6,601,0.016224323568877874
Post_603,Instagram,#Education,Tweet,Germany,0.46849380116619527,-1.2491207628062437,0.1661687453262596,-1.210761186588349,Low,-0.4563048507255345,0.38423725044653567,10,602,0.016215777704474986
Post_604,Twitter,#Education,Video,Germany,0.9033275739648888,-1.1716067256645073,-0.5774110987975901,0.9231629368550371,Low,0.01936817158945714,0.6436037090573442,10,603,0.0162072318400721
Post_605,Instagram,#Fashion,Tweet,India,0.7993637287664795,-1.4633582544487869,-0.9275415182045724,-1.3481265571778014,High,-0.7349156502661702,0.5874331183932942,8,604,0.016198685975669216
Post_606,YouTube,#Viral,Video,Germany,0.9203544039959994,1.556017184811405,1.4481222797469895,-1.3184410744408352,Low,0.6515131985283896,0.6525097544204816,6,605,0.01619014011126633
Post_607,YouTube,#Education,Post,UK,1.5182141812832457,0.1853946916300875,-0.46651582150310267,-1.4155490097148262,Medium,-0.04461398957614893,0.923549992085469,10,606,0.016181594246863447
Post_608,YouTube,#Viral,Tweet,Brazil,1.5885334543753487,0.442691688173944,-0.22724627192014718,-0.7136693766061304,Low,0.27257737350575373,0.9510914815086173,6,607,0.016173048382460562
Post_609,TikTok,#Fitness,Tweet,India,0.8419712329722276,0.16682679571125897,0.8772335298648499,-0.6795030662862258,High,0.30163212306552767,0.6108363204322432,8,608,0.016164502518057677
Post_610,TikTok,#Education,Post,Brazil,1.0965630451610857,1.2663164385614436,-1.5379988591163922,-0.44607995438753323,Low,0.09470016755465091,0.7402993588011914,10,609,0.01615595665365479
Post_611,YouTube,#Comedy,Shorts,UK,1.5070344995399436,1.0242825295956393,-1.5443642411516016,0.4057673768876293,High,0.34818004121790264,0.919100580365852,7,610,0.016147410789251904
Post_612,TikTok,#Gaming,Reel,UK,0.765332681606344,0.8037541239626866,-0.534264130840008,-1.0801870703042873,Medium,-0.011341098893816182,0.5683391607858329,7,611,0.01613886492484902
Post_613,Instagram,#Gaming,Live Stream,Australia,0.28639895306424307,-1.4409382129587387,-0.4379576210208114,0.5833201698615599,Low,-0.25229417776343677,0.25184680559292016,7,612,0.016130319060446135
Post_614,Twitter,#Music,Tweet,USA,-0.7914635263182487,1.5265441141999512,-1.0279081095381186,-1.6887394664120963,Low,-0.49539174701712807,0.0,6,613,0.01612177319604325
Post_615,YouTube,#Viral,Reel,UK,-0.47261064307789635,-1.0584464853502435,1.1389023427176508,-1.6108850871585432,Medium,-0.5007599682172581,0.0,6,614,0.016113227331640362
Post_616,TikTok,#Viral,Post,Germany,-0.5844252767368029,1.5863632236638188,1.6033343789947192,0.6294586913796277,High,0.8086827543253408,0.0,6,615,0.016104681467237477
Post_617,Instagram,#Comedy,Shorts,Brazil,-1.5711221282619614,0.8056386268320603,0.5963309410245784,1.4255757295919953,Medium,0.31410579229666813,0.0,7,616,0.016096135602834592
Post_618,Instagram,#Gaming,Post,Canada,0.38315887584969893,-0.8267219156110126,-0.0439576767765746,1.6805628242335784,High,0.2982605269239225,0.32436992377788665,7,617,0.016087589738431708
Post_619,Instagram,#Comedy,Reel,Canada,0.4278131903139357,0.49186889908134884,-0.8253513309366147,-1.2811941951576604,Low,-0.29671585917474763,0.35614403625193863,7,618,0.016079043874028823
Post_620,Twitter,#Gaming,Tweet,Canada,-0.18494574848998965,1.6405357528389384,1.619953187227185,0.47346988114858785,Low,0.8872532681811804,0.0,7,619,0.016070498009625934
Post_621,Instagram,#Dance,Reel,India,-1.5955728425717686,-0.8172439747091628,-1.2356948236496326,0.38721395017702537,Medium,-0.8153244226883846,0.0,6,620,0.016061952145223053
Post_622,YouTube,#Fitness,Live Stream,USA,-1.6447668684395833,-0.3987526996401328,1.5336592513120206,-0.7470655446852175,Medium,-0.3142314653632282,0.0,8,621,0.016053406280820165
Post_623,Twitter,#Music,Reel,Brazil,-0.5672038386998633,-1.0115833331133197,1.0990240844538248,0.26021049337311775,Medium,-0.054888148496560096,0.0,6,622,0.01604486041641728
Post_624,YouTube,#Comedy,Live Stream,Japan,0.06528314407523372,0.9402143023273309,1.3792729313553453,-0.8023057472311288,Medium,0.3956161576316953,0.06324062680752886,7,623,0.016036314552014395
Post_625,Twitter,#Viral,Video,India,1.2502506063276821,-1.0934137132242465,1.5480759814350087,-0.6087900059929806,High,0.27403071713636595,0.8110415906040523,6,624,0.01602776868761151
Post_626,Twitter,#Challenge,Live Stream,Japan,-1.1956115909865832,0.8922564756295208,-0.9856901432829726,-0.20831604076786922,Medium,-0.37434032485197605,0.0,10,625,0.016019222823208626
Post_627,Twitter,#Fashion,Shorts,Japan,-0.8674188939453599,0.6987485155500877,-0.2704276473481899,1.654448000976766,High,0.3038374938083259,0.0,8,626,0.016010676958805738
Post_628,Twitter,#Education,Shorts,Brazil,0.7260965555297437,1.6697178340367391,0.29096464068682615,-1.6829984060714567,High,0.250945156045463,0.5458625328866706,10,627,0.016002131094402853
Post_629,TikTok,#Viral,Tweet,Japan,1.6039814926971998,0.5372771042500064,-0.3625020383007336,-1.6453314492023814,High,0.03335627736102276,0.9570416170619263,6,628,0.015993585229999968
Post_630,Instagram,#Challenge,Video,USA,0.6369071582668132,1.1544933638861106,-1.2346281920653543,0.6085948379465712,High,0.29134179200853516,0.492808582221603,10,629,0.015985039365597083
Post_631,Twitter,#Fitness,Shorts,Brazil,0.25599967502697,0.2862433084190682,0.8704208507136528,-1.596532436306944,High,-0.04596715053681322,0.22793180930948462,8,630,0.0159764935011942
Post_632,TikTok,#Dance,Shorts,Australia,-0.7113939809904458,-1.3801907086989296,1.3916596207211582,-1.2281944064032184,Low,-0.4820298688428589,0.0,6,631,0.01596794763679131
Post_633,TikTok,#Viral,Shorts,USA,-0.019864025630005184,-1.2337191088407378,-1.1400420557691873,1.5562198588070402,High,-0.2093513328582225,0.0,6,632,0.01595940177238843
Post_634,TikTok,#Dance,Tweet,Japan,0.1668829131464967,0.46549278722949056,0.03813854774239747,0.04583089870191298,High,0.17908628670507443,0.15433601677687336,6,633,0.01595085590798554
Post_635,Twitter,#Education,Reel,India,-0.6519014913212159,-0.029494062033489348,1.473377363065064,1.4393682769957272,Low,0.5578375216765215,0.0,10,634,0.015942310043582656
Post_636,Instagram,#Music,Shorts,India,0.13883400644722707,0.7663758409469852,-0.31223272395780893,0.8332663334723374,Low,0.3565608642271852,0.13000493762607707,6,635,0.01593376417917977
Post_637,TikTok,#Tech,Post,Canada,-1.486910995655181,1.5963330752411302,1.4639497161588617,-0.11246833825157945,High,0.3652258643733079,0.0,5,636,0.015925218314776887
Post_638,Instagram,#Tech,Shorts,UK,-0.9867567716042488,-0.9257622410437193,0.5920300072170044,-1.70113175519616,Medium,-0.7554051901567809,0.0,5,637,0.015916672450374002
Post_639,YouTube,#Dance,Live Stream,Germany,-0.500812358176109,1.4891935444617403,1.6407008919149217,1.2448723547238112,Low,0.9684886082310911,0.0,6,638,0.015908126585971114
Post_640,Twitter,#Comedy,Post,USA,0.23667386661714168,0.49383654178319486,-0.5471669322627299,-0.6491174542394254,High,-0.11644349452545469,0.21242540999666465,7,639,0.01589958072156823
Post_641,Instagram,#Music,Post,Germany,1.6433855024408004,0.7692995917222634,-1.1214276142500073,0.18970747187282275,High,0.3702412379464698,0.9720604828901221,6,640,0.015891034857165344
Post_642,Instagram,#Fashion,Live Stream,Japan,-0.6634203665958042,0.5435680182404155,0.12742593358763324,0.06851508834053818,Low,0.019022168393195676,0.0,8,641,0.01588248899276246
Post_643,Instagram,#Music,Video,Japan,-1.1221059544187613,0.4236595948571448,-0.5154088370276037,-0.1974640364654405,Medium,-0.35282980826366517,0.0,6,642,0.015873943128359574
Post_644,Instagram,#Fashion,Post,UK,0.4998229491468126,-1.3428747805575825,-0.8654704414936648,0.550134040575423,High,-0.2895970580822529,0.4053470672394902,8,643,0.015865397263956686
Post_645,TikTok,#Fashion,Tweet,UK,-1.0777332733714107,-1.0037127623059356,-0.12767105240719448,0.575338695729451,Low,-0.4084445980887724,0.0,8,644,0.0158568513995538
Post_646,Twitter,#Challenge,Post,India,-0.13636021526011854,-0.018020765152302762,-0.10685453277853643,-0.6161413637462387,Low,-0.21934421923429911,0.0,10,645,0.015848305535150917
Post_647,TikTok,#Music,Post,Australia,0.4298606858118816,0.9122238920616342,-1.0428409517180155,-1.4970440613795168,Low,-0.29945010880600414,0.3575770170167613,6,646,0.015839759670748032
Post_648,YouTube,#Music,Tweet,Canada,0.7327522863769821,1.3421538224149874,-1.1079054783589946,-0.707648264541557,High,0.06483809147285449,0.5497110613227951,6,647,0.015831213806345147
Post_649,YouTube,#Fitness,Live Stream,USA,0.36347126100649874,0.31993572552849475,-0.6674898564634195,1.0405746221142178,High,0.26412293804644793,0.3100338457117374,8,648,0.01582266794194226
Post_650,Instagram,#Gaming,Shorts,Brazil,0.3063024183364436,0.2623406065832628,-1.3931778159477612,0.2811443597371576,Medium,-0.13584760782272431,0.2672005647958472,7,649,0.015814122077539378
Post_651,Twitter,#Challenge,Post,Brazil,1.7154027989077059,-1.2030612956165525,1.2116741427418025,0.23059502356713482,Low,0.48865266740002267,0.9989403029368844,10,650,0.01580557621313649
Post_652,Instagram,#Comedy,Tweet,India,-0.9129359248861408,-1.5914005247756042,-1.5979366726587432,0.9202924066847173,Medium,-0.7954951789089427,0.0,7,651,0.015797030348733605
Post_653,TikTok,#Comedy,Tweet,Japan,-1.5187657222994275,0.8613353862691732,1.2452558339113402,-0.5858957775614052,High,0.00048243007992015974,0.0,7,652,0.01578848448433072
Post_654,YouTube,#Education,Video,UK,0.47774864527438027,1.1588235634940465,0.6097154470337486,1.55292925105082,Medium,0.9498042267132488,0.3905197439730671,10,653,0.015779938619927835
Post_655,Twitter,#Viral,Post,Australia,-0.07287689099248276,-0.8654096509881538,-0.8590706519879947,1.0626286953739923,Medium,-0.18368212464865974,0.0,6,654,0.01577139275552495
Post_656,Twitter,#Viral,Video,Canada,-1.687377798842617,-0.5332244503448131,-1.3054043588027915,-1.4611974407160104,Medium,-1.246801012176558,0.0,6,655,0.015762846891122062
Post_657,YouTube,#Fitness,Tweet,UK,0.07243635876835848,1.6275174407376403,0.11651876545162562,-0.47254484229926264,Medium,0.3359819306645904,0.06993303091567665,8,656,0.015754301026719177
Post_658,TikTok,#Fashion,Reel,Germany,-0.029633484570505197,-0.912473724486886,0.17346312906390507,0.5689675190099606,Low,-0.0499191402458814,0.0,8,657,0.015745755162316293
Post_659,Instagram,#Fashion,Post,Germany,-0.1796858504169534,-1.5471216356646962,0.7881869963128384,-0.5559302431005052,Medium,-0.3736376832173291,0.0,8,658,0.015737209297913408
Post_660,TikTok,#Tech,Post,Canada,1.5360591872261862,-0.6068655569572119,0.5586203533997698,-1.5806395009737095,Medium,-0.023206379326241366,0.9306113751142213,5,659,0.015728663433510523
Post_661,TikTok,#Fashion,Live Stream,Japan,0.06719222120283652,0.6070037104168311,0.07801680600622338,-0.37088606651134975,Low,0.09533166777863532,0.06503110717480566,8,660,0.015720117569107635
Post_662,Instagram,#Dance,Post,Germany,-0.9165313763177746,-0.9721404109245544,-0.6708961960390181,0.603273855191832,Low,-0.48907353202237885,0.0,6,661,0.015711571704704753
Post_663,TikTok,#Music,Tweet,Brazil,0.9654815336856655,-0.3573975613045032,0.7121120791244698,0.8557404843180123,High,0.543984133955911,0.6757372706108475,6,662,0.015703025840301865
Post_664,Twitter,#Fitness,Reel,USA,0.23753041593857152,-1.0731553073784799,-0.7415691403650737,0.17962560981121156,Medium,-0.3493921054984427,0.21311779369488046,8,663,0.01569447997589898
Post_665,Instagram,#Gaming,Shorts,USA,-1.4323070042732153,-0.7370278930120745,1.3047119428672427,-0.7578475360566628,Medium,-0.40561762261867745,0.0,7,664,0.015685934111496096
Post_666,Twitter,#Music,Live Stream,UK,0.7075327333962594,-0.3236081477238589,-1.0787623508788733,-0.5011101181404944,High,-0.2989869708367418,0.5350494826429005,6,665,0.01567738824709321
Post_667,Twitter,#Fashion,Reel,UK,0.3748846094046869,-1.5395281976322202,-1.110314001291236,-0.09069431671573862,High,-0.591412976558627,0.31836980716406305,8,666,0.015668842382690326
Post_668,TikTok,#Fashion,Shorts,Japan,-0.06138131385943737,0.8516980940217513,0.5895182618733812,-1.540662117382182,Low,-0.040206768836621665,0.0,8,667,0.015660296518287438
Post_669,YouTube,#Gaming,Video,UK,-1.222599747006194,0.5343187118778646,0.85514393382915,0.6503225448126843,High,0.20429636087837622,0.0,7,668,0.015651750653884553
Post_670,Instagram,#Tech,Tweet,Australia,0.6400962627003607,0.5349907588570163,0.24537474232654197,-0.4591723724814311,High,0.24032234785062195,0.49475493688203176,5,669,0.01564320478948167
Post_671,YouTube,#Fashion,Shorts,Germany,-1.3693855763604375,0.8070797172615813,-0.08944435272547697,0.7442798981924219,Medium,0.023132421592022195,0.0,8,670,0.015634658925078784
Post_672,YouTube,#Tech,Shorts,Canada,-0.7829590194156363,-0.48460150498722404,0.7827850234505255,1.3041733072667605,High,0.20484945157860643,0.0,5,671,0.0156261130606759
Post_673,Twitter,#Challenge,Live Stream,India,-1.4786401554074546,1.1541261629593578,0.2552840938191924,-0.6903550705886545,High,-0.18989624230438973,0.0,10,672,0.015617567196273012
Post_674,Twitter,#Music,Shorts,Canada,0.13658436530942378,-0.5105688459960933,-0.6669737444065106,0.1831262563603821,Medium,-0.2144579921831995,0.12802759411974557,6,673,0.015609021331870126
Post_675,Twitter,#Gaming,Reel,Brazil,0.6419978021939349,-1.4188784440760709,0.3179745049983907,0.7934289757427765,High,0.08363070971475779,0.49591367253600016,7,674,0.015600475467467241
Post_676,YouTube,#Dance,Live Stream,Canada,1.7167739630614507,1.1650659792488467,0.04092555284970541,-0.35373289842041405,Low,0.6422581491848972,0.9994451334101727,6,675,0.015591929603064356
Post_677,TikTok,#Fitness,Video,Australia,1.4966750494268428,-0.04025374201928813,0.21932828718787398,-0.894652803198248,Medium,0.19527419784929514,0.9149598664362267,8,676,0.015583383738661472
Post_678,Instagram,#Fashion,Post,Japan,1.3379722206734106,1.549061152161217,-1.0573609042523853,1.2298895874933613,High,0.764890514018901,0.8492839813169327,8,677,0.015574837874258587
Post_679,Instagram,#Music,Post,Brazil,0.9986005271283426,-0.013905343444920611,-1.1344680455545715,1.2793887296986328,High,0.28240396695687087,0.6924471991943126,6,678,0.0155662920098557
Post_680,Instagram,#Tech,Video,Brazil,-0.40428952824282494,1.2153794345333737,0.28040154725542443,0.7226459025185479,High,0.4535343390161303,0.0,5,679,0.015557746145452814
Post_681,TikTok,#Comedy,Tweet,Canada,-1.0667324391264232,0.762170351087758,1.514666327617774,-0.49487896728297076,High,0.17880631807403452,0.0,7,680,0.015549200281049929
Post_682,Twitter,#Music,Video,Japan,-0.015786165620542074,1.5978711621418689,-0.9324961939508977,0.9167217472045633,High,0.3915776374437481,0.0,6,681,0.015540654416647044
Post_683,Instagram,#Music,Reel,UK,0.17832298588351342,1.2995585149116449,-1.0001756883468815,-1.3899242769748978,High,-0.22805461613165529,0.16409222921345082,6,682,0.01553210855224416
Post_684,TikTok,#Viral,Post,Australia,0.03917415027913837,0.020978744596609866,0.044572744718528144,-0.14929513994885368,Medium,-0.011142375088644324,0.03842631142971063,6,683,0.015523562687841273
Post_685,Instagram,#Fitness,Reel,Australia,0.6699768144685758,0.2421237706537323,0.5899311515189083,-0.5055909457234327,Medium,0.24911019772944593,0.5128097427805354,8,684,0.015515016823438388
Post_686,YouTube,#Education,Video,USA,-0.7670498149391273,1.5782432333590177,-1.7232830875466791,0.8882964972252985,Medium,-0.005948292975372554,0.0,10,685,0.015506470959035502
Post_687,Twitter,#Education,Video,Australia,-0.2400170731817274,0.5410946082243625,-0.08724227461599911,1.2602751995401618,Low,0.36852761499169945,0.0,10,686,0.015497925094632617
Post_688,Instagram,#Comedy,Live Stream,India,1.5986290872974491,1.0633790358157695,-0.1566077350645522,-0.443489475941147,Medium,0.5154777280268799,0.9549840318531905,7,687,0.015489379230229732
Post_689,YouTube,#Education,Tweet,Australia,-0.688241110212469,1.5377957048612114,-0.8846009950697539,-1.4759001562225267,Medium,-0.3777366391608845,0.0,10,688,0.015480833365826847
Post_690,Instagram,#Tech,Live Stream,Australia,-1.372613054203585,0.6675502934148321,0.7677489588592469,-0.7093985878161423,Low,-0.1616780974364121,0.0,5,689,0.015472287501423961
Post_691,Instagram,#Music,Post,Canada,-0.2152011262412625,-1.3309442145977979,0.07591795030812727,-0.5213438551947002,Low,-0.4978928114314083,0.0,6,690,0.015463741637021076
Post_692,Twitter,#Comedy,Reel,Brazil,-1.3459935570119175,-0.4986036384394451,-0.8550105704736448,-1.2908559796333712,Low,-0.9976159363895947,0.0,7,691,0.01545519577261819
Post_693,Instagram,#Dance,Shorts,USA,0.8683337653674662,1.3281655456015118,-1.318788864811962,1.6419156863307354,Medium,0.6299065331219378,0.6250469990963791,6,692,0.015446649908215305
Post_694,Instagram,#Comedy,Video,Canada,-0.9971648737188069,1.324957733731953,-0.7645877381032096,1.101275833276835,Medium,0.16612023879669288,0.0,7,693,0.01543810404381242
Post_695,Instagram,#Dance,Live Stream,Germany,0.6514965915488631,0.9953637245340008,1.3815782318762049,0.5575554112596646,Medium,0.8964984898046833,0.5016819019948446,6,694,0.015429558179409535
Post_696,TikTok,#Fashion,Live Stream,Australia,1.6945516474662752,1.4327415982130034,1.417224371273378,-1.3868437080116278,High,0.7894184772352573,0.991231825944318,8,695,0.015421012315006649
Post_697,TikTok,#Comedy,Tweet,Germany,0.9276323322703244,0.8599566507140064,0.1604571052298014,0.9652407083760672,High,0.7283216991475499,0.6562924789730671,7,696,0.015412466450603764
Post_698,Instagram,#Gaming,Video,UK,1.658079092120336,-1.6551272063656732,-0.4234376684864417,1.5270944795179413,Medium,0.27665217419654065,0.9776037161012932,7,697,0.015403920586200878
Post_699,Twitter,#Viral,Video,USA,0.8580414687211654,0.033851561991081296,1.26211549443703,-0.027682678830668644,High,0.531581461579652,0.6195229591528965,6,698,0.015395374721797993
Post_700,YouTube,#Dance,Shorts,Japan,0.35642083223194554,0.10868433953558392,0.3633235510654507,-0.45686194575897854,Low,0.09289169426850041,0.3048494896237932,6,699,0.015386828857395108
Post_701,Twitter,#Education,Tweet,Germany,-1.6630093132676673,-1.1680039995907048,-0.34240807555174796,-1.0318081349947503,Low,-1.0513073808512177,0.0,10,700,0.015378282992992223
Post_702,Twitter,#Fitness,Post,Japan,0.9177093796914242,0.8731204575221312,-1.03671642197603,0.0016527392513805968,Medium,0.18894153862222646,0.6511314424004698,8,701,0.015369737128589337
Post_703,Twitter,#Challenge,Post,Brazil,-1.532539035388019,0.4129345564682095,0.9279157338533017,1.3066237598511798,Low,0.278733753696168,0.0,10,702,0.01536119126418645
Post_704,Twitter,#Fitness,Video,USA,-1.0487346247845397,0.5827407359736455,-0.18612934471973996,0.6232975534530876,High,-0.00720642001938665,0.0,8,703,0.015352645399783565
Post_705,Instagram,#Tech,Shorts,Australia,-0.8998245531131501,0.9545143535125781,-0.2879754572830917,1.0748809582960892,Medium,0.21039882535310636,0.0,5,704,0.01534409953538068
Post_706,TikTok,#Fashion,Live Stream,Germany,-0.877350754637203,1.5037430151444044,-1.6781748937728433,-0.023901980557564446,High,-0.2689211534558016,0.0,8,705,0.015335553670977796
Post_707,TikTok,#Tech,Reel,USA,0.022048645766199013,-1.4925819055628238,-0.4633503342207282,-1.5209884837758434,High,-0.8637180194482991,0.02180908924579903,5,706,0.015327007806574911
Post_708,YouTube,#Education,Post,Canada,0.26251698750386526,0.0823567259193345,-1.3442503929527998,-0.4721247647133622,Medium,-0.36787536106074054,0.23310733752546026,10,707,0.015318461942172025
Post_709,YouTube,#Gaming,Video,Australia,1.112659320009395,1.240245172761984,0.06170766500790287,-0.19844421749920826,Low,0.5540419850700183,0.7479474951613425,7,708,0.015309916077769138
Post_710,Instagram,#Gaming,Shorts,UK,0.5526932847022042,0.5764706069413545,-1.4492275853280654,0.5824100017587756,High,0.06558657701856721,0.4399910260791692,7,709,0.015301370213366253
Post_711,YouTube,#Challenge,Shorts,Japan,0.7391983339503343,0.759149603841262,-0.47756061952095263,-0.7528766179568406,Low,0.06697767507845073,0.553424279444109,10,710,0.015292824348963369
Post_712,Instagram,#Fashion,Live Stream,Japan,-1.3840099568548017,1.2921382848634861,0.496480461747941,-0.7923639110314844,High,-0.09693878031871472,0.0,8,711,0.015284278484560484
Post_713,TikTok,#Challenge,Post,UK,0.28027154183846265,-1.5436921175752112,-1.3941756325911185,-0.33363918722817504,Medium,-0.7478088488890104,0.24707219749387957,10,712,0.015275732620157597
Post_714,YouTube,#Challenge,Video,USA,0.25840966219774497,-0.475220560556592,0.1317956823361284,0.11605386847827429,High,0.007759663113888912,0.22984875089340845,10,713,0.015267186755754713
Post_715,Twitter,#Music,Shorts,Australia,0.7516600987179526,-0.2729136348738333,-1.613970553893379,-0.730122415387232,High,-0.466336626359123,0.5605639661112172,6,714,0.015258640891351826
Post_716,Instagram,#Challenge,Post,USA,-0.8171373930590577,-1.488916824614667,-0.16988901866234063,1.4385281218239263,Low,-0.25935377862803477,0.0,10,715,0.015250095026948941
Post_717,Twitter,#Education,Tweet,Canada,-1.1744918256779522,1.6101412157509156,-1.7049094983207231,1.1180789367128539,Medium,-0.03779529288372646,0.0,10,716,0.015241549162546057
Post_718,TikTok,#Fashion,Live Stream,India,0.8256179933274894,1.4292427969297914,1.5085417978757887,1.1455940185893343,Low,1.227249151680601,0.6019185561942642,8,717,0.015233003298143172
Post_719,TikTok,#Tech,Video,Brazil,0.854643366253189,-0.07831100033351393,1.6164436252402046,1.7191399492054378,Medium,1.0279789850913295,0.6176924221868456,5,718,0.015224457433740285
Post_720,TikTok,#Music,Reel,UK,1.35224987000246,1.4062477049318094,1.4750289216471724,-0.6916853162773393,Low,0.8854602950760257,0.8553722616395478,6,719,0.0152159115693374
Post_721,TikTok,#Fitness,Reel,Germany,-1.6365344016014571,0.5401246435121849,1.6602099276660773,-0.8991336307811864,Low,-0.08383336530109531,0.0,8,720,0.015207365704934514
Post_722,TikTok,#Comedy,Shorts,UK,0.17013300389173003,-0.8275394572969909,-0.4580859912402577,-1.2769934192986558,High,-0.5981214659860437,0.15711742088868935,7,721,0.01519881984053163
Post_723,Instagram,#Music,Live Stream,USA,-0.48869047217923417,0.34976906874732894,0.8173645312634202,-1.3074490442764397,High,-0.15725147911123116,0.0,6,722,0.015190273976128744
Post_724,TikTok,#Gaming,Shorts,UK,0.783418891838199,0.64077926735873,0.7067789212030782,-1.592471686309906,High,0.1346263485225253,0.5785322478206593,7,723,0.01518172811172586
Post_725,YouTube,#Tech,Tweet,Canada,-0.37679429502492756,-0.717794878433467,0.4911128963560887,0.7877579283331202,Medium,0.046070412807703576,0.0,5,724,0.015173182247322973
Post_726,Twitter,#Fitness,Reel,Brazil,-1.6707470372177358,0.17359576373838415,-1.1653659540281829,1.3561929149874348,Low,-0.326581078130025,0.0,8,725,0.015164636382920088
Post_727,Twitter,#Music,Shorts,USA,-1.2470854085283156,1.0038370591268098,1.1923027368724892,0.06011353662252884,High,0.2522919810233781,0.0,6,726,0.015156090518517202
Post_728,Instagram,#Music,Shorts,Japan,-1.0933019138377191,0.3255615208591249,0.2520497915958968,1.3994609063351828,Medium,0.22094257623812136,0.0,6,727,0.015147544654114317
Post_729,TikTok,#Comedy,Shorts,UK,0.04454985382043195,-0.18276927151566985,0.8061476958932673,-1.2732127210255517,Low,-0.1513211107068806,0.043586030717893964,7,728,0.015138998789711432
Post_730,Instagram,#Comedy,Shorts,Australia,-0.05661341771663039,-0.5880066716247301,-1.601927939232172,1.2158870012966791,High,-0.2576652568192134,0.0,7,729,0.015130452925308548
Post_731,Twitter,#Comedy,Reel,UK,0.031059544627640774,1.1284844529610054,1.070190624207849,1.2930412512403981,Low,0.8806939682592232,0.030586957613124948,7,730,0.015121907060905661
Post_732,YouTube,#Gaming,Tweet,UK,0.9444316628016632,-1.6944592754444752,1.5102277639283577,0.8591011050052161,High,0.40482531407269046,0.6649697301553565,7,731,0.015113361196502775
Post_733,Twitter,#Fitness,Post,Germany,-0.1426712706604135,0.8169456440483022,-1.6558444454439192,0.9670610445816359,Low,-0.0036272568685986606,0.0,8,732,0.01510481533209989
Post_734,Twitter,#Music,Video,India,1.0154327491536241,1.633725214895577,-1.6857445372741735,-1.3813126864639382,Medium,-0.10447481492222765,0.7008339361881449,6,733,0.015096269467697005
Post_735,YouTube,#Challenge,Reel,India,1.1792145727634067,1.4761960173185604,0.7435260996549902,1.278408548664865,Medium,1.1693363096004556,0.7789645241585744,10,734,0.01508772360329412
Post_736,YouTube,#Challenge,Post,Canada,-0.5692335179719235,-0.9253188286038666,1.1813955687364817,0.7568822257694359,High,0.1109313619825319,0.0,10,735,0.015079177738891236
Post_737,Instagram,#Fashion,Video,UK,0.16115910796097402,1.2370858591280343,-0.548680860962996,1.430826699415751,High,0.5700977013854408,0.14941873722013232,8,736,0.015070631874488349
Post_738,Instagram,#Music,Shorts,India,0.5436124914161338,0.9035842778038808,1.051817034981893,-0.7424446912403123,Medium,0.43914227824039875,0.4341254430404814,6,737,0.015062086010085463
Post_739,TikTok,#Comedy,Shorts,UK,0.03274317797384324,0.31868862804140924,0.7556719367275792,-0.7827721394867571,Medium,0.08108290081401864,0.032218541583103895,7,738,0.015053540145682578
Post_740,Twitter,#Fashion,Shorts,UK,0.8084315025028642,0.8915705720116238,0.9957328581311282,-0.2183979028294804,High,0.6193342574540339,0.5924598963832804,8,739,0.015044994281279693
Post_741,Instagram,#Dance,Shorts,India,-0.7373234420487695,1.059159689317797,1.6452082705452593,1.4241054580413435,Low,0.8477874939639076,0.0,6,740,0.015036448416876808
Post_742,YouTube,#Fashion,Video,UK,1.2715519600924563,-0.7975259777744665,0.3428511061413986,0.09729040297472012,High,0.22854187285852712,0.8204632807487658,8,741,0.015027902552473923
Post_743,YouTube,#Viral,Post,Canada,-1.4854356751039501,0.2795228386275519,-1.439077381542191,1.619721587208994,Low,-0.2563171577023987,0.0,6,742,0.015019356688071037
Post_744,Twitter,#Challenge,Live Stream,USA,0.11150734213578709,0.413426467143671,-0.7943157925811609,-0.7737404713898971,High,-0.26078061367289995,0.10571706001054205,10,743,0.01501081082366815
Post_745,TikTok,#Fashion,Reel,Japan,-1.2938365557314127,-1.2233820563366735,-1.611527623490677,0.1381779546690322,High,-0.9976420702224328,0.0,8,744,0.015002264959265266
Post_746,Twitter,#Fashion,Live Stream,UK,0.3571739103953466,-0.9792142250040783,-1.2485976250723545,-0.23422082523173132,Medium,-0.5262146912282044,0.3054045306333475,8,745,0.014993719094862381
Post_747,Instagram,#Comedy,Tweet,USA,-0.8735682328337688,0.682654029647312,1.5056859778275595,0.507216113882592,Medium,0.45549697213092366,0.0,7,746,0.014985173230459496
Post_748,YouTube,#Challenge,Live Stream,Brazil,0.03911933112256686,-1.1320321654076608,-1.3962744882892146,0.8745739627525498,Low,-0.4036533399554397,0.03837355742064041,10,747,0.01497662736605661
Post_749,Twitter,#Fashion,Post,Japan,0.10518600814363498,-0.3889699126858844,-0.3170153623518312,-0.17183930372551207,Medium,-0.19315964265489816,0.10001365396493986,8,748,0.014968081501653725
Post_750,Twitter,#Gaming,Post,India,0.7407442341656508,1.0626099923654002,0.9262641752711933,-1.0478410961899514,Low,0.4204443264030732,0.5543127425648343,7,749,0.014959535637250838
Post_751,Twitter,#Challenge,Video,USA,-0.10835036720990611,-1.0155532601138753,0.8681155501927932,-1.1268856952702224,Low,-0.34566844310030265,0.0,10,750,0.014950989772847954
Post_752,Twitter,#Education,Reel,Germany,-0.35393744769243696,1.4289795207936289,-0.08782720161382916,1.0582878936530207,Medium,0.5113756912850959,0.0,10,751,0.014942443908445069
Post_753,Twitter,#Fashion,Shorts,UK,-1.1849828417668247,-0.6192118220793583,-0.6812184371771957,1.1485345616906375,High,-0.33421963483318523,0.0,8,752,0.014933898044042184
Post_754,YouTube,#Tech,Video,Canada,0.7718280664206106,-1.5865714861728342,-0.9180106488869885,0.04569087283994616,Low,-0.4217657989498165,0.572011819496031,5,753,0.014925352179639298
Post_755,Twitter,#Tech,Reel,UK,0.6790439029655034,-0.03437852719124089,-1.574436370334159,0.15624129086275226,Medium,-0.19338242592428606,0.5182245260355586,5,754,0.014916806315236413
Post_756,TikTok,#Education,Reel,USA,1.3531043636055184,0.7177736805475142,0.7677833663297075,-0.20068463129067743,High,0.6594941947980157,0.8557354621851512,10,755,0.014908260450833526
Post_757,Instagram,#Fitness,Post,Japan,-0.6864286518483236,0.4698576284342898,0.2768575777979835,-1.1611920314520938,Medium,-0.27522636926703603,0.0,8,756,0.014899714586430642
Post_758,Instagram,#Comedy,Shorts,UK,1.3896344790658577,1.6862210907825037,-1.463162610864605,0.2974573726562924,High,0.47753758291001214,0.8711404166179193,7,757,0.014891168722027757
Post_759,Instagram,#Challenge,Tweet,USA,-1.129764190591801,1.207550433642226,1.5904659850424578,1.3764266520416406,High,0.7611697200336309,0.0,10,758,0.014882622857624872
Post_760,TikTok,#Dance,Post,Australia,1.0206645524089175,-0.8678414910879706,-0.6733047189712595,-1.070945363414477,Medium,-0.3978567552661974,0.7034264436500214,6,759,0.014874076993221986
Post_761,Instagram,#Tech,Reel,Australia,1.700051379349312,-0.9577017933518535,0.8024660965539839,1.0157200316151067,Medium,0.6401339285416372,0.9932708022178609,5,760,0.0148655311288191
Post_762,Instagram,#Education,Tweet,Brazil,-1.4300834022347835,0.8791550236957504,-1.3151760804135997,-0.5307956008774607,Low,-0.5992250149575233,0.0,10,761,0.014856985264416214
Post_763,Twitter,#Gaming,Post,Germany,0.28729867247147295,-1.0876424231867896,0.5484357421434346,-0.43788844146247413,Low,-0.17244911250858902,0.2525459704326076,7,762,0.01484843940001333
Post_764,YouTube,#Dance,Live Stream,Australia,-1.2648803919908846,1.5701232430542165,-0.1556787333621162,1.6894544664684714,Low,0.4597546460424218,0.0,6,763,0.014839893535610445
Post_765,Twitter,#Tech,Post,Canada,1.672162818683014,-1.2340724531287453,-0.7225074017299058,-0.9634055014239576,Low,-0.3119556343998987,0.9828881889537878,5,764,0.01483134767120756
Post_766,YouTube,#Gaming,Shorts,Germany,0.34446408894424235,-1.184812102388868,0.8252782494693564,1.0406446350452012,High,0.256393717767483,0.2959954867711474,7,765,0.014822801806804673
Post_767,YouTube,#Comedy,Live Stream,Japan,1.6205793628281384,-1.2451854774025517,1.2019368286014551,0.6317691181020803,Low,0.5522749580322805,0.9633954241776173,7,766,0.014814255942401787
Post_768,Instagram,#Comedy,Reel,Brazil,-0.4069242739555431,1.3276043517323233,-0.6270954861426847,-0.8910121307871106,Medium,-0.1493568847882538,0.0,7,767,0.014805710077998902
Post_769,YouTube,#Gaming,Post,India,-1.3141367746492996,1.3780148034880682,-1.326289693372371,-0.7954444799947545,Low,-0.5144640361320892,0.0,7,768,0.014797164213596017
Post_770,TikTok,#Gaming,Tweet,Australia,-0.8197234867703187,0.10752731020034348,0.8016747247333904,-0.8739989885581417,Low,-0.19613011009868164,0.0,7,769,0.014788618349193133
Post_771,Twitter,#Comedy,Video,Canada,0.40533939183798856,-1.3699367960273376,-1.1370830133095764,1.4565214450866628,Medium,-0.1612897431030656,0.3402788336418215,7,770,0.014780072484790248
Post_772,Twitter,#Gaming,Shorts,Japan,1.6497602851106097,-0.6016069625533347,-1.6383654504499385,-0.13130181668611704,Medium,-0.18037848614469515,0.9744691774576921,7,771,0.014771526620387361
Post_773,Instagram,#Challenge,Shorts,Japan,-1.5156499384877944,0.5160556620114348,-0.9158085707775107,-1.3181610227169016,Low,-0.808390967492693,0.0,10,772,0.014762980755984475
Post_774,Instagram,#Viral,Tweet,Australia,0.9136109624982467,1.0646469182609732,-1.3714667020871278,-0.4532912862788246,High,0.038374973098316875,0.6489920134880375,6,773,0.01475443489158159
Post_775,Instagram,#Education,Shorts,Australia,0.48382603401978913,0.7370136234454944,-1.4525651099627428,-1.6594740612610306,Low,-0.47279987843962246,0.3946239101240108,10,774,0.014745889027178705
Post_776,TikTok,#Dance,Post,Australia,-1.210357258864862,1.6498959123114523,-0.9822149887664529,-0.3794976570223093,High,-0.23054349808554295,0.0,6,775,0.01473734316277582
Post_777,YouTube,#Comedy,Tweet,Brazil,1.1757589101810302,-0.029604915143452502,0.2529099783574116,1.094764630695378,High,0.6234571510225918,0.7773775279019113,7,776,0.014728797298372934
Post_778,YouTube,#Challenge,Tweet,Germany,1.3953178551234087,0.11159423367211675,0.9611533503182335,0.9520082644202025,Low,0.8550184258834903,0.8735159381835568,10,777,0.01472025143397005
Post_779,YouTube,#Viral,Reel,UK,-0.3483698771031431,-0.9025523711451836,-1.5422653854535056,1.4443391950955493,Low,-0.33721210965157067,0.0,6,778,0.014711705569567163
Post_780,YouTube,#Fitness,Live Stream,Brazil,1.6578392583103359,-1.7094244452895013,0.3640805154155837,-0.40183178200601744,High,-0.022334113392399796,0.9775134837860645,8,779,0.014703159705164278
Post_781,Instagram,#Dance,Post,Japan,-0.06943287748087773,1.1442394512145189,-0.8570406112308198,0.5343811311041555,Low,0.18803677340174424,0.0,6,780,0.014694613840761393
Post_782,TikTok,#Education,Post,Germany,-1.1660572131999685,-0.05068779099457013,1.654257435276395,-1.6445613069615639,High,-0.3017622189699269,0.0,10,781,0.014686067976358508
Post_783,YouTube,#Education,Video,Canada,1.1992002667704647,1.0157676250865944,1.5079912783484193,1.0624886695120255,Low,1.196361959929376,0.7880937791723039,10,782,0.014677522111955622
Post_784,Instagram,#Education,Live Stream,Australia,-0.9894477069524528,1.7023225050046522,-0.8716293787061107,-0.35513315704008225,Low,-0.12847193442349836,0.0,10,783,0.014668976247552737
Post_785,Twitter,#Comedy,Video,USA,-0.466902598399888,-1.6571987738581095,-1.732745141923342,1.076561268639691,Medium,-0.6950713113854121,0.0,7,784,0.01466043038314985
Post_786,TikTok,#Challenge,Shorts,Canada,0.3019011253032086,0.45547443741657034,0.3721662709738228,0.7214556826918299,High,0.46274937909635794,0.26382560027540614,10,785,0.014651884518746966
Post_787,YouTube,#Dance,Post,India,-1.2005658722617334,1.4507483002626436,0.5994620208364922,-1.2050201262477092,High,-0.08884391935257668,0.0,6,786,0.014643338654344081
Post_788,TikTok,#Music,Shorts,USA,0.10608504231140772,1.4931981130591594,-1.2712377406354238,0.8970481135982248,Low,0.306273382083342,0.10082679192658778,6,787,0.014634792789941196
Post_789,YouTube,#Gaming,Live Stream,USA,1.5693830672665492,-0.6964417981268142,1.5412633022838116,1.1429335272119647,Medium,0.8892845246588779,0.9436658184428628,7,788,0.01462624692553831
Post_790,YouTube,#Tech,Tweet,Japan,-0.13119488023216813,-0.533868784046474,-0.8990521326632024,-0.43858857077230823,High,-0.5006760919285381,0.0,5,789,0.014617701061135425
Post_791,YouTube,#Comedy,Reel,UK,-0.7352553893671093,-1.4444716558388144,-1.7221476410214795,-0.4542014543816089,Medium,-1.089019035152253,0.0,7,790,0.014609155196732539
Post_792,TikTok,#Music,Tweet,Canada,-1.6065791587324132,-1.3107065937101492,1.7017397445120117,0.04513076939207887,Low,-0.2926038096346179,0.0,6,791,0.014600609332329654
Post_793,TikTok,#Fashion,Tweet,UK,-1.1492037487515152,-1.5833359610257847,1.5009033394335374,-0.5051708681375322,High,-0.43420180962032373,0.0,8,792,0.014592063467926769
Post_794,Twitter,#Viral,Live Stream,Australia,0.2463700049357273,-1.5890587528276325,-0.9076195928078897,0.4433643208257211,Low,-0.4517360049685185,0.2202353304851174,6,793,0.014583517603523884
Post_795,Twitter,#Education,Live Stream,Japan,0.8824168066906868,1.3985087721925065,1.5203435602437716,-1.1135832383833744,Medium,0.6719214751858975,0.6325564867223774,10,794,0.014574971739120998
Post_796,Instagram,#Fitness,Shorts,UK,1.3681241272666547,-0.5864893696821094,-0.16964816636911648,-1.3976256993830731,Low,-0.1964097770419111,0.8620981342571812,8,795,0.014566425874718111
Post_797,Instagram,#Challenge,Post,Australia,0.21625373079425467,0.3133330371663143,-0.4805196619805635,-1.3317435313276833,Low,-0.3206691063369195,0.19577542197010872,10,796,0.014557880010315227
Post_798,Instagram,#Comedy,Post,India,0.7157590330792715,1.4097395778956487,0.746657179466904,-0.38971954494588734,Low,0.6206090613739842,0.5398555675919736,7,797,0.014549334145912342
Post_799,Twitter,#Viral,Shorts,Brazil,1.6211117938863393,-0.18788929953209307,0.3830734391098304,-0.3441411268756867,Medium,0.36803870164709745,0.9635985765740914,6,798,0.014540788281509457
Post_800,YouTube,#Challenge,Live Stream,Canada,0.8295690840373808,0.7612973828467982,0.6783927580730899,1.5420072338174078,High,0.9528166146936692,0.6040804659215449,10,799,0.014532242417106572
Post_801,Instagram,#Dance,Reel,Canada,-1.6855578028444431,-1.0555643044912015,-0.46479544798007305,-1.5220386777405945,High,-1.1819890582640782,0.0,6,800,0.014523696552703686
Post_802,Instagram,#Gaming,Video,UK,-0.9979350828686366,0.8575248106141897,-0.5545301309412966,0.3538177820979383,Low,-0.08528065527445129,0.0,7,801,0.0145151506883008
Post_803,TikTok,#Education,Tweet,Germany,-0.015766978915742046,-1.7087246850328588,1.1907888081722233,0.9316345015040299,High,0.09948291143191312,0.0,10,802,0.014506604823897915
Post_804,Twitter,#Gaming,Live Stream,Germany,0.6169755981768698,0.8073291367589984,-1.061937097823644,-0.8173585273925622,High,-0.1137477225700845,0.48055748968139306,7,803,0.01449805895949503
Post_805,Twitter,#Fitness,Shorts,Japan,-0.7917670873977635,1.1597381016512425,0.3449843693099553,-1.6928702293401177,High,-0.24497871144417083,0.0,8,804,0.014489513095092145
Post_806,Twitter,#Comedy,Tweet,Germany,-1.2913196712053232,-0.8966910129558817,0.9222729086977647,-1.2613105227583719,Medium,-0.6317620745554531,0.0,7,805,0.01448096723068926
Post_807,Instagram,#Gaming,Reel,Japan,-0.8655200954096143,1.5932846147171433,1.0319639245261314,-1.5221787036025614,Low,0.05938743505777477,0.0,7,806,0.014472421366286374
Post_808,Twitter,#Fitness,Live Stream,Canada,0.9135184551715323,0.16190768895664395,0.3542743863343151,-1.0322982255116342,Low,0.09935057623771426,0.6489436705570117,8,807,0.014463875501883487
Post_809,YouTube,#Music,Video,Australia,1.441556443212562,0.9989387373303126,0.40320180932927663,-1.2443673934603863,Medium,0.39983239910294127,0.8926357225044798,6,808,0.014455329637480602
Post_810,Twitter,#Dance,Post,Brazil,-1.5301872935711014,-1.0186155772766075,1.4688011694938052,-1.1037114151147134,Low,-0.5459282791171542,0.0,6,809,0.014446783773077718
Post_811,Twitter,#Dance,Live Stream,India,-1.3877869967425787,-0.7706995251633829,0.7889439606629713,-1.2500384408700427,High,-0.6548952505282581,0.0,6,810,0.014438237908674833
Post_812,YouTube,#Music,Video,Australia,0.16507319574017976,0.0721720964414696,1.467459278145842,1.526184311415157,High,0.8077222204356621,0.15278391400553504,6,811,0.014429692044271946
Post_813,Instagram,#Fitness,Post,Australia,-1.0247834500389903,-0.18205565462028203,-1.4429310182337771,0.6880595146127428,Low,-0.4904276520700767,0.0,8,812,0.014421146179869062
Post_814,Instagram,#Dance,Video,India,1.1787561475665775,1.662034327852418,-1.160308055870476,0.8550403550081782,Medium,0.6338806936391744,0.7787541394506728,6,813,0.014412600315466175
Post_815,Twitter,#Fashion,Video,Canada,-1.5662795410183257,0.11058269904370295,0.058851844959673744,1.4157739192543177,Medium,0.0047322305598421766,0.0,8,814,0.01440405445106329
Post_816,TikTok,#Education,Live Stream,UK,-0.06045487011337887,-1.4627277773858716,0.6296373724304313,-1.1425685918105066,Low,-0.5090284667198315,0.0,10,815,0.014395508586660406
Post_817,Instagram,#Gaming,Reel,India,-1.3039918044862846,-0.9600989918548066,-0.443394001353585,-0.032023480551640136,High,-0.684877069561579,0.0,7,816,0.01438696272225752
Post_818,YouTube,#Viral,Reel,Australia,-0.9374928513118053,-1.083471574924426,0.9114345555026783,0.5418725147193805,High,-0.14191433900354314,0.0,6,817,0.014378416857854634
Post_819,Instagram,#Fitness,Live Stream,Japan,-0.7731313151212791,1.3858576610179614,1.4041839399688136,0.016285441826913515,Low,0.5082989319231024,0.0,8,818,0.01436987099345175
Post_820,YouTube,#Gaming,Tweet,UK,-0.7377578838645987,0.960327213466271,-0.8100400065816513,1.3622140270520082,High,0.1936858375180073,0.0,7,819,0.014361325129048863
Post_821,Instagram,#Education,Video,Canada,-1.5554465904403383,-1.4142849683319725,-0.25029927712874367,0.3153106700570622,High,-0.726180041460998,0.0,10,820,0.014352779264645978
Post_822,Twitter,#Fashion,Reel,Japan,0.9295331865244415,-1.001370990357964,1.2278112463878201,-0.36262454065530725,High,0.19833722547474758,0.6572781013938511,8,821,0.014344233400243094
Post_823,YouTube,#Challenge,Post,Japan,-1.3605542102367674,1.7160197924044744,-0.36425681929422377,0.08559824350049047,Low,0.019201751593493445,0.0,10,822,0.014335687535840209
Post_824,Instagram,#Viral,Reel,India,-1.0594784942330981,1.6360323452466852,-0.13685784702017248,-0.9963115789861609,Low,-0.13915389374818657,0.0,6,823,0.014327141671437322
Post_825,Instagram,#Gaming,Reel,Japan,-1.6384647211522314,0.6251351222151798,1.0960306345237534,-1.1205845314817156,Low,-0.25947087397375346,0.0,7,824,0.014318595807034437
Post_826,Twitter,#Viral,Reel,Germany,-0.8697863962697919,0.5897036969432062,-0.43503298603166113,1.044705385042239,High,0.08239742492099805,0.0,6,825,0.014310049942631551
Post_827,TikTok,#Music,Shorts,Germany,1.5949192008764723,-1.0595896580467388,0.07185786879377744,1.5136519967691264,High,0.5302098520981593,0.953555379669315,6,826,0.014301504078228666
Post_828,TikTok,#Viral,Video,Japan,1.1396646070154346,1.2350004349968522,1.6231874894504805,0.919382238581933,Medium,1.2293086925111751,0.7606490910572831,6,827,0.014292958213825781
Post_829,YouTube,#Fashion,Post,Japan,1.4338303683332652,0.0945367113765362,0.22534959451847753,-0.47849594143285257,Medium,0.31880518319885665,0.8894662995866826,8,828,0.014284412349422897
Post_830,Twitter,#Fitness,Live Stream,India,0.039712063252996296,-1.428439524810393,1.25396092393787,-1.6687157681508407,Medium,-0.4508705764425918,0.03894381256311681,8,829,0.01427586648502001
Post_831,Twitter,#Fashion,Tweet,Brazil,-1.5990634523664593,0.9129790788732582,-0.5697726403553387,0.7099735620105505,High,-0.13647086295949734,0.0,8,830,0.014267320620617124
Post_832,YouTube,#Comedy,Reel,UK,-0.9792033770681521,-1.510609392570582,-1.132988524324766,0.8448884800155836,Low,-0.694478203486979,0.0,7,831,0.014258774756214239
Post_833,YouTube,#Fitness,Live Stream,Canada,-1.6324832659308226,0.8519821551160319,1.2038980544177087,1.6645298630383771,Low,0.5219817016603238,0.0,8,832,0.014250228891811354
Post_834,Instagram,#Challenge,Shorts,India,1.452383226635435,-0.37633265815008465,-1.3617982028877016,1.5576201174267086,High,0.3179681207560893,0.897060297311743,10,833,0.01424168302740847
Post_835,Instagram,#Tech,Shorts,UK,0.81141709081764,-1.0045441606306593,-0.8664338506665613,0.05619281248745782,High,-0.2508420269980307,0.594109462056985,5,834,0.014233137163005585
Post_836,Instagram,#Fitness,Tweet,USA,0.07938468686379721,1.1800519340519906,0.6442605473761828,-0.33048860533392155,High,0.3933021407395123,0.07639114439044933,8,835,0.014224591298602698
Post_837,Instagram,#Music,Video,Canada,-1.272755849071839,-1.4378481825185159,-0.05541536443995167,1.1847312470090612,Medium,-0.3953220372553113,0.0,6,836,0.014216045434199812
Post_838,TikTok,#Music,Video,USA,0.22681327082884153,1.0291462097952726,1.1740667775283757,-1.081517315992972,Medium,0.33712723553987944,0.2044199706341119,6,837,0.014207499569796927
Post_839,TikTok,#Viral,Tweet,UK,1.4172092000607837,-1.075691072268887,-1.7083502453667823,-1.2188826865824247,High,-0.6464287010393276,0.882613651579764,6,838,0.014198953705394042
Post_840,YouTube,#Fashion,Post,India,1.2762753156705489,-1.2739241461604998,-0.8842225128946873,-0.2700674458952378,Low,-0.287984697319969,0.8225404736543095,8,839,0.014190407840991157
Post_841,Instagram,#Comedy,Post,Brazil,1.5489444299783193,1.1974974422324423,-0.6846591842232548,-0.45609180351816103,Medium,0.40142272111733635,0.9356793244416745,7,840,0.01418186197658827
Post_842,YouTube,#Challenge,Live Stream,India,1.6084999616776066,0.6102392355638807,-0.6009114011221743,1.6797226690617775,High,0.8243876162952726,0.9587753287889575,10,841,0.014173316112185386
Post_843,Instagram,#Comedy,Reel,USA,0.7206605509162215,0.7911584393431231,1.6433502671403875,0.2027298770357372,High,0.8394747836088673,0.5427082583307647,7,842,0.0141647702477825
Post_844,TikTok,#Tech,Video,USA,1.1835329518223274,-1.1380459466231618,-1.1210147246044802,-0.7103087559189266,Low,-0.44645911883106026,0.7809441851153069,5,843,0.014156224383379615
Post_845,Instagram,#Gaming,Tweet,Japan,0.6768141337719573,0.33138823745156326,-0.16252581998377397,0.18529665722086786,Low,0.2577433021151536,0.5168956441238266,7,844,0.01414767851897673
Post_846,Twitter,#Tech,Tweet,Brazil,-0.8441022509371258,-0.07362745643757061,0.4517163426787111,1.506090600222918,Low,0.2600193088817332,0.0,5,845,0.014139132654573845
Post_847,Instagram,#Education,Video,India,-1.205251539669683,1.178583130344979,0.4204055445595725,0.9724520402673585,Low,0.34154729387555677,0.0,10,846,0.014130586790170959
Post_848,Instagram,#Challenge,Tweet,Brazil,0.09725230570882337,-0.44100159117484045,-0.7219568822025363,1.5380865096823368,Low,0.11809508550344588,0.0928091509363096,10,847,0.014122040925768074
Post_849,Instagram,#Dance,Reel,UK,-1.4689885576535833,-1.7122927695097978,-1.682407012639496,0.13733779949723127,High,-1.1815876350764114,0.0,6,848,0.014113495061365187
Post_850,TikTok,#Fashion,Shorts,USA,-0.46262464846893886,-0.16090349557543743,-1.5337667402497395,-1.012344540181362,High,-0.7924098561188694,0.0,8,849,0.014104949196962303
Post_851,Twitter,#Comedy,Video,Japan,-0.7292513212436148,-1.6129614546634379,-1.652334883456939,-0.06184898915057325,High,-1.0140991621286413,0.0,7,850,0.014096403332559418
Post_852,Twitter,#Comedy,Live Stream,Brazil,0.35459261336028575,0.7022265318751817,-1.1864577334205257,-0.976567932448839,Low,-0.27655163015847434,0.3035007547794325,7,851,0.014087857468156533
Post_853,TikTok,#Fitness,Video,UK,0.4737639778310887,1.6482885422169866,1.6388084810395893,0.6717465016936081,High,1.1081518756953181,0.3878196573578592,8,852,0.014079311603753647
Post_854,Twitter,#Challenge,Reel,Japan,-0.2269605205653083,0.12358022618688293,1.276463409619097,-0.9788783591712915,Medium,0.04855118901734501,0.0,10,853,0.014070765739350762
Post_855,Twitter,#Comedy,Tweet,Germany,-0.9901754312559395,-0.3311877291175896,1.588504759226204,-0.28294982519618544,Low,-0.003952056585877647,0.0,7,854,0.014062219874947875
Post_856,Twitter,#Fashion,Reel,UK,0.23948608934926008,-1.658147953612169,-0.5114519779246356,1.2990623633049714,Low,-0.1577628697206433,0.21469684963808702,8,855,0.01405367401054499
Post_857,Instagram,#Challenge,Shorts,Japan,-1.6574129626211733,0.9371450568452261,-0.13393321203102218,-1.2575298244852675,Medium,-0.5279327355730592,0.0,10,856,0.014045128146142106
Post_858,Twitter,#Fitness,Reel,Germany,-1.087727490853854,-0.3456332750096633,-0.03845248150287991,1.6817530440602964,Medium,0.05248494917347479,0.0,8,857,0.014036582281739221
Post_859,Instagram,#Challenge,Reel,Germany,1.3632178127535046,-0.9251386923001765,0.16647841256040494,0.3629894760567652,High,0.24188675226762457,0.8600241703230642,10,858,0.014028036417336335
Post_860,Twitter,#Gaming,Reel,India,-0.38705095921945687,0.33749208681890946,0.09322490794980495,0.07775679523034844,High,0.030355707694901497,0.0,7,859,0.014019490552933448
Post_861,Instagram,#Dance,Tweet,Canada,-1.555225258095681,0.17788439343008372,0.368106189459473,0.972522053198342,Medium,-0.009178155501945534,0.0,6,860,0.014010944688530563
Post_862,Instagram,#Fitness,Shorts,USA,0.44202094521835655,-1.2548019846918554,1.602164524999059,-1.7336177551724627,Low,-0.23605856741172565,0.366045563874021,8,861,0.014002398824127679
Post_863,Twitter,#Viral,Video,UK,0.10798589656552479,1.4251481601805274,-0.35090672075551416,1.5775037898259971,Low,0.6899327814541338,0.10254385951260525,6,862,0.013993852959724794
Post_864,TikTok,#Viral,Video,Canada,-1.459112886597226,-0.43057447051893116,1.0861556905015637,1.3636842986026598,Low,0.14003815799701658,0.0,6,863,0.013985307095321909
Post_865,YouTube,#Fashion,Reel,Brazil,0.7963884190435608,1.3657724631565122,-1.4098998465916088,0.014955196138228702,High,0.19180405793667324,0.5857782154524607,8,864,0.013976761230919022
Post_866,Instagram,#Tech,Post,India,1.28102539558747,1.64480359757252,-1.455076855306366,-1.5066358329242442,Low,-0.00897092376765507,0.8246250767727024,5,865,0.013968215366516136
Post_867,YouTube,#Fitness,Shorts,Germany,-0.9183637066261773,-1.4928036117827501,-1.2116095943272183,1.4910378200614844,Medium,-0.5329347731686653,0.0,8,866,0.013959669502113251
Post_868,Instagram,#Comedy,Video,Australia,-0.2551430489587209,-1.426998434380872,-1.727687243765635,-1.1153335616579596,Low,-1.1312905721907969,0.0,7,867,0.013951123637710366
Post_869,YouTube,#Dance,Shorts,USA,-0.5549298295435026,1.0449150646875316,-1.4955056330975613,0.6200069456968672,High,-0.09637836306416628,0.0,6,868,0.013942577773307482
Post_870,Twitter,#Education,Tweet,USA,-1.0508951847929142,1.5519779746171225,-0.8074250388266464,-0.07991232534429331,Medium,-0.09656364358668286,0.0,10,869,0.013934031908904597
Post_871,Instagram,#Music,Reel,Canada,-0.3730549433072935,0.6723100488238751,-0.8516042308980463,-0.6899349930027541,Medium,-0.31057102959605465,0.0,6,870,0.01392548604450171
Post_872,TikTok,#Dance,Shorts,Japan,-0.4692255601596057,0.2501952627229246,-0.23829106993799715,-1.4301817122903593,Medium,-0.4718757699162594,0.0,6,871,0.013916940180098824
Post_873,YouTube,#Comedy,Post,Germany,1.2200431953384094,1.473715678983135,-0.5631664060269052,1.6032685484278926,High,0.933465254180633,0.79752665305454,7,872,0.01390839431569594
Post_874,TikTok,#Education,Video,Japan,1.3926358278881477,0.354688175501944,-1.2029045043006885,-0.2081760149059024,Medium,0.08406087104587517,0.8723956151005243,10,873,0.013899848451293054
Post_875,YouTube,#Education,Tweet,India,0.08060235737914186,-0.9150510592935294,0.4184787262137794,0.07579643316281293,High,-0.08504338563444878,0.07751862397194319,10,874,0.01389130258689017
Post_876,YouTube,#Fitness,Post,India,-1.1764605186383266,0.19741532574171716,-1.1442397671653795,-1.0760563073762661,High,-0.7998353168595638,0.0,8,875,0.013882756722487283
Post_877,Instagram,#Dance,Reel,Australia,0.9104033565993563,-1.62945778308983,-1.7073180212529646,-0.8249199239387706,High,-0.8128230929205522,0.6473144012285033,6,876,0.013874210858084398
Post_878,YouTube,#Fitness,Live Stream,Australia,0.16217942951266123,0.8966559584311836,1.6115921719052613,1.545297841573628,Low,1.0539313503556835,0.1502970608917147,8,877,0.013865664993681512
Post_879,Twitter,#Fitness,Post,Brazil,0.7144221308983838,0.2868807138013563,-1.4641604275079623,0.8929173506702036,Medium,0.10751494196549535,0.5390760739240472,8,878,0.013857119129278627
Post_880,TikTok,#Tech,Post,India,0.19860538857551455,0.2720887519406478,0.48622703555068464,-0.21251681662687388,Low,0.1861010898599933,0.18115870475644957,5,879,0.013848573264875742
Post_881,Instagram,#Tech,Tweet,Canada,-1.084560314082935,1.0139108354947115,-1.2776031226706335,0.09953081676618927,High,-0.3121804461231669,0.0,5,880,0.013840027400472858
Post_882,Twitter,#Gaming,Tweet,UK,0.6768490809842717,-1.1868213150069504,0.6126400820228989,1.1850813116639782,Low,0.3219372899160496,0.5169164853413716,7,881,0.013831481536069971
Post_883,YouTube,#Fitness,Live Stream,Australia,-0.7381375065238563,0.8096293387907338,-0.7470055206978472,-1.3481965701087848,High,-0.5059275646349386,0.0,8,882,0.013822935671667086
Post_884,YouTube,#Challenge,Shorts,Germany,0.661170116965363,0.8020982556326121,-0.07010735432662438,0.9275737515069921,Low,0.5801836924445857,0.5075222437885353,10,883,0.0138143898072642
Post_885,Twitter,#Fashion,Video,Canada,0.5739775074805497,-0.2062354892309953,1.1746861119966663,-1.0208161048303548,Medium,0.13040300635396646,0.4536058598553377,8,884,0.013805843942861315
Post_886,Twitter,#Music,Post,Brazil,-1.1923471102127499,-1.5804745651248606,1.6388428885100499,0.8956478549785566,High,-0.059582732962250945,0.0,6,885,0.01379729807845843
Post_887,Twitter,#Dance,Video,Australia,-0.4515038973189512,0.3272728157441811,-1.1810213530877522,-1.7390087508581855,High,-0.761065296380177,0.0,6,886,0.013788752214055545
Post_888,TikTok,#Tech,Tweet,India,1.0795423822850894,0.7731032390578741,0.8417938352904404,-1.6889495052050465,Medium,0.2513724878570894,0.7321478609910186,5,887,0.013780206349652659
Post_889,TikTok,#Music,Tweet,Brazil,-0.36389740320202296,1.1490823464560342,-0.3077253453274714,-1.527219634633367,Low,-0.26244000917670685,0.0,6,888,0.013771660485249774
Post_890,Twitter,#Tech,Video,Brazil,1.2977651102860375,0.0642183858016132,-1.4711107365410017,-0.9724371695208177,High,-0.27039110249354215,0.8319369593572042,5,889,0.013763114620846888
Post_891,Twitter,#Comedy,Reel,UK,0.06036723620968367,0.5857199133039053,0.3483218939446327,1.6424057768476192,Low,0.6592037050764602,0.05861529737870889,7,890,0.013754568756444003
Post_892,YouTube,#Fashion,Shorts,Japan,1.4695676617416888,0.8312387669141765,-1.1768580491620206,1.4997894364344109,Medium,0.6559344539820638,0.9040430995872345,8,891,0.013746022892041118
Post_893,Instagram,#Tech,Tweet,USA,-1.427780312419323,0.03388620358794478,0.9098862193319516,-1.105531751320282,Medium,-0.39738491020492717,0.0,5,892,0.013737477027638233
Post_894,Twitter,#Tech,Live Stream,Germany,-0.3147225640390081,-0.5830044250376427,1.1215265701350519,0.10170121762667503,Low,0.08137519967126902,0.0,5,893,0.013728931163235347
Post_895,TikTok,#Challenge,Tweet,UK,-1.2200876591563048,0.9979964858956257,0.062120554653429964,1.1023260272415862,Medium,0.23558885215858427,0.0,10,894,0.01372038529883246
Post_896,TikTok,#Tech,Shorts,India,-0.040693934648264235,-0.9102497339682503,0.2943709802624247,-0.6271333939106343,Low,-0.320926520566181,0.0,5,895,0.013711839434429576
Post_897,Twitter,#Fashion,Video,Australia,0.7489965729480343,-1.3844585534325111,1.3404613046757976,0.37405151915214413,Low,0.2697627108358662,0.5590422365994592,8,896,0.01370329357002669
Post_898,TikTok,#Dance,Shorts,Germany,-0.02297569800489545,-0.3347419569557833,-1.210130073097413,0.42565104928691805,Low,-0.28554916969279337,0.0,6,897,0.013694747705623806
Post_899,Twitter,#Music,Post,Germany,-0.8931907499285404,0.3700967577868226,-0.5927224231525535,1.3577331994690698,Medium,0.06047919604369961,0.0,6,898,0.013686201841220921
Post_900,YouTube,#Comedy,Shorts,Canada,0.15721624012456825,-0.015318720596950844,-0.41256490782089467,-0.09216458826639025,Low,-0.09070799413991687,0.1460173280038842,7,899,0.013677655976818035
Post_901,Twitter,#Challenge,Live Stream,Japan,1.18040140750318,1.3954949532653833,1.1208728281963007,-1.3183010485788684,High,0.5946170350964989,0.7795089917329959,10,900,0.013669110112415148
Post_902,Twitter,#Music,Shorts,UK,-0.26350297033587605,-1.2337953203538374,1.3441084965446204,-0.4099532820000931,High,-0.14078576903629653,0.0,6,901,0.013660564248012264
Post_903,TikTok,#Fashion,Live Stream,Australia,-0.2572220654716954,-1.3871120997522541,-1.2130203006161027,1.0393844022874998,High,-0.4544925158881381,0.0,8,902,0.013652018383609379
Post_904,TikTok,#Fitness,Video,Australia,-1.3116466144620387,1.6330462395970526,-1.730715101166167,1.0205509238529622,High,-0.09719113804454771,0.0,8,903,0.013643472519206494
Post_905,Instagram,#Education,Live Stream,Brazil,-1.6185804425848307,1.1632369029344545,0.7155528261705291,1.016070096270024,Medium,0.3190698456975442,0.0,10,904,0.013634926654803608
Post_906,Twitter,#Gaming,Shorts,Japan,-1.5161021965295094,-0.03739927443773687,1.140829161063444,0.08412797194983884,High,-0.08213608448849087,0.0,7,905,0.013626380790400723
Post_907,Instagram,#Fitness,Live Stream,USA,-0.12621798605493229,0.2563129687290162,0.987406250279665,1.5282846993446593,High,0.6614464830746021,0.0,8,906,0.013617834925997836
Post_908,TikTok,#Music,Tweet,Germany,0.1203894159792858,-0.15483428780495467,0.9234083552229642,1.7025468845623695,Low,0.6478775919899162,0.11367631771450344,6,907,0.013609289061594951
Post_909,Instagram,#Education,Video,Canada,0.6026006448449058,0.027304300183882423,-0.5403886605819933,0.01943602372116701,Medium,0.027238077041990487,0.4716277127359602,10,908,0.013600743197192067
Post_910,Twitter,#Fashion,Reel,UK,-1.599281358513831,1.5389180925995882,-1.209441923688201,0.5817098724489413,Low,-0.17202382928837562,0.0,8,909,0.013592197332789182
Post_911,TikTok,#Challenge,Post,UK,0.8428668409427146,-1.1179191788454765,-0.01570914352842872,0.678887820653916,Low,0.09703158480568132,0.6113224248255205,10,910,0.013583651468386295
Post_912,TikTok,#Education,Video,Canada,1.5508521366270078,0.9896270760934075,0.9512095913551224,0.4954539414773789,Medium,0.9967856863882292,0.936427474573844,10,911,0.01357510560398341
Post_913,Twitter,#Music,Video,Canada,1.474374616533553,1.3531144236625945,-1.2000486842524594,0.10667213572649721,Low,0.4335281229175464,0.9059876839031726,6,912,0.013566559739580524
Post_914,Twitter,#Fitness,Shorts,Brazil,1.5401939221105923,-0.5625589545688132,0.5350168286638038,-0.45763208799979604,High,0.26375492705144665,0.9322404254037742,8,913,0.01355801387517764
Post_915,Twitter,#Viral,Live Stream,Germany,-0.2650516115090212,0.044708238448097834,1.3066043537425753,0.8860560834338294,Medium,0.49307926602887037,0.0,6,914,0.013549468010774755
Post_916,TikTok,#Comedy,Live Stream,Japan,-1.420021346046083,-0.6803888821402747,1.4573090743599675,-1.4133786088543405,Low,-0.5141199406701827,0.0,7,915,0.013540922146371868
Post_917,Instagram,#Comedy,Reel,Canada,-1.3976941888139647,-0.6598533435196002,0.6945298617191075,-0.020541359870360713,Low,-0.34588975762120455,0.0,7,916,0.013532376281968983
Post_918,Twitter,#Fashion,Reel,Canada,0.5305353816160003,0.9072909286682738,0.8264136959945558,-1.13955803577822,Medium,0.2811704926251525,0.4256175968205377,8,917,0.013523830417566099
Post_919,Twitter,#Viral,Tweet,Canada,-1.7044752085378136,-1.5865576295340889,-0.8798871716166528,-0.9525534971215289,Medium,-1.280868376702521,0.0,6,918,0.013515284553163212
Post_920,TikTok,#Fitness,Post,India,-0.8417655843882652,0.03143357853000997,0.6821431723532944,0.9098604799681891,High,0.19541791161580704,0.0,8,919,0.013506738688760327
Post_921,Instagram,#Viral,Tweet,Germany,0.2701025882944478,1.1784999905125064,-0.5000286977317191,-0.5648218853353985,Medium,0.09593799893495913,0.2390976753927226,6,920,0.013498192824357443
Post_922,Instagram,#Dance,Tweet,Canada,-1.1259412396603954,-1.6967594774762107,-1.2096827759814253,-0.5807148206686328,Medium,-1.153274578446666,0.0,6,921,0.013489646959954556
Post_923,Twitter,#Gaming,Shorts,Canada,-0.25759140953909593,-1.6521618856741587,0.1119769793508275,0.7204755016580622,Medium,-0.26932520355109124,0.0,7,922,0.013481101095551671
Post_924,Instagram,#Dance,Video,India,-1.5396182442197723,0.3085871383960167,0.16513652121244185,1.0276222298822868,Low,-0.009568088682256781,0.0,6,923,0.013472555231148787
Post_925,Twitter,#Fashion,Shorts,Canada,0.49912126394269724,0.3573555784604324,0.2578302466332762,-0.224629053687004,Low,0.22241950883735048,0.40487911240801494,8,924,0.0134640093667459
Post_926,Twitter,#Viral,Post,UK,-0.3302398115460308,-0.4055008827091399,-0.7235396258437236,0.6863792042691409,High,-0.19322527895743832,0.0,6,925,0.013455463502343015
Post_927,Twitter,#Music,Post,USA,1.6825071935280576,-1.6216287821986821,0.9773936763756328,0.5768789802110861,Low,0.4037877669790236,0.9867518771698413,6,926,0.01344691763794013
Post_928,TikTok,#Tech,Reel,Brazil,-0.7892460914349312,1.5467332368519908,1.359901525486032,-0.8200890317009152,Low,0.3243249098005442,0.0,5,927,0.013438371773537244
Post_929,Instagram,#Fitness,Tweet,USA,-0.9447687238677588,1.1332649933281664,-0.5656093364296071,0.4916032302732913,Low,0.02862254082602296,0.0,8,928,0.01342982590913436
Post_930,Twitter,#Dance,Video,Australia,1.4347972412072951,1.2116519987108627,0.06483874481981672,0.2911562088677854,Low,0.75061104840144,0.8898634845695085,6,929,0.013421280044731474
Post_931,Instagram,#Education,Reel,Japan,1.0375296659281423,1.414540903220928,0.4512346380922628,0.8938975317039713,Low,0.9493006847363261,0.7117381259916179,10,930,0.013412734180328588
Post_932,Twitter,#Tech,Reel,Canada,-1.18846043201183,0.7889690904213508,-1.5356247436546113,0.5116969414655304,High,-0.35585478594489,0.0,5,931,0.013404188315925703
Post_933,TikTok,#Challenge,Live Stream,Germany,-0.7764506150516839,1.6439029160540692,0.07894580770865936,-0.2335206959218972,Low,0.17821935319728688,0.0,10,932,0.013395642451522818
Post_934,Twitter,#Viral,Video,Australia,0.2709961405465634,-1.3757773692585216,0.4598709131778713,-0.017810855562007684,Low,-0.16568029277402366,0.23980095565397608,6,933,0.013387096587119932
Post_935,Instagram,#Tech,Reel,Australia,-0.7355452456574811,-1.463406752684396,-1.2161169729575558,-0.750216126579471,Medium,-1.041321274469726,0.0,5,934,0.013378550722717047
Post_936,TikTok,#Education,Tweet,USA,0.9901679703687302,1.472821925784057,0.013365169010771363,1.5203732381435338,High,0.9991820758267731,0.6882190423947795,10,935,0.013370004858314162
Post_937,YouTube,#Tech,Video,Japan,1.2987381503151816,-0.06834114875620265,-1.2252349526296127,0.9604098161382119,High,0.24139296626689452,0.8323603420846873,5,936,0.013361458993911276
Post_938,TikTok,#Gaming,Reel,Japan,-1.1114402022683172,-0.09542394918407605,-0.6323598291231552,-1.7324975482767282,High,-0.8929303822130692,0.0,7,937,0.013352913129508391
Post_939,YouTube,#Music,Post,UK,-0.011005249928049361,1.508994681228909,0.2254872244003199,-0.6036790620311916,Low,0.279949398417497,0.0,6,938,0.013344367265105506
Post_940,TikTok,#Challenge,Live Stream,Japan,1.591497115027496,-1.6698983832682637,1.5734342871644649,-1.517487837226673,Low,-0.00561370457574395,0.9522357454027429,10,939,0.01333582140070262
Post_941,Instagram,#Viral,Live Stream,UK,0.3393796121722349,1.5795249724429667,1.6749019175527502,-0.04469582105963754,Medium,0.8872776702770785,0.2922065307654758,6,940,0.013327275536299735
Post_942,YouTube,#Fitness,Tweet,USA,-0.029771902940848256,0.9814308742755067,-0.7253288143076744,-0.5877161137669739,Low,-0.09034648918499746,0.0,8,941,0.01331872967189685
Post_943,Twitter,#Challenge,Shorts,UK,0.6863040150139427,0.0893404718470133,-0.274969433448988,0.1457393512152406,High,0.16160360115680214,0.5225391606518166,10,942,0.013310183807493964
Post_944,TikTok,#Viral,Live Stream,UK,-0.4874474478039752,-1.188477183337025,0.5145443837397516,0.5736583853858491,Low,-0.14693046550384983,0.0,6,943,0.013301637943091079
Post_945,Twitter,#Viral,Post,UK,-1.6814073074525226,-0.04028838361615161,-1.0323810806979956,-0.1007061658463664,Low,-0.7136957344032591,0.0,6,944,0.013293092078688194
Post_946,Instagram,#Comedy,Video,Japan,0.9004872564150275,-0.7527066797524883,-0.9622930633697702,-0.08516329516804914,High,-0.22491894546882002,0.6421103040392747,7,945,0.013284546214285308
Post_947,Twitter,#Challenge,Shorts,Brazil,-0.10029811834900862,0.9271959902260329,1.2153213346106253,1.0664794065780798,Medium,0.7771746532664323,0.0,10,946,0.013276000349882423
Post_948,YouTube,#Tech,Shorts,Brazil,1.229310373756823,-1.4688870533081992,1.696165734297396,-1.2179725184796404,High,0.05965413406659481,0.8016922882081575,5,947,0.013267454485479536
Post_949,Twitter,#Fitness,Video,Germany,-0.8875793240139894,-1.0303660069327019,0.4792423190471845,1.4231252770075757,Low,-0.003894433722982815,0.0,8,948,0.013258908621076652
Post_950,TikTok,#Gaming,Reel,Brazil,-0.6818834585290884,0.7677199349052884,-0.41232405552767054,-1.0760563073762661,Medium,-0.35063597163193416,0.0,7,949,0.013250362756673767
Post_951,TikTok,#Fitness,Reel,Brazil,0.48889954696048227,0.8275736859660197,-0.6422003656748845,0.2803742174963401,Low,0.2386617711869894,0.3980372880013191,8,950,0.01324181689227088
Post_952,Twitter,#Tech,Reel,UK,-0.6427398397792025,0.4091309091325987,0.6548924557485056,-0.6625599369882403,Medium,-0.06031910297158462,0.0,5,951,0.013233271027867996
Post_953,Instagram,#Viral,Live Stream,Japan,-1.3609927634893395,1.3000434972677337,-0.946878516603425,0.7998701653932503,High,-0.051989404357945135,0.0,6,952,0.013224725163465111
Post_954,TikTok,#Dance,Tweet,UK,0.652000927789321,0.1314577253136397,0.15894317652953532,0.9226728463381533,Low,0.4662686689926623,0.5019872367144403,6,953,0.013216179299062224
Post_955,YouTube,#Education,Video,Germany,0.24470555829432486,0.7825188250853696,-0.13916314754103212,-1.3241121218504914,Low,-0.10901272150295724,0.2188990025842987,10,954,0.01320763343465934
Post_956,YouTube,#Dance,Live Stream,UK,0.4052009734676455,1.3573268418411943,-0.5626158864995356,-1.3045785141061197,Medium,-0.026166646324203846,0.3401803341702155,6,955,0.013199087570256455
Post_957,YouTube,#Challenge,Video,Canada,-1.2990573951553916,1.3199554871448655,0.6056553655193988,-0.09076432964672203,Medium,0.13394728196553768,0.0,10,956,0.013190541705853568
Post_958,YouTube,#Tech,Video,Japan,-1.4872803397225816,-1.1877497098028917,-0.9391368357497919,0.7226459025185479,High,-0.7228802456891793,0.0,5,957,0.013181995841450684
Post_959,TikTok,#Music,Post,Australia,1.0877954063069302,0.6826748146054301,1.2643863874874293,-1.3609389235477658,Low,0.41847942121300596,0.7361086797343143,6,958,0.013173449977047799
Post_960,Twitter,#Fashion,Live Stream,USA,-0.15206316266002726,0.4667606696746941,-0.2660923060701553,0.038339515086688,Low,0.021736179007799873,0.0,8,959,0.013164904112644912
Post_961,TikTok,#Comedy,Tweet,UK,-0.7690555108301873,-1.7150294556620134,0.5540441598285111,-1.5478734492734731,High,-0.8694785639842907,0.0,7,960,0.013156358248242028
Post_962,Twitter,#Viral,Shorts,Canada,0.8720998414239288,0.2450752347065013,0.423398994489644,0.8832555661944929,Medium,0.6059574092036417,0.6270607107271672,6,961,0.013147812383839143
Post_963,TikTok,#Education,Post,Canada,-0.6814037909090876,-0.30592707668473557,1.3033012365783585,0.40443713119894453,Low,0.18010187504586994,0.0,10,962,0.013139266519436256
Post_964,TikTok,#Fashion,Live Stream,UK,-0.6687350838254119,-1.1003212476388256,0.35107449158148,1.5422872855413414,Low,0.031076361414646037,0.0,8,963,0.013130720655033372
Post_965,TikTok,#Fitness,Video,UK,0.4669814776842788,0.285148633958182,1.1291306211068428,-1.5496237725480586,High,0.08290924005031125,0.38320687309904955,8,964,0.013122174790630487
Post_966,Twitter,#Education,Post,Canada,0.8733949439979307,-0.2415907029898692,-0.6108207526148248,-0.08495325637509892,Low,-0.01599244199546555,0.6277522629518064,10,965,0.0131136289262276
Post_967,Instagram,#Fitness,Reel,UK,-0.47337331459369747,0.16122178533874693,0.40179110304039234,1.4319469063114856,Medium,0.38039662002423186,0.0,8,966,0.013105083061824715
Post_968,YouTube,#Viral,Post,Japan,-0.6883987152876122,1.3500243932223714,1.274364553921001,1.604878845840511,Low,0.8852172694240679,0.0,6,967,0.01309653719742183
Post_969,Instagram,#Music,Live Stream,Canada,0.4528381352888295,0.8030543637060442,-0.8487484108498171,1.1399229711796781,High,0.38676676483118366,0.37351897803086226,6,968,0.013087991333018944
Post_970,Twitter,#Comedy,Tweet,UK,-0.6439753265204329,1.3960561471345718,-0.962637138074376,0.35346771744302125,High,0.035727849995696045,0.0,7,969,0.01307944546861606
Post_971,Instagram,#Music,Live Stream,Germany,-0.40215706305219323,0.6041561711546526,0.2966074658423632,0.3776221786322981,Low,0.21905718814428016,0.0,6,970,0.013070899604213175
Post_972,Instagram,#Dance,Reel,Australia,-1.3780353540279644,0.21662062704283386,-0.8806097284963251,0.9172118377214472,Low,-0.2812031544400021,0.0,6,971,0.013062353739810288
Post_973,YouTube,#Fitness,Reel,Japan,1.5954338157087873,-0.025946762514668376,-0.20522549082536842,0.6409408120609071,Low,0.5013005936074144,0.9537536763294292,8,972,0.013053807875407403
Post_974,Twitter,#Fitness,Live Stream,Japan,1.0519327140778492,1.4930526183523327,0.5685985198333414,-1.032088186718684,Medium,0.5203739163862098,0.7187821363605009,8,973,0.013045262011004519
Post_975,YouTube,#Fitness,Reel,Germany,-1.6616689848894939,-1.4262293909305026,0.06655911834284631,-0.8599964023614595,Medium,-0.9703339149596524,0.0,8,974,0.013036716146601632
Post_976,Instagram,#Fitness,Shorts,Japan,0.02687341678394893,-0.4304982590058315,1.5807974858430316,-1.0663945229005554,Low,0.02769453018014839,0.026518668027512037,8,975,0.013028170282198747
Post_977,Instagram,#Viral,Post,Canada,-0.7190097323171427,1.30861382833176,-0.3184948835816367,0.5168078854273194,Low,0.19697927446507502,0.0,6,976,0.013019624417795861
Post_978,YouTube,#Education,Shorts,Brazil,-0.904349189248671,-0.09865947433112565,0.9689638461127877,-0.49795953624624084,High,-0.1330010884283125,0.0,10,977,0.013011078553392976
Post_979,Twitter,#Music,Video,India,-0.4732801220275259,1.613085751484312,-0.6685908955181584,-0.6302839758048878,Medium,-0.03976731046656501,0.0,6,978,0.013002532688990091
Post_980,TikTok,#Tech,Shorts,Japan,-0.6691105950479268,-0.6268745433055615,0.6629782113067447,-0.12962150634251518,High,-0.19065710834731464,0.0,5,979,0.012993986824587205
Post_981,TikTok,#Fitness,Tweet,Brazil,0.1733152559307061,-1.4682912178421474,0.11772302691774633,-0.8274403894541734,Low,-0.5011733311119672,0.15983329394596976,8,980,0.01298544096018432
Post_982,TikTok,#Viral,Post,Germany,1.246267309363305,1.0012042977651847,-1.3002776457041634,0.8613415187966852,Medium,0.45213387005525285,0.8092698649794551,6,981,0.012976895095781435
Post_983,TikTok,#Fitness,Shorts,Canada,0.5314583991647731,0.9982459053930428,1.3774149279504733,0.8851459153310449,Medium,0.9480662869598335,0.42622048346421665,8,982,0.012968349231378549
Post_984,Twitter,#Comedy,Reel,UK,0.5707884030470022,1.4440209021517545,-1.4431374630565406,-1.4232504321230015,Medium,-0.21289464749519638,0.4515776608621509,7,983,0.012959803366975664
Post_985,TikTok,#Tech,Shorts,Germany,0.7513126823131806,-0.5127304816403748,0.6574730160330501,-0.8047561998155481,High,0.022824754222576932,0.5603656109268479,5,984,0.01295125750257278
Post_986,Instagram,#Comedy,Video,India,-0.2633919615438187,-1.174565118036649,0.8280652545766642,-0.17877058389286976,High,-0.1971656022241683,0.0,7,985,0.012942711638169893
Post_987,Twitter,#Tech,Post,Brazil,1.6089330330145213,-0.5570509406675189,0.8330887452639106,1.2602751995401618,Medium,0.7863115092877687,0.9589413381419669,5,986,0.012934165773767008
Post_988,Instagram,#Dance,Live Stream,Australia,-0.09722344890480411,1.6264435512348723,0.3049340736938264,0.09112926504817995,Medium,0.4813208602680186,0.0,6,987,0.012925619909364123
Post_989,Twitter,#Comedy,Video,Brazil,1.364420408000792,-0.3496724852039458,-0.6193193978185909,1.6161509277288402,Medium,0.5028948631767739,0.8605329212964136,7,988,0.012917074044961237
Post_990,Twitter,#Fashion,Live Stream,Japan,-0.29653014169129577,1.5212785914767013,-0.8712508965310441,-1.6715162853901773,Low,-0.32950468303395397,0.0,8,989,0.012908528180558352
Post_991,Twitter,#Education,Shorts,Germany,-0.6001775613776259,1.6193489521972302,1.4499458756814008,-1.1455791478427932,Medium,0.33088452966455295,0.0,10,990,0.012899982316155467
Post_992,YouTube,#Fitness,Live Stream,Australia,-0.5167085431029323,0.9918995648476522,-0.8631307335023445,1.1099574367187781,Medium,0.18050443124028837,0.0,8,991,0.01289143645175258
Post_993,Twitter,#Music,Post,Germany,0.4183623677210076,1.0391645596081929,-0.01591558835119227,-1.4160391002317103,Low,0.006393059686574443,0.349502943926323,6,992,0.012882890587349696
Post_994,YouTube,#Dance,Shorts,Germany,0.2948986632906555,-1.3538007402083259,1.0997466413334973,-0.368715665650864,Medium,-0.08196777530875923,0.25843243980442315,6,993,0.012874344722946811
Post_995,TikTok,#Gaming,Reel,Germany,-1.2404728477668774,-0.24922571093858154,-1.125487695764357,-0.7078583033345073,High,-0.8307611394510808,0.0,7,994,0.012865798858543925
Post_996,Instagram,#Tech,Tweet,Germany,0.146302431290638,-0.1475456958248772,0.09463561423868923,-1.297787259800729,High,-0.30109872752406974,0.13654148512640402,5,995,0.01285725299414104
Post_997,YouTube,#Tech,Post,Japan,0.5177035875415245,-0.5979141683276871,0.3762951674290938,-1.7233258543179013,Low,-0.35681031691874254,0.4171983947825613,5,996,0.012848707129738155
Post_998,Instagram,#Tech,Reel,Brazil,1.1621240154627817,-1.1536415935311033,-0.005180457567487624,-0.4096032173451761,High,-0.10157531324524634,0.7710910790255568,5,997,0.012840161265335269
Post_999,Twitter,#Dance,Live Stream,Brazil,1.650799793367097,-0.20634634234095847,1.3242897935593194,0.5357113767928403,Medium,0.8261136553445747,0.9748614032807837,6,998,0.012831615400932384
Post_1000,TikTok,#Challenge,Video,UK,-1.5695138712560446,1.6398013509854326,0.23787391376613296,-1.143478759913291,Low,-0.2088293416044425,0.0,10,999,0.012823069536529499
Post_1001,Twitter,#Challenge,Post,Brazil,-1.3691628735368657,-1.0023755966670052,-0.8549073480622631,-0.7079983291964741,Medium,-0.983611036865652,0.0,10,1000,0.012814523672126613
Post_1002,Instagram,#Comedy,Shorts,UK,0.6312847685209478,-0.9215082529488832,-1.242060205684842,-0.504960829344582,Low,-0.5093111298643398,0.48936790589755574,7,1001,0.012805977807723728
Post_1003,Instagram,#Fitness,Video,Japan,0.6611447631054487,-0.13591997591749128,0.48467869937995806,1.0880433893209704,Medium,0.5244867189722215,0.507506981020959,8,1002,0.012797431943320843
Post_1004,YouTube,#Viral,Post,UK,-0.4915719040965241,1.0933994436576666,-0.09192169059863958,0.5130972000851985,Low,0.2557507622619254,0.0,6,1003,0.012788886078917957
Post_1005,Twitter,#Challenge,Live Stream,UK,-0.8527547695624813,-1.5306183789189316,1.2657970937763134,-0.6195019844334425,Medium,-0.4342695097846354,0.0,10,1004,0.012780340214515072
Post_1006,Instagram,#Education,Tweet,Brazil,-0.08987425572693622,-0.29178637684506054,-0.2918979089155992,-1.0366390272326056,High,-0.4275493921800504,0.0,10,1005,0.012771794350112187
Post_1007,Instagram,#Challenge,Video,Canada,0.3335804306464264,-1.5763175735012422,-1.2756763043248402,-0.15867687270063077,High,-0.6692725799700717,0.2878673782664177,10,1006,0.0127632484857093
Post_1008,Twitter,#Fitness,Post,Germany,1.034252165604623,0.7285472171720584,0.05953999436888558,1.6765720871675238,High,0.8747278660782727,0.7101282651655871,8,1007,0.012754702621306416
Post_1009,Twitter,#Comedy,Live Stream,UK,1.4309551035710895,-0.5994799685059167,-1.5800447880192354,0.6992615835700886,High,-0.012327017345993507,0.8882842268668962,7,1008,0.012746156756903531
Post_1010,Instagram,#Music,Live Stream,USA,0.5417561777267311,0.8612799597141916,-0.6423379955567269,-1.4247907166046365,High,-0.16602314368011015,0.4329221418389409,6,1009,0.012737610892500644
Post_1011,Instagram,#Challenge,Reel,USA,-0.6414015671194006,1.0775266639748173,1.5588799271596345,-0.7068081093697561,Medium,0.3220492286613238,0.0,10,1010,0.01272906502809776
Post_1012,YouTube,#Fitness,Shorts,Brazil,-0.20953008449393992,-1.2242065263420245,1.5610131903281912,0.3853236010404733,Medium,0.12815004513317502,0.0,8,1011,0.012720519163694873
Post_1013,TikTok,#Comedy,Tweet,UK,-0.41164900001255,1.568647511027832,1.1225243867784092,-0.18059092009843844,Low,0.5247329944238132,0.0,7,1012,0.012711973299291988
Post_1014,YouTube,#Challenge,Reel,USA,-0.8459393779217285,1.337082292634173,1.5524801376539645,1.0873432600111363,Low,0.7827415780943864,0.0,10,1013,0.012703427434889104
Post_1015,Instagram,#Dance,Live Stream,Australia,-1.5369321055477685,0.4053896166713422,-0.9864471076331056,-0.20579557525246642,Low,-0.5809462929404996,0.0,6,1014,0.012694881570486217
Post_1016,YouTube,#Fitness,Reel,Australia,0.34715159809516055,1.2027629649556921,1.3115590294889006,0.30529882092643446,High,0.791693103366547,0.29799243608078657,8,1015,0.012686335706083332
Post_1017,YouTube,#Gaming,Post,Canada,1.1498582291799067,-0.956932749901484,-1.2057947318193782,1.0384742341847155,High,0.006401245410940004,0.7654019000491171,7,1016,0.012677789841680448
Post_1018,TikTok,#Dance,Shorts,India,-0.7679255509653571,-0.0691864037196717,-1.0390217224968898,-0.1013362822252171,Medium,-0.4943674898517839,0.0,6,1017,0.012669243977277561
Post_1019,Twitter,#Comedy,Tweet,UK,-1.6357313009576844,-0.312072495968318,0.5078693344703968,-1.0563826737699276,High,-0.6240792840563834,0.0,7,1018,0.012660698112874676
Post_1020,YouTube,#Comedy,Video,Canada,0.5611381757720452,0.7954470690348227,-0.9730626016239354,1.3269975227673525,Medium,0.4276300414875712,0.4454151550867358,7,1019,0.012652152248471792
Post_1021,TikTok,#Dance,Reel,USA,-0.6606478877522001,-0.05734590591173216,1.1561404854184074,1.4313868028636183,High,0.46738337365452337,0.0,6,1020,0.012643606384068905
Post_1022,YouTube,#Tech,Post,Brazil,-1.6389615197586607,-0.5996046782546252,0.778862571818018,-0.3225771441327961,High,-0.44557019258201597,0.0,5,1021,0.01263506051966602
Post_1023,Instagram,#Gaming,Tweet,Australia,-1.5474937013007268,-0.37552897310285177,1.1321240710369143,-0.6843339585240812,High,-0.3688081404726864,0.0,7,1022,0.012626514655263136
Post_1024,Twitter,#Fashion,Live Stream,Germany,0.6070396260482838,-1.3753478134574142,0.9614974250228393,-0.3688556915128308,Medium,-0.043916613474780486,0.47439374485104097,8,1023,0.012617968790860249
Post_1025,YouTube,#Challenge,Shorts,Canada,-0.17780692382546492,-1.4752888204085715,1.2240608321076156,0.9312844368491129,High,0.12556238118067303,0.0,10,1024,0.012609422926457364
Post_1026,Twitter,#Dance,Live Stream,USA,0.13306977213373292,1.0388666418751669,-1.2810438697166926,0.5097365793979948,High,0.10015728092255047,0.1249305619094842,6,1025,0.01260087706205448
Post_1027,TikTok,#Gaming,Video,Brazil,-0.1597803294263814,-0.9789440205485431,0.5356361631320945,1.7064676086974404,High,0.2758448554636526,0.0,7,1026,0.012592331197651593
Post_1028,TikTok,#Music,Live Stream,Germany,-0.9344544995588294,-0.7794292075729814,-1.3141782637702426,0.4017066268905915,High,-0.6565888360028656,0.0,6,1027,0.012583785333248708
Post_1029,Instagram,#Tech,Live Stream,USA,1.4778008138192724,-1.4974248008043392,0.8272738827560706,0.546563381095269,High,0.3385533192165682,0.9073713981437418,5,1028,0.012575239468845823
Post_1030,Instagram,#Comedy,Shorts,Germany,-1.3843025541030023,0.96872433654598,-1.1606865380455424,0.6736368508301601,Low,-0.22565697619310113,0.0,7,1029,0.012566693604442937
Post_1031,Instagram,#Comedy,Live Stream,India,-0.09848840094269168,-0.9252426170907669,-1.3858490247396553,1.7117885914521795,Medium,-0.1744478628302336,0.0,7,1030,0.012558147740040052
Post_1032,Twitter,#Fashion,Shorts,Canada,1.401487065956075,-0.1689819159640024,-0.03625040339340203,1.2835895055576376,High,0.619961063039077,0.8760881562894065,8,1031,0.012549601875637167
Post_1033,YouTube,#Challenge,Tweet,Japan,-0.8929906600070544,0.24046790232365767,-1.2204523142355903,0.1425887693209871,High,-0.4325965756495,0.0,10,1032,0.012541056011234281
Post_1034,Instagram,#Education,Tweet,Australia,-1.7012634912021805,0.8889516672887443,1.2242328694599185,1.3571730960212025,Medium,0.4422735353919212,0.0,10,1033,0.012532510146831396
Post_1035,Instagram,#Gaming,Shorts,Brazil,-0.42195226049016504,-0.8031240598276059,0.5371500918323605,-1.609134763883958,High,-0.5742652480923421,0.0,7,1034,0.012523964282428511
Post_1036,Instagram,#Challenge,Reel,India,-0.37976754902947474,0.13084803320884233,-1.1859760288340775,1.6578786345949532,Medium,0.05574577248506085,0.0,10,1035,0.012515418418025625
Post_1037,Twitter,#Gaming,Tweet,India,0.8436726825443158,0.36821225491744897,-0.38414433722044583,-0.2529142778043021,Medium,0.14370658060925423,0.6117596053354822,7,1036,0.01250687255362274
Post_1038,YouTube,#Comedy,Tweet,USA,0.6649286553877971,-0.5346655407743343,-1.6109426964928468,-1.205510216764593,High,-0.6715474496609943,0.5097822728973974,7,1037,0.012498326689219855
Post_1039,TikTok,#Music,Reel,India,-0.061474506425608935,0.5928837955352743,-0.33556098893009023,-0.815118113601093,High,-0.15481745335537947,0.0,6,1038,0.012489780824816969
Post_1040,YouTube,#Tech,Post,USA,0.6637082439146238,-0.030270033803231438,1.6294152416038477,0.966220889409835,Low,0.8072685852812688,0.5090489928402583,5,1039,0.012481234960414084
Post_1041,TikTok,#Viral,Post,Australia,0.41964719170315234,-0.686880717392492,-0.019081075633566716,1.3837079968639154,High,0.2743483488852523,0.35040838419565223,6,1040,0.012472689096011198
Post_1042,Instagram,#Comedy,Video,UK,1.5775785311739898,1.5352045134158225,-1.7032923472090753,-0.9780382039994906,Medium,0.10786312334531156,0.9468504044075896,7,1041,0.012464143231608313
Post_1043,Twitter,#Tech,Shorts,USA,0.2620859718853218,-1.6662194456813615,0.431828824752489,-1.0983204194289908,Low,-0.5176562671181353,0.23276588532116163,5,1042,0.012455597367205428
Post_1044,Instagram,#Viral,Video,Japan,1.2361901779065474,0.43262484012541497,0.8480904023847287,-0.2404519760892549,High,0.5691133610818591,0.8047736044070883,6,1043,0.012447051502802542
Post_1045,Instagram,#Comedy,Tweet,Japan,0.13084068817964395,0.42546788621341874,1.001754165461732,0.16247244172027583,Medium,0.4301337953937676,0.12296132795477722,7,1044,0.012438505638399657
Post_1046,TikTok,#Fitness,Video,UK,-1.1644523823913375,-0.3980252261059996,1.4789857807501403,1.6069792337700133,High,0.38087185150570413,0.0,8,1045,0.012429959773996772
Post_1047,Twitter,#Gaming,Live Stream,Australia,-0.6964489084301382,0.0982780038377927,1.616994144767574,-0.20481539421869868,Medium,0.20350196148913244,0.0,7,1046,0.012421413909593886
Post_1048,TikTok,#Challenge,Video,USA,-0.052120987835595246,1.5215557242516091,-0.10984798270860792,-0.01311998918611914,Medium,0.3366166911303217,0.0,10,1047,0.012412868045191
Post_1049,Instagram,#Fashion,Tweet,India,-1.3975982552899644,0.8011421475591798,-1.5185242308356972,0.5799595491743561,Low,-0.3837551973480314,0.0,8,1048,0.012404322180788116
Post_1050,TikTok,#Challenge,Reel,Japan,-0.9816572195641842,1.0607185611766539,1.084607354330837,0.3193714200541001,Medium,0.3707600289993517,0.0,10,1049,0.01239577631638523
Post_1051,Twitter,#Gaming,Shorts,India,-1.2598534753332773,-0.027055293614299928,0.6349017154109018,-0.08313292016953022,Medium,-0.18378499342655144,0.0,7,1050,0.012387230451982345
Post_1052,TikTok,#Challenge,Shorts,Germany,0.0939953625690186,1.3256713506273408,-0.7299738228198542,1.3451308718920558,Low,0.5087059405671402,0.0898364650228147,10,1051,0.01237868458757946
Post_1053,Instagram,#Dance,Shorts,Canada,-0.0548105527048849,1.4015780176746113,-1.2919510378527002,1.392319587374875,Medium,0.3617840036229753,0.0,6,1052,0.012370138723176573
Post_1054,YouTube,#Fitness,Live Stream,Japan,0.49327548613380295,1.280976762354071,-0.06549675328490508,1.5340957726162823,Low,0.8107128169548128,0.4009720200445173,8,1053,0.012361592858773689
Post_1055,Twitter,#Fitness,Live Stream,Australia,-0.5723458755862709,0.19968781449596187,0.7012737259293834,0.8266851179598967,Medium,0.28882519569974274,0.0,8,1054,0.012353046994370804
Post_1056,TikTok,#Fitness,Post,Brazil,0.2633851858960665,-0.7046795698609511,-1.3996808278648132,1.2062952297519518,High,-0.1586699955194365,0.23379477382884084,8,1055,0.012344501129967917
Post_1057,TikTok,#Challenge,Live Stream,Brazil,0.8475538788295787,-1.6804502136728814,-0.4795218453372064,0.5957124586456236,Medium,-0.17917643038372136,0.6138625365162452,10,1056,0.012335955265565033
Post_1058,TikTok,#Education,Video,USA,-0.372028454600492,0.8053268524602889,0.25428627717583524,0.2804442304273235,Low,0.2420072263657389,0.0,10,1057,0.012327409401162148
Post_1059,Instagram,#Tech,Live Stream,India,1.0533456778384798,1.650360109709423,-1.3940724101797366,0.9475974497682477,High,0.5643077067841035,0.7194705007935717,5,1058,0.012318863536759261
Post_1060,TikTok,#Dance,Tweet,UK,-1.1604327677357318,1.2651871225036941,1.084435316978534,0.17591492446909077,High,0.34127614905389675,0.0,6,1059,0.012310317672356377
Post_1061,Twitter,#Music,Live Stream,Japan,0.3873559675247051,-1.4238460490662947,-0.05166495015974716,-0.31256529500216834,Medium,-0.35018008167587633,0.3273997540607116,6,1060,0.012301771807953492
Post_1062,YouTube,#Tech,Tweet,USA,-1.3733825781139577,0.6052854872124023,0.6593998343788432,1.449380126126355,High,0.3351707174009107,0.0,5,1061,0.012293225943550605
Post_1063,YouTube,#Gaming,Video,Brazil,-0.49243050913632536,0.34035348271983346,1.4442342355849427,0.3424756872786257,Low,0.4086582241117691,0.0,7,1062,0.01228468007914772
Post_1064,Twitter,#Fitness,Shorts,UK,0.6114792924911189,-1.736728951937301,0.9276060666191563,1.6538878975288986,Low,0.3640610761754682,0.477152572355933,8,1063,0.012276134214744836
Post_1065,Instagram,#Gaming,Reel,India,0.44798321373496525,1.644249332022704,-1.3524393709224205,0.2254140666743624,Low,0.2413018103774028,0.37017170117185694,7,1064,0.01226758835034195
Post_1066,TikTok,#Challenge,Shorts,Australia,-0.7699579711952458,0.7587061914014094,-0.745078702352054,-1.1859766090202215,Medium,-0.485576772791528,0.0,10,1065,0.012259042485939065
Post_1067,Twitter,#Viral,Tweet,USA,1.257514144573407,0.4347934040890692,-0.4713672748380461,0.9245631954747053,Low,0.5363758673247839,0.8142642718811386,6,1066,0.01225049662153618
Post_1068,YouTube,#Comedy,Tweet,Brazil,-0.8913474557888235,0.3449261735058136,1.5509318014832378,-0.8273003635922066,High,0.044302538902005334,0.0,7,1067,0.012241950757133293
Post_1069,TikTok,#Comedy,Tweet,Japan,1.6963147685895064,-1.318812727376205,0.6559934948032446,-0.287640691572074,High,0.18646371111111804,0.9918859401627097,7,1068,0.012233404892730409
Post_1070,YouTube,#Fitness,Post,Canada,-1.6186681532353453,1.4061784217380824,1.4743407722379605,-0.4311672000880667,Low,0.20767096016315773,0.0,8,1069,0.012224859028327524
Post_1071,Twitter,#Viral,Tweet,Brazil,0.6075240903444845,0.941267406871981,-0.23123753849357584,-1.2250438245089648,High,0.023127533553481183,0.47469516323475386,6,1070,0.012216313163924637
Post_1072,Twitter,#Dance,Video,Brazil,1.4540264308536661,-1.7100687789911622,0.6010103570072189,1.0350436005665282,High,0.3450029023590628,0.8977301167497345,6,1071,0.012207767299521752
Post_1073,TikTok,#Tech,Shorts,Germany,-1.1163396643868957,-1.169438161700853,1.4197361166170013,-1.1548208547326035,High,-0.5052156410508377,0.0,5,1072,0.012199221435118868
Post_1074,Instagram,#Comedy,Post,UK,-0.84313195186581,0.49337234438522415,0.8492602563803888,-0.2434625321215416,High,0.06400952919456535,0.0,7,1073,0.012190675570715981
Post_1075,YouTube,#Fashion,Post,USA,-0.3492483540872015,0.8574555274204627,1.699950556048061,1.324197005528016,Medium,0.8830886837273346,0.0,8,1074,0.012182129706313096
Post_1076,TikTok,#Music,Reel,USA,1.022919675462378,-1.1151132094995342,-0.6161539105362165,-1.6548532078161253,Medium,-0.5908001630973745,0.7045418517435257,6,1075,0.01217358384191021
Post_1077,TikTok,#Fitness,Video,Brazil,-1.005661842987391,-0.39102762353957543,0.6802851689484224,0.767454178347931,Low,0.012762470192346775,0.0,8,1076,0.012165037977507325
Post_1078,TikTok,#Viral,Shorts,Germany,0.6147752942799808,0.09340046699941386,0.499267466855249,1.069419949679383,High,0.5692157944535067,0.4791958103254731,6,1077,0.01215649211310444
Post_1079,Twitter,#Challenge,Video,Brazil,0.49532983402632025,-0.3176705780214573,0.43220730692755555,1.6956156043950117,Low,0.5763705418318575,0.4023468072753544,10,1078,0.012147946248701554
Post_1080,Instagram,#Dance,Tweet,USA,1.6083053536717775,1.2462381690193671,-1.7167456681591666,-0.40701273889878986,Medium,0.18269627890829704,0.9587007206737777,6,1079,0.012139400384298669
Post_1081,TikTok,#Gaming,Shorts,Brazil,-0.2998007896202434,-1.7017547957439254,1.565417346547147,0.08300776505410427,High,-0.08828261844072939,0.0,7,1080,0.012130854519895784
Post_1082,Instagram,#Music,Live Stream,Brazil,-0.4142446870762109,0.7319628786227981,-0.9034218814116975,0.7229259542424815,Low,0.034305566094342765,0.0,6,1081,0.012122308655492898
Post_1083,Instagram,#Fashion,Video,Brazil,-1.4669629898182661,1.5411975096732058,0.7196817226258001,-1.5112566863691492,High,-0.17933511097210236,0.0,8,1082,0.012113762791090013
Post_1084,Instagram,#Tech,Video,Canada,-0.07422338652577046,0.46894309027709374,-1.305369951332331,0.8983783592869097,Low,-0.003067972073524494,0.0,5,1083,0.012105216926687128
Post_1085,YouTube,#Comedy,Post,UK,0.03359150442178734,0.5762904706376644,-0.14845316456539193,1.404921914951889,Low,0.4665876813614872,0.03303963460625535,7,1084,0.012096671062284242
Post_1086,Instagram,#Music,Reel,Germany,1.5984289973759631,0.749540024871331,0.6086488154494702,-1.6606642810877486,High,0.323988389152254,0.954907030627372,6,1085,0.012088125197881357
Post_1087,TikTok,#Dance,Tweet,Canada,-1.4808603312486006,-0.02379898350913224,-0.22748712421337133,1.3704055399770674,High,-0.09043522474850924,0.0,6,1086,0.012079579333478472
Post_1088,TikTok,#Viral,Reel,Brazil,-1.5420467328558902,1.2690461963942865,-0.029540946653586628,-0.6188718680545918,Low,-0.23035333779244554,0.0,6,1087,0.012071033469075586
Post_1089,Instagram,#Education,Video,India,0.19642769758071135,-0.8372391044187669,-1.5848618338837184,1.2574746823008252,Medium,-0.24204963960523723,0.17934019827524914,10,1088,0.012062487604672701
Post_1090,Twitter,#Education,Post,Japan,1.4308920615410323,0.2284819098088915,1.3277305406053788,1.5046903416032498,Medium,1.122948713389638,0.8882582935012763,10,1089,0.012053941740269816
Post_1091,YouTube,#Fashion,Post,USA,1.1187867312351756,-0.9928145159326829,-1.5177328590151036,-1.6710261948732934,Medium,-0.7656967096464761,0.7508436282725409,8,1090,0.01204539587586693
Post_1092,Twitter,#Fashion,Post,Brazil,-0.2588645844504692,1.582220088678946,-1.6598013045468873,1.6786024621660427,Low,0.335539165461908,0.0,8,1091,0.012036850011464045
Post_1093,Instagram,#Dance,Post,Canada,0.8431018780765149,1.4428153745809051,0.18192736679721067,-1.0485412254997855,Medium,0.3548258484887113,0.6114499555519242,6,1092,0.01202830414706116
Post_1094,Instagram,#Gaming,Tweet,Brazil,1.1485583299297049,0.4419157164042019,-0.8430023632828983,0.8759042084412347,Medium,0.40584397287306084,0.7647970730055055,7,1093,0.012019758282658274
Post_1095,Twitter,#Comedy,Shorts,Canada,-0.7907885654529621,-1.1010071512567225,-0.23997703599056616,0.49958470440540015,Low,-0.40804701207371263,0.0,7,1094,0.012011212418255389
Post_1096,YouTube,#Education,Post,India,-0.2758640049032941,-0.20249419676973882,0.9528955574076914,1.2420718374844748,High,0.4291522983047833,0.0,10,1095,0.012002666553852504
Post_1097,Twitter,#Fashion,Reel,Japan,1.2968078307644075,-0.9123836563350409,0.9256104333324421,1.4349574623437722,Low,0.6862480175263952,0.8315202592426283,8,1096,0.011994120689449618
Post_1098,YouTube,#Fashion,Tweet,UK,-1.6422027023909511,1.0473815463842118,1.667573126344644,1.6554281820105337,Medium,0.6820450380871096,0.0,8,1097,0.011985574825046733
Post_1099,YouTube,#Viral,Live Stream,Germany,0.8822167167692008,-1.2133844914818714,-1.3720172216144972,-1.6240475181834244,Medium,-0.8318081286276481,0.6324501869083703,6,1098,0.011977028960643848
Post_1100,TikTok,#Tech,Shorts,Japan,-0.28639819107796666,1.6136677303116185,-0.37684995348280037,1.1885119452821653,Low,0.5347328827582541,0.0,5,1099,0.011968483096240962
Post_1101,TikTok,#Music,Tweet,Brazil,0.7913635581043249,-0.1850971868248961,1.3022690124645409,0.6943606784012498,High,0.6507240155363049,0.5829770941615909,6,1100,0.011959937231838077
Post_1102,TikTok,#Dance,Live Stream,USA,-0.8152392797627692,0.5721889055690277,1.1675637656113238,1.2392713202451384,Medium,0.5409461779156801,0.0,6,1101,0.011951391367435192
Post_1103,Instagram,#Viral,Tweet,Australia,1.1098498382351052,0.8281764497514443,-0.9428872500299964,0.32504246746375637,Low,0.33004537635507736,0.7466167782422841,6,1102,0.011942845503032306
Post_1104,TikTok,#Tech,Live Stream,Germany,0.2915677142894792,-1.4876627988082087,-0.03442680745899066,-1.2963870011810608,High,-0.6317272232896952,0.25585676291061943,5,1103,0.01193429963862942
Post_1105,YouTube,#Gaming,Tweet,USA,1.5338602538082116,0.7870014477195048,0.9547191533421028,0.8964179972193741,Low,1.0429997130222983,0.9297439319205244,7,1104,0.011925753774226534
Post_1106,Twitter,#Challenge,Shorts,Japan,-0.3106974674677451,1.0844272700700237,-1.3391924947950928,1.0761411910537906,Low,0.12766962471524407,0.0,10,1105,0.01191720790982365
Post_1107,YouTube,#Gaming,Live Stream,Canada,0.6075227198655702,1.387492744389918,-1.6409804182049434,-1.579029203561091,High,-0.3062485393776366,0.47469431069418744,7,1106,0.011908662045420765
Post_1108,YouTube,#Education,Video,India,0.06751565422660842,-0.09421842161322674,-0.5759659850382453,0.8019705533227526,High,0.04982545022447224,0.0653341303940194,10,1107,0.011900116181017878
Post_1109,Instagram,#Gaming,Post,Canada,1.2265981959854475,1.2757458812276845,-0.21234783721071093,0.7507210878428957,High,0.7601793319613291,0.8004749481017076,7,1108,0.011891570316614994
Post_1110,YouTube,#Tech,Video,Brazil,-0.6385516562171392,-0.10030841434182759,1.1536975550157054,-0.8352818377243154,Medium,-0.1051110883168942,0.0,5,1109,0.011883024452212109
Post_1111,Twitter,#Fashion,Live Stream,USA,0.5559831193359519,1.6767362215612813,0.6651802894162226,0.9683212773393373,High,0.9665552269131984,0.4421075769415367,8,1110,0.011874478587809222
Post_1112,YouTube,#Dance,Shorts,India,-0.13777386426020632,-1.096101901140853,1.1522524412563604,-0.9059248850865772,Medium,-0.24688705230781902,0.0,6,1111,0.011865932723406337
Post_1113,Twitter,#Fashion,Shorts,UK,-0.892654892673054,-0.08379822927669013,-1.1770989014552447,-1.1553109452494874,Low,-0.827215742163619,0.0,8,1112,0.011857386859003453
Post_1114,YouTube,#Viral,Live Stream,India,-1.2561374217571861,0.5889485101315822,-1.3553295984411102,0.7165547775229911,Low,-0.3264909331359307,0.0,6,1113,0.011848840994600566
Post_1115,TikTok,#Comedy,Live Stream,India,-1.1673708172393134,-0.04312899455895747,1.693206691837785,1.7498056129761719,Medium,0.5581281232539215,0.0,7,1114,0.011840295130197681
Post_1116,YouTube,#Comedy,Live Stream,Japan,1.41962603962613,0.33862140287665915,-1.5950120376695929,-0.6883246955901355,Medium,-0.1312723226892348,0.883612999147635,7,1115,0.011831749265794797
Post_1117,Instagram,#Fitness,Shorts,USA,-0.6722085626336742,0.7019147575034103,1.3852942386859488,0.3435258812433769,Low,0.43963157869976544,0.0,8,1116,0.01182320340139191
Post_1118,Twitter,#Fashion,Shorts,Japan,0.9153514707193922,-0.7308062622153924,0.8465076587435415,-0.9289591393801194,Low,0.025523431966855442,0.6499011414157108,8,1117,0.011814657536989025
Post_1119,YouTube,#Viral,Live Stream,Australia,0.17851211197368513,0.6911135076013754,1.2072699865228467,1.2833794667646874,High,0.8400687682156487,0.16425272079026892,6,1118,0.01180611167258614
Post_1120,Twitter,#Fitness,Video,Canada,0.687825246608802,0.7985648127525364,0.5121358608075103,0.2740030407768497,High,0.5681322402364246,0.5234408639239668,8,1119,0.011797565808183254
Post_1121,Instagram,#Viral,Tweet,Germany,1.5431233207898822,-1.5392649214960576,1.3540178480372709,-0.5996883249651371,Medium,0.18954698059148958,0.9333929794796233,6,1120,0.01178901994378037
Post_1122,Twitter,#Fitness,Video,Canada,1.1427879284610962,0.6380980077614963,-1.6693321738644713,-0.3477817992868241,Medium,-0.05905700923217576,0.7621077514737504,8,1121,0.011780474079377485
Post_1123,YouTube,#Dance,Video,India,0.9449702610149784,-0.9017763993754415,-1.575606224329819,0.9792432945727494,Medium,-0.1382922670293832,0.6652466869869248,6,1122,0.011771928214974598
Post_1124,YouTube,#Viral,Tweet,Brazil,0.7716992414026677,0.9386207888716106,-0.43025034763763886,0.4460248122030907,High,0.4315236237099325,0.5719391094493408,6,1123,0.011763382350571713
Post_1125,YouTube,#Tech,Video,India,0.84170673054177,0.30808137108180983,-0.7790388756966582,1.6089395958375488,Medium,0.4949222054411176,0.6106927126394166,5,1124,0.011754836486168829
Post_1126,YouTube,#Dance,Video,India,0.3296197465841349,1.3711904089059614,-0.5907267898658392,-0.8104272472252044,High,0.07491402959976315,0.2848929965311277,6,1125,0.011746290621765942
Post_1127,YouTube,#Tech,Reel,Brazil,-1.5869189534674988,-1.4798268695976882,-0.2893173486310548,0.704442540462861,Low,-0.6629051578083451,0.0,5,1126,0.011737744757363057
Post_1128,TikTok,#Tech,Reel,Australia,-0.1869630934518212,-1.258993617912337,1.041529201314176,0.9255433765084732,Medium,0.1302789666146227,0.0,5,1127,0.011729198892960173
Post_1129,Twitter,#Fitness,Video,USA,0.5407002237232724,1.1233089983896005,0.5670845911330754,-0.8603464670163766,High,0.34268683655739296,0.4322370038144299,8,1128,0.011720653028557286
Post_1130,Twitter,#Dance,Live Stream,Germany,-0.1911834832683702,-1.5358977582809268,1.6975420331158195,0.037219308190953426,High,0.001920024939368964,0.0,6,1129,0.011712107164154401
Post_1131,Twitter,#Fashion,Video,Brazil,-0.20891336898251045,-1.0099482497413632,1.545529828620925,0.9486476437329988,Low,0.31882896340751254,0.0,8,1130,0.011703561299751516
Post_1132,Instagram,#Fitness,Live Stream,UK,-0.28026255697870056,-0.16936297352950072,-0.3326707614114005,-1.5390518199695635,Low,-0.5803370279722914,0.0,8,1131,0.01169501543534863
Post_1133,Instagram,#Viral,Live Stream,India,1.1150103765868558,-1.2329916353066046,1.4710376550737436,0.7818768421305137,Medium,0.5337333096211271,0.7490597186738447,6,1132,0.011686469570945745
Post_1134,Twitter,#Fitness,Live Stream,USA,-0.5398874529802805,-1.4993578019093217,-0.22325500534671852,-0.7079283162654907,Medium,-0.7426071441254528,0.0,8,1133,0.01167792370654286
Post_1135,Twitter,#Education,Video,Canada,-1.2312577475472068,0.3946507216436615,-0.46569004221204846,-0.44138908801164467,Medium,-0.43592153903180964,0.0,10,1134,0.011669377842139974
Post_1136,TikTok,#Education,Live Stream,UK,-1.371383734617469,1.4959625124888656,0.557932203990558,-1.6637448500510186,Medium,-0.24530846704726603,0.0,10,1135,0.01166083197773709
Post_1137,Twitter,#Viral,Post,USA,0.08030907489148428,-0.3834272571877266,0.8417594278199798,-0.7535767472666747,Medium,-0.053733875435734296,0.07724718064939091,6,1136,0.011652286113334204
Post_1138,Instagram,#Challenge,Reel,UK,1.2024914718831266,0.06940769701176341,1.2559221497541235,0.2761734416373354,Medium,0.7009986900715872,0.7895892068039596,10,1137,0.011643740248931318
Post_1139,YouTube,#Dance,Post,Canada,0.5106791978663427,-1.4747276265393832,-1.7060449448459227,-0.44874044576490285,Low,-0.7797084548209664,0.4125593496086623,6,1138,0.011635194384528433
Post_1140,Twitter,#Fashion,Live Stream,Canada,0.724359473505884,-1.2240056050802164,-0.8844633651879115,-1.3229219020237735,Low,-0.6767578496965043,0.5448556618203565,8,1139,0.011626648520125547
Post_1141,TikTok,#Tech,Post,Brazil,1.4218571792985903,-0.7707272384408737,-1.7057008701413168,-1.167353169378634,Medium,-0.5554810246655586,0.8845346753074047,5,1140,0.011618102655722662
Post_1142,YouTube,#Tech,Post,Brazil,-1.26263828848711,0.6026250125732865,-0.250780981715192,0.940176079084006,Low,0.007345455363747672,0.0,5,1141,0.011609556791319777
Post_1143,TikTok,#Comedy,Post,India,0.6786444083619886,0.27010725260005636,0.050903719283277034,-1.332023583051617,High,-0.08309205070157372,0.517986567911779,7,1142,0.01160101092691689
Post_1144,TikTok,#Gaming,Live Stream,Australia,-1.3681788696764072,-0.6410013865064911,0.6029715828234726,0.3664901226059357,Low,-0.2599296376883724,0.0,7,1143,0.011592465062514006
Post_1145,YouTube,#Viral,Post,Brazil,-1.556425797624597,1.1821581431412906,-0.004664345510578747,-1.1269557082012058,Medium,-0.37647192704877275,0.0,6,1144,0.011583919198111121
Post_1146,YouTube,#Viral,Live Stream,Japan,-0.9358756861929458,-0.15926148388410818,0.052211203160779526,0.06893516592643864,Medium,-0.24349770024745895,0.0,6,1145,0.011575373333708235
Post_1147,YouTube,#Education,Live Stream,USA,0.1255828458249791,-1.6912237502974257,-0.36367189229639374,-0.9987620315705803,Medium,-0.7320187070848552,0.11830098667435242,10,1146,0.01156682746930535
Post_1148,YouTube,#Education,Shorts,India,-0.9889084234996806,0.04644031829127213,-1.5441233888583776,-0.8102872213632376,Low,-0.8242196788575059,0.0,10,1147,0.011558281604902465
Post_1149,Twitter,#Education,Live Stream,Canada,-1.0132467585385163,0.9510640504649748,-1.655775630502998,-0.6677408938810128,High,-0.5964248081143881,0.0,10,1148,0.011549735740499579
Post_1150,Twitter,#Fashion,Post,Canada,-0.8748496306186279,1.1898485776449845,0.955028820576248,1.5148422165958444,Medium,0.6962174960496124,0.0,8,1149,0.011541189876096694
Post_1151,TikTok,#Challenge,Tweet,Brazil,0.6012562050299896,1.3820886552792142,-1.4078009908935127,0.9601297644142782,Low,0.38391840845749226,0.47078844933760755,10,1150,0.011532644011693809
Post_1152,YouTube,#Music,Reel,USA,-0.011573998677478766,-1.6611756291780377,1.6524682468124443,1.4936282985078708,High,0.36833672936619966,0.0,6,1151,0.011524098147290922
Post_1153,Instagram,#Dance,Reel,Canada,0.2869156236149295,-0.5084626369067934,-1.3592864575440784,0.04359048491044383,Medium,-0.38431074648137464,0.25224836594804473,6,1152,0.011515552282888038
Post_1154,YouTube,#Music,Video,Brazil,-1.0496686061646268,0.42364573821839935,-0.7869525939025943,1.1992939366536106,Low,-0.05342038129880278,0.0,6,1153,0.011507006418485153
Post_1155,TikTok,#Challenge,Post,Brazil,0.39440571105980116,-0.7758611230960424,0.35554746274135696,0.3947753467232338,Medium,0.09221684935708738,0.3324683109265612,10,1154,0.011498460554082266
Post_1156,YouTube,#Education,Tweet,USA,-0.9510647039999965,-0.44806847693499163,-1.094383342467982,-1.2248337857160145,Medium,-0.9295875772797462,0.0,10,1155,0.011489914689679382
Post_1157,Instagram,#Tech,Reel,Canada,1.0443512247240094,1.558767727602366,1.5844102702413936,1.6660701475200121,Medium,1.4633998425219454,0.7150804896367772,5,1156,0.011481368825276497
Post_1158,Instagram,#Tech,Video,Brazil,-0.931151645375396,-1.0070937821598118,-0.30796619762069555,-0.23744142005696822,Medium,-0.620913261303218,0.0,5,1157,0.01147282296087361
Post_1159,TikTok,#Education,Live Stream,Canada,-1.6156106147775693,-1.0653540197648228,0.46083432235076793,0.35934880364562777,Low,-0.4651953771364991,0.0,10,1158,0.011464277096470726
Post_1160,Instagram,#Music,Live Stream,Germany,-1.4950317684617929,0.8636840865365175,-0.007864240263413785,1.1266905272238135,High,0.12186965125878108,0.0,6,1159,0.011455731232067841
Post_1161,Instagram,#Dance,Shorts,Brazil,0.2989813199763186,1.5814995434641854,-1.7306806936957064,0.5757587733153514,Low,0.18138973576503722,0.2615803572743016,6,1160,0.011447185367664954
Post_1162,Twitter,#Fashion,Reel,India,-1.0489148427617685,-0.052690075293279626,-1.590607881450637,0.3672602648467532,Low,-0.581238133664733,0.0,8,1161,0.01143863950326207
Post_1163,TikTok,#Dance,Tweet,Germany,0.0330940205759009,0.6108697126267962,0.8636425790329162,0.19488842876559517,High,0.42562368525030214,0.03255820301012923,6,1162,0.011430093638859185
Post_1164,YouTube,#Music,Shorts,USA,-1.0719861700443452,1.136244170658426,0.9283286234988288,-1.620896936289171,Medium,-0.1570775780440653,0.0,6,1163,0.011421547774456298
Post_1165,Instagram,#Fashion,Reel,Germany,0.21526424501813893,-1.0975776331672376,-1.138631349480303,0.17108403223123542,Low,-0.46246517634954154,0.1949615387575816,8,1164,0.011413001910053414
Post_1166,Twitter,#Challenge,Live Stream,India,-1.56535720870901,-0.2045103377071937,0.5026049914899263,0.6963910533997687,Medium,-0.1427178753816272,0.0,10,1165,0.011404456045650529
Post_1167,Twitter,#Comedy,Tweet,Canada,0.8522354348007855,-1.7202326235109089,-0.9993499090558275,1.288280371933526,Medium,-0.14476668145810623,0.6163932527667919,7,1166,0.011395910181247642
Post_1168,YouTube,#Challenge,Video,USA,1.3380592460844678,-0.21000449496974258,-0.21723369801611497,0.8506995532872067,Low,0.4403801515964543,0.8493212032268732,10,1167,0.011387364316844758
Post_1169,TikTok,#Gaming,Post,UK,-0.3289899347762004,1.3739409516969223,-0.45433557696005317,1.449870216643239,Medium,0.5101214141509769,0.0,7,1168,0.011378818452441871
Post_1170,TikTok,#Tech,Reel,Canada,-0.9985874308318375,1.0172572137517242,1.1350487060260646,1.4046418632279554,Medium,0.6395900880434766,0.0,5,1169,0.011370272588038986
Post_1171,Twitter,#Education,Video,USA,1.0186006111640002,0.16341113426051926,1.3460697223608742,1.5880757424044922,Low,1.0290393025474716,0.7024045045888501,10,1170,0.011361726723636102
Post_1172,TikTok,#Gaming,Video,Brazil,1.1677148841936185,-1.702108140031933,-0.7762862780598108,1.0671095229569305,High,-0.06089250273529867,0.7736735639482692,7,1171,0.011353180859233215
Post_1173,Instagram,#Education,Tweet,USA,0.4311605850620835,0.3233513869792345,-1.4427933883519346,-1.6559734147118599,Low,-0.5860637077556191,0.35848571304980537,10,1172,0.01134463499483033
Post_1174,TikTok,#Gaming,Video,Japan,-0.29459091402757864,0.7247643547945657,0.21396072179602166,0.050661790939768345,Low,0.17369898837569425,0.0,7,1173,0.011336089130427445
Post_1175,TikTok,#Education,Post,USA,-0.2872739271041965,-1.415580564054667,-0.11046731717689857,-1.137037570262817,Medium,-0.7375898446496448,0.0,10,1174,0.011327543266024559
Post_1176,TikTok,#Education,Reel,USA,1.621492101785054,0.4951459941446346,0.8602362394573176,-1.4043469407574805,High,0.39313184865738143,0.9637436601649749,10,1175,0.011318997401621674
Post_1177,Instagram,#Fashion,Reel,Brazil,0.7577422841395615,0.18588660230554901,0.9357950445887773,-0.37641708805903923,Low,0.37575171074371216,0.5640301924641521,8,1176,0.01131045153721879
Post_1178,TikTok,#Gaming,Reel,Brazil,0.9911403251584173,-1.0855292857781171,0.6339383062380053,1.604878845840511,Medium,0.5361070478647041,0.688707502336509,7,1177,0.011301905672815903
Post_1179,TikTok,#Fashion,Reel,UK,0.6223698031835062,1.6735076247336045,-1.2420257982143814,-0.5060110233093331,Medium,0.136960151598349,0.48388792180531165,8,1178,0.011293359808413018
Post_1180,Instagram,#Tech,Post,Germany,0.23442216976096697,-0.7581384821406829,-1.0693691114431318,0.5357113767928403,High,-0.26434351175750187,0.21060298185447238,5,1179,0.011284813944010133
Post_1181,Instagram,#Fashion,Tweet,Australia,0.4889584775537967,1.1050736618006614,1.1904103259971568,0.8669425532753581,Low,0.9128462546567433,0.39807686718396446,8,1180,0.011276268079607247
Post_1182,Twitter,#Tech,Post,Australia,0.3716639839561107,-0.2059860697335782,-1.3571187869050612,1.7511358586648567,High,0.13992374649558204,0.3160245896554464,5,1181,0.011267722215204362
Post_1183,TikTok,#Music,Reel,Japan,1.149897973068421,-0.10291346242596175,-1.2589886811514532,-1.5788891776991243,High,-0.4477233370520296,0.7654203866267955,6,1182,0.011259176350801477
Post_1184,Twitter,#Fitness,Video,India,-0.6203969220395698,-1.1502536453578545,-0.6029758493498099,1.6047388199785442,Low,-0.19222189919217242,0.0,8,1183,0.01125063048639859
Post_1185,TikTok,#Education,Reel,Germany,1.5108074279909778,-0.114691605359547,1.2673110224765796,-0.18521177354334356,High,0.6195537678911668,0.9206043858728974,10,1184,0.011242084621995706
Post_1186,TikTok,#Dance,Shorts,Germany,-0.7251453664164088,-0.925928520708664,1.1669100236725725,-0.0020579460907401903,High,-0.12155545238581011,0.0,6,1185,0.011233538757592821
Post_1187,TikTok,#Dance,Shorts,Australia,1.025677764277382,1.6630250775227136,0.5346383464887373,0.8509796050111403,Medium,1.0185801983249934,0.7059043429680687,6,1186,0.011224992893189935
Post_1188,Twitter,#Education,Post,Canada,-1.175505294835068,1.6661774628372907,0.16802674873113158,-1.1401881521570707,Low,-0.12037230885592909,0.0,10,1187,0.01121644702878705
Post_1189,TikTok,#Comedy,Live Stream,Brazil,1.102818596165352,-0.9205937147916872,0.017734917759266524,1.4039417339181213,Low,0.40097538326276316,0.7432786334495192,7,1188,0.011207901164384165
Post_1190,TikTok,#Dance,Video,Australia,1.1345725926093986,-0.36938355381926935,0.7471388840533524,1.2114061737137407,Medium,0.6809335241393055,0.758266435824462,6,1189,0.011199355299981279
Post_1191,Twitter,#Music,Video,Japan,0.5610908942495022,0.2827514354552288,-1.4990496025550024,-0.10210642446603461,Low,-0.18932842432907648,0.4453848680568695,6,1190,0.011190809435578394
Post_1192,TikTok,#Music,Video,India,-0.9176565395064048,-0.060165731896419924,-0.6511807154650989,-0.029643040898204152,Low,-0.414661506941532,0.0,6,1191,0.01118226357117551
Post_1193,YouTube,#Fitness,Video,Germany,-0.1401996119384956,-1.358920768224749,1.507509573761971,1.2826793374548533,High,0.3227671327633949,0.0,8,1192,0.011173717706772623
Post_1194,Twitter,#Gaming,Post,India,-1.0575591385136383,0.8304835801025525,0.056615359379735275,0.37006078208608967,Medium,0.0499001457636848,0.0,7,1193,0.011165171842369738
Post_1195,Twitter,#Education,Post,Japan,1.4713376352594913,0.8811018814394783,-0.37901762412181766,-0.16483801062717096,High,0.4521459704874953,0.9047595567897593,10,1194,0.011156625977966853
Post_1196,YouTube,#Challenge,Reel,USA,-1.2749486153346994,0.7256303947161529,1.026940433838885,1.6747517509619552,Low,0.5380934910455735,0.0,10,1195,0.011148080113563967
Post_1197,Twitter,#Fashion,Reel,Australia,-1.357460354087763,-0.014625888659681122,-1.0531287853857325,-1.2305748460566543,Medium,-0.9139474685474577,0.0,8,1196,0.011139534249161082
Post_1198,Twitter,#Gaming,Tweet,Japan,-0.2250404796063912,-0.8820445458019999,-1.556062781108203,0.6741969542780274,High,-0.4972377130596417,0.0,7,1197,0.011130988384758197
Post_1199,Instagram,#Education,Video,USA,1.052308225300364,0.11852948136418666,1.6014763755898471,-0.8976633592305346,Low,0.46866268075596573,0.7189651232899279,10,1198,0.01112244252035531
Post_1200,YouTube,#Music,Video,Japan,-1.3623611866852559,0.14430282943062034,1.5904659850424578,-1.717304742253328,High,-0.33622427861637644,0.0,6,1199,0.011113896655952426
Post_1201,TikTok,#Challenge,Reel,USA,1.3655462564288794,-1.0872544373019186,0.741943356013803,1.6058590268742787,Low,0.6565235505037605,0.8610089705074221,10,1200,0.011105350791549541
Post_1202,Instagram,#Fitness,Live Stream,UK,1.1580420440165757,0.2510959442413752,1.3008238987051959,1.4396483287196609,Medium,1.037402553920702,0.7692013495083304,8,1201,0.011096804927146655
Post_1203,Twitter,#Fitness,Post,Germany,-0.04019370984454922,0.5176214621896644,-1.6784157460660674,-1.341405315803394,Low,-0.6355983273810866,0.0,8,1202,0.01108825906274377
Post_1204,Instagram,#Education,Video,USA,-0.906125329921588,0.6083755176526252,0.8905148134626384,-0.13942331668019273,High,0.11333542112837072,0.0,10,1203,0.011079713198340883
Post_1205,Twitter,#Comedy,Shorts,Brazil,1.0997432414816906,1.5015536662226323,-1.362348722415071,0.9536885747638044,High,0.5481591900132641,0.7418150712931857,7,1204,0.011071167333937999
Post_1206,YouTube,#Viral,Video,Australia,-0.6545704990067912,0.38928127412982116,0.31326068154528963,-1.1737243460981246,Low,-0.28143822235745125,0.0,6,1205,0.011062621469535114
Post_1207,Twitter,#Fitness,Video,USA,0.06961591316275435,1.2683325794988987,-0.361538629127837,-0.7988751136129416,High,0.044383687480218564,0.06729962437139675,8,1206,0.011054075605132227
Post_1208,TikTok,#Gaming,Shorts,Australia,0.7037844735656825,0.06000596762301328,0.523111843884439,0.5102266699148786,Low,0.44928223874700335,0.5328519377582718,7,1207,0.011045529740729343
Post_1209,Instagram,#Gaming,Tweet,India,0.7505027292748366,1.0801109271008333,0.6995877598768144,-0.2828097993342186,High,0.5618479042295664,0.5599030205515202,7,1208,0.011036983876326458
Post_1210,YouTube,#Comedy,Tweet,UK,-0.9995597856215247,0.5231294760909586,-0.5401478082887692,-1.5624361389180228,High,-0.6447535641843395,0.0,7,1209,0.011028438011923571
Post_1211,Instagram,#Education,Reel,UK,-0.12204350728201187,0.3803506704584145,-1.5003226789620443,0.57141797159438,Medium,-0.1676493860478154,0.0,10,1210,0.011019892147520687
Post_1212,YouTube,#Education,Reel,Canada,0.12520048220789282,1.6400992687184583,0.05141983134018591,1.437617953721142,Medium,0.8135843839969197,0.11796122618652376,10,1211,0.011011346283117802
Post_1213,Instagram,#Viral,Video,Canada,0.31279780315071026,0.3715655614938344,1.6882864235619204,0.6450715749889284,Medium,0.7544303407988484,0.272160587384902,6,1212,0.011002800418714915
Post_1214,TikTok,#Fashion,Tweet,USA,0.5989702462009576,-1.6192662252925925,1.475132144058554,-0.34358102342781943,High,0.027813785384774956,0.46935982592444286,8,1213,0.01099425455431203
Post_1215,YouTube,#Fashion,Reel,Japan,1.5362743524157294,0.3919417487689369,1.316410482823844,0.6279884198289761,Medium,0.9681537509593716,0.9306962138528376,8,1214,0.010985708689909146
Post_1216,TikTok,#Gaming,Reel,Japan,-0.16171887185064138,-0.07010094187686773,-0.041239486610187844,-0.7179401653961185,Low,-0.24774986643345387,0.0,7,1215,0.01097716282550626
Post_1217,YouTube,#Comedy,Live Stream,Germany,1.7101888118782982,-0.5873069113680877,-0.36907386515870666,-0.6566088378546504,High,0.024299799374213338,0.9970183047444238,7,1216,0.010968616961103374
Post_1218,YouTube,#Tech,Post,Germany,1.5569288401329595,0.9197826884972469,0.5754800139254598,-1.1127430832115734,Medium,0.4848621148360231,0.938806866486121,5,1217,0.01096007109670049
Post_1219,TikTok,#Challenge,Reel,UK,1.5157733583368993,-0.3652612037925145,0.7941394887025207,0.9948561781820501,Low,0.7348769553572388,0.9225802546284677,10,1218,0.010951525232297603
Post_1220,Twitter,#Fashion,Live Stream,Canada,-0.5257585006134313,0.5332448223750966,-0.2010621868996368,-1.6498822897163032,High,-0.4608645387135687,0.0,8,1219,0.010942979367894718
Post_1221,YouTube,#Dance,Tweet,Canada,0.49670648009572227,-0.8060200973253934,0.2851841856494467,-1.4610574148540436,Medium,-0.37129671160856703,0.40326701413250216,6,1220,0.010934433503491834
Post_1222,Instagram,#Education,Live Stream,Germany,-0.7673136321301277,1.5012903900864698,0.9991736051771873,-0.9295192428279867,Low,0.20090778007638568,0.0,10,1221,0.010925887639088947
Post_1223,Twitter,#Gaming,Shorts,Japan,-0.12769056564833442,-0.9602098449647698,-0.05710133049252067,0.11283327365303739,High,-0.25804211686314693,0.0,7,1222,0.010917341774686062
Post_1224,TikTok,#Fitness,Post,USA,0.9932501774469633,0.7647615425331468,0.10970608630042844,-0.9801385919289929,High,0.22189480358788638,0.6897665614244013,8,1223,0.010908795910283178
Post_1225,YouTube,#Viral,Tweet,USA,1.304213213577761,1.1401586711040002,-0.8348822002541987,0.8623216998304529,Medium,0.6179528460645038,0.8347392791673739,6,1224,0.010900250045880291
Post_1226,Instagram,#Tech,Reel,India,0.28132955156029277,-0.28299433956110776,1.4838372340850838,0.053462308179104794,High,0.3839086885658434,0.2478982509998052,5,1225,0.010891704181477406
Post_1227,YouTube,#Dance,Reel,USA,1.4765735499515278,0.5761588325695831,-1.2260951393911275,1.0540171048630327,High,0.47016358699825406,0.9068759717577902,6,1226,0.010883158317074522
Post_1228,YouTube,#Education,Tweet,Japan,-0.21378884772008902,1.0383747311997054,0.986477248577229,1.7475651991847028,High,0.889657082810387,0.0,10,1227,0.010874612452671635
Post_1229,YouTube,#Tech,Tweet,Germany,0.8173087796701629,0.2647655183637068,-0.4577419165356517,0.3480067088263152,Low,0.2430847725811333,0.5973567142551116,5,1228,0.01086606658826875
Post_1230,Instagram,#Music,Video,UK,-1.4098051109795253,1.111579353691624,1.3472395763565344,-0.008639161603180831,Low,0.26009366436636305,0.0,6,1229,0.010857520723865866
Post_1231,Instagram,#Challenge,Tweet,Germany,-1.009310743096682,1.3254496444074144,-0.03576869880695374,0.544673031958717,High,0.20626080861562393,0.0,10,1230,0.010848974859462979
Post_1232,Twitter,#Music,Tweet,USA,0.08416765827466136,1.1069650929894077,1.4625390098699775,-1.1821258978161338,High,0.3678864658294782,0.0808125573628928,6,1231,0.010840428995060094
Post_1233,Instagram,#Fitness,Reel,Canada,-1.6539853948565397,-1.007710402583982,0.8266201408173194,1.329658014144722,Low,-0.12635441061962005,0.0,8,1232,0.010831883130657208
Post_1234,YouTube,#Dance,Post,USA,-0.14203468320472684,-0.6241517137920914,-0.3586484016091473,1.6039686777377267,Medium,0.11978346978294024,0.0,6,1233,0.010823337266254323
Post_1235,Twitter,#Tech,Tweet,Canada,-1.1581139174127568,-0.06187009846210344,0.9055852855243777,0.6393305146482887,Low,0.08123294607445153,0.0,5,1234,0.010814791401851438
Post_1236,YouTube,#Fitness,Reel,Japan,-0.5727899107545001,0.5356143076005591,-1.684092978692065,-0.9262986480027497,High,-0.661891807462189,0.0,8,1235,0.010806245537448552
Post_1237,Twitter,#Dance,Post,Japan,-1.213401777772952,-0.2393043575968791,1.4948132171620125,-0.10406678653357013,Low,-0.01548992618534719,0.0,6,1236,0.010797699673045667
Post_1238,TikTok,#Tech,Tweet,Japan,0.4878860778033665,1.210730532234294,-1.1372550506618795,0.3435258812433769,High,0.22622186015478948,0.3973563728639694,5,1237,0.010789153808642782
Post_1239,TikTok,#Tech,Post,Japan,-0.5748367210129888,0.26653223980374463,1.4883102052449606,0.5037854802644048,High,0.4209478010750303,0.0,5,1238,0.010780607944239896
Post_1240,TikTok,#Viral,Video,Australia,-0.697157446028825,1.4767364262296307,-1.060836058768905,0.35717840278514207,Low,0.01898033105426071,0.0,6,1239,0.010772062079837011
Post_1241,Twitter,#Viral,Shorts,Brazil,-0.4953544258999582,-1.111136354179606,1.6135189902510543,-1.5226687941194452,Low,-0.3789101459869888,0.0,6,1240,0.010763516215434126
Post_1242,TikTok,#Challenge,Reel,Australia,0.5709042085152595,-0.8136273919966148,-1.5220682002931383,0.8334763722652876,High,-0.23282875287730154,0.45165138256737664,10,1241,0.01075497035103124
Post_1243,TikTok,#Gaming,Post,India,-1.2357563445833561,1.2876071639937423,-0.7689574868517047,-0.05365747622551416,Medium,-0.1926910359167082,0.0,7,1242,0.010746424486628355
Post_1244,YouTube,#Gaming,Tweet,Australia,0.7365923682948162,-0.7902235291556436,-0.9354896438809691,1.709478164729727,Medium,0.18008933999698262,0.5519247840100918,7,1243,0.01073787862222547
Post_1245,TikTok,#Dance,Tweet,Brazil,0.4149930453102313,-0.6818161159310504,-0.32066255422065393,-1.2081707081419628,Low,-0.44891408324585896,0.34712461610802087,6,1244,0.010729332757822584
Post_1246,Twitter,#Music,Reel,Japan,0.8336654455121869,-1.209165144983899,-0.8321984175582725,-1.2452075486321872,Medium,-0.613226416415543,0.6063169392618121,6,1245,0.010720786893419699
Post_1247,Instagram,#Education,Post,Canada,0.4758416238651489,0.8095184856807707,-0.04915320481612396,-0.20355516146099728,Low,0.2581629358171995,0.3892284195167562,10,1246,0.010712241029016814
Post_1248,TikTok,#Comedy,Live Stream,USA,0.21056076138430346,1.717564807624586,0.3368986137517162,-0.8826105790691013,High,0.3456034009228761,0.1910836914144703,7,1247,0.010703695164613928
Post_1249,TikTok,#Challenge,Live Stream,USA,-0.1682183681016509,-1.0964552454288605,0.3116435304336418,-0.7391540834840921,Medium,-0.4230460416452404,0.0,10,1248,0.010695149300211043
Post_1250,Twitter,#Music,Live Stream,Australia,-0.6061521642044633,1.0500004511070913,-0.9433689546164447,1.3830078675540813,High,0.22087179996006617,0.0,6,1249,0.010686603435808158
Post_1251,YouTube,#Challenge,Live Stream,Brazil,1.2041778461871575,-1.4794042421159537,-1.6220219019811575,0.12655580812578596,Low,-0.4426731224460419,0.7903545804976191,10,1250,0.010678057571405272
Post_1252,YouTube,#Challenge,Reel,India,-0.778437809477401,0.34118488104455713,0.3181465423506937,1.2781985098719149,Medium,0.28977303094744117,0.0,10,1251,0.010669511707002387
Post_1253,TikTok,#Tech,Tweet,India,0.07685478278802209,-1.2577118788283883,0.5868000717069944,-0.8124576222237234,Medium,-0.35162866163927375,0.07404455416029253,5,1252,0.010660965842599502
Post_1254,Instagram,#Viral,Video,Brazil,0.6498869640640322,1.231092862870651,-1.6976151145830776,-0.5928270577287629,Medium,-0.10236558634428927,0.5007067789379438,6,1253,0.010652419978196615
Post_1255,Twitter,#Dance,Live Stream,Australia,0.9699979469477007,-0.6143966401153338,0.44383703194323554,-1.3541476692423748,High,-0.1386773326166931,0.6780325005908265,6,1254,0.01064387411379373
Post_1256,YouTube,#Education,Post,Germany,1.0476122793005571,-0.9055800467110523,0.11978747514538184,1.2830294021097703,Medium,0.38621227746116427,0.716674372506809,10,1255,0.010635328249390846
Post_1257,TikTok,#Fitness,Live Stream,Canada,-0.14106918080961114,-0.632216277541911,0.451131415680881,-1.5479434622044566,High,-0.4675243762187744,0.0,8,1256,0.01062678238498796
Post_1258,YouTube,#Fashion,Post,Germany,-0.5389541568396506,1.5021841432855476,0.4086381896620501,1.134812027217889,Medium,0.626670050831459,0.0,8,1257,0.010618236520585075
Post_1259,TikTok,#Dance,Reel,USA,-1.5939248416773375,1.5368049551909158,0.09618395040941585,-0.19403340284725337,High,-0.038742334731064816,0.0,6,1258,0.01060969065618219
Post_1260,Twitter,#Tech,Shorts,India,-0.5283404828879493,0.12616448931289903,-1.1922037809874446,-0.9220278592127618,Low,-0.6291019084438142,0.0,5,1259,0.010601144791779303
Post_1261,Instagram,#Tech,Video,Germany,-0.7715312809888482,-0.21533237256734675,-0.08999487225284644,1.2669264279835857,Low,0.0475169755436361,0.0,5,1260,0.010592598927376419
Post_1262,Instagram,#Comedy,Shorts,Brazil,-0.5073125396665757,1.1191173651691186,1.3611057869521528,1.0361638074622628,High,0.7522686049792395,0.0,7,1261,0.010584053062973534
Post_1263,Twitter,#Music,Live Stream,USA,1.2302237979531958,-0.43967828217465527,-0.380084255706096,-0.713949428330064,Low,-0.07587204206440486,0.8021019382630629,6,1262,0.010575507198570647
Post_1264,Twitter,#Comedy,Video,USA,0.5908186376187743,0.48878579696049856,-1.5843113143563488,0.5714879845253634,High,0.016695276187071867,0.46424875016080075,7,1263,0.010566961334167763
Post_1265,Instagram,#Dance,Tweet,Germany,-0.19251284781522932,1.5885595009049638,0.4351663493871664,-0.3365097173984949,High,0.3736758212696015,0.0,6,1264,0.010558415469764878
Post_1266,TikTok,#Comedy,Video,Canada,-0.5338772177016717,-0.7882212448569341,-0.7686478196175595,1.5625910355265307,Medium,-0.13203881166240866,0.0,7,1265,0.010549869605361991
Post_1267,TikTok,#Comedy,Shorts,UK,-0.10068322292392347,-0.7040490927980357,1.1265500608222985,-0.7701698119097431,Low,-0.11208801670235097,0.0,7,1266,0.010541323740959107
Post_1268,YouTube,#Tech,Reel,Canada,0.9290459812704122,1.2361643926514654,-1.3712602572643644,-0.07326109690086927,Medium,0.18017225493916098,0.6570255704826364,5,1267,0.01053277787655622
Post_1269,TikTok,#Fitness,Shorts,USA,-0.02467029518241222,1.2271852907444498,-1.1735893394682644,-0.879319971312881,Medium,-0.21259857880477695,0.0,8,1268,0.010524232012153335
Post_1270,TikTok,#Fashion,Tweet,UK,1.127139800217759,0.7285610738108038,0.25679802251945844,-0.9004638764698711,High,0.3030087550195376,0.7547782605357647,8,1269,0.01051568614775045
Post_1271,Twitter,#Tech,Reel,USA,-1.1703721660616033,-0.9422447128313659,-0.16225056022008924,0.6051642043283841,Low,-0.4174258086961685,0.0,5,1270,0.010507140283347564
Post_1272,Instagram,#Comedy,Tweet,Australia,-0.04503766756709917,-0.5076173819433243,-1.6447652399556087,-0.9989720703635305,High,-0.7990980899573907,0.0,7,1271,0.01049859441894468
Post_1273,Instagram,#Music,Reel,Australia,-0.38373851168362344,-1.360895339245968,-0.3109252400803065,1.0473658764196085,Medium,-0.25204830364757236,0.0,6,1272,0.010490048554541795
Post_1274,YouTube,#Comedy,Live Stream,UK,0.5714955701667745,0.3732837846982633,-1.4484018060370112,1.5329755657205477,Medium,0.2573382786371436,0.45202775839486226,7,1273,0.010481502690138908
Post_1275,Instagram,#Challenge,Shorts,India,1.4558567054436973,-1.7300084821457846,-0.4112230164729316,0.44889534237341056,Low,-0.05911986270040209,0.8984756638937301,10,1274,0.010472956825736023
Post_1276,YouTube,#Education,Video,Brazil,0.09849121864733947,-0.8503474846719101,-0.1120500608180858,0.034488803882600394,Low,-0.207354380740014,0.0939376188618637,10,1275,0.010464410961333138
Post_1277,Twitter,#Viral,Post,Japan,-1.0092833335183962,1.2190999420365123,1.4592014852353,1.069069885024466,Medium,0.6845219946944705,0.0,6,1276,0.010455865096930252
Post_1278,Instagram,#Fashion,Post,India,-1.6153550204600546,-1.6748105617035058,0.33579757469697724,-1.6040938328531524,Medium,-1.139615460079934,0.0,8,1277,0.010447319232527367
Post_1279,TikTok,#Tech,Live Stream,Brazil,1.5938536535206136,-0.07468748930159329,0.8807086843813697,-1.0050631953590872,Low,0.3487029133103257,0.953144667001508,5,1278,0.010438773368124482
Post_1280,YouTube,#Tech,Video,Canada,-0.7376242621704556,0.06829916591213185,-0.7462141488772536,0.6120954844957418,Medium,-0.20086094015995892,0.0,5,1279,0.010430227503721596
Post_1281,Instagram,#Challenge,Shorts,Canada,0.6027335812995918,-0.8567353951335369,0.07110090444364442,-0.5438180060403751,Medium,-0.18167972885766898,0.4717106597520173,10,1280,0.010421681639318711
Post_1282,Twitter,#Viral,Live Stream,Australia,-1.5169847849503106,-1.57333146785161,-0.3360082860460779,0.7783061826503597,Low,-0.6620045890494097,0.0,6,1281,0.010413135774915826
Post_1283,YouTube,#Dance,Post,Brazil,-0.7413471681411182,0.6693100865354972,-0.9036971411753822,1.6038986648067433,Low,0.157041110506435,0.0,6,1282,0.01040458991051294
Post_1284,YouTube,#Comedy,Live Stream,Australia,-0.03663252038577258,-1.3308333614878347,-1.1878340322389493,-0.2207783424829164,Low,-0.6940195641488682,0.0,7,1283,0.010396044046110055
Post_1285,YouTube,#Viral,Live Stream,Canada,-0.8782600673968329,-0.8107729244150637,-1.1701141849517447,0.1299164288129897,Low,-0.6823076869876629,0.0,6,1284,0.01038749818170717
Post_1286,YouTube,#Education,Shorts,India,0.04609643927520564,1.5036598753119321,-0.5697038254144176,-1.3568081606197444,Low,-0.09418891786175604,0.04506555955259447,10,1285,0.010378952317304284
Post_1287,YouTube,#Dance,Post,Japan,-1.1013116778522738,0.8498551610686139,-0.31969914504775737,0.7286670145831212,High,0.03937783818792598,0.0,6,1286,0.010370406452901399
Post_1288,TikTok,#Tech,Tweet,Brazil,-0.5975085536920506,-0.9121827350732328,-0.3010847035285772,-1.6354596259337204,Medium,-0.8615589045568952,0.0,5,1287,0.010361860588498514
Post_1289,Instagram,#Gaming,Post,Brazil,-1.0605508939835284,0.36594669448257694,-0.8454452936856004,0.7117938982161192,Low,-0.20706389874260817,0.0,7,1288,0.010353314724095628
Post_1290,Twitter,#Music,Video,Germany,1.113925642526197,-0.061107983331106744,-0.324619413323622,-1.4726795613972898,High,-0.1861203288814554,0.7485467130007648,6,1289,0.010344768859692743
Post_1291,TikTok,#Education,Post,USA,1.0145015087313658,1.035340127314464,-0.13410524938332513,-0.47275488109221286,Low,0.36074537639257304,0.7003717745848821,10,1290,0.010336222995289858
Post_1292,YouTube,#Challenge,Post,India,0.18552690829646684,-1.2717763671549636,-0.057651850019890136,0.5396321009279114,Low,-0.1510673019876189,0.17018732411175946,10,1291,0.010327677130886972
Post_1293,Instagram,#Dance,Post,Canada,0.41926208712823754,0.4113133297349983,1.2228221631710343,0.0389696314655387,Low,0.5230918028749522,0.35013707959275525,6,1292,0.010319131266484087
Post_1294,YouTube,#Fitness,Video,UK,-0.13991181136649516,1.1093900047698517,-1.5000474191983595,0.6889696827155272,High,0.039600114230131045,0.0,8,1293,0.010310585402081202
Post_1295,YouTube,#Education,Video,Japan,-0.8773343088902316,0.6321742946978401,0.27045778829231343,-0.25249420021840163,Medium,-0.056799106529619905,0.0,10,1294,0.010302039537678316
Post_1296,YouTube,#Fitness,Video,Germany,-1.528036326915127,1.2710554090123687,-1.4064935070160103,-1.1910875529820104,High,-0.7136404944751947,0.0,8,1295,0.010293493673275431
Post_1297,Twitter,#Dance,Shorts,Germany,-0.5704820242628396,-1.6822377200710374,1.2996196372390751,-0.9726472083137679,Low,-0.48143682885214245,0.0,6,1296,0.010284947808872544
Post_1298,Instagram,#Music,Live Stream,UK,-1.2679009275179747,1.5317057121326105,0.25693565240130084,-0.936730574719278,High,-0.10399753442583531,0.0,6,1297,0.01027640194446966
Post_1299,TikTok,#Dance,Reel,Australia,-0.82062046521972,-0.1463332399346552,0.5777509069758588,-0.09132443309458932,Low,-0.12013180781827641,0.0,6,1298,0.010267856080066775
Post_1300,TikTok,#Comedy,Post,Germany,-0.8832492958842973,-0.21635083551513323,-0.9074475554555868,-1.3033182813484183,High,-0.8275914920508589,0.0,7,1299,0.010259310215663888
Post_1301,Twitter,#Comedy,Post,India,0.528208993658997,0.24847703951849565,0.8730358184686577,-0.16623826924683918,Low,0.37087089559982783,0.4240964573461916,7,1300,0.010250764351261004
Post_1302,TikTok,#Fashion,Tweet,Japan,1.2341440528875158,-1.376885900358153,-1.0849901030322404,-1.2352657124325428,Medium,-0.6157494157338551,0.8038581806126773,8,1301,0.010242218486858119
Post_1303,YouTube,#Tech,Tweet,Canada,-1.204498461506282,1.6191203176579312,-0.45385387237360486,1.6842034966447157,Medium,0.41124287010569005,0.0,5,1302,0.010233672622455232
Post_1304,Twitter,#Gaming,Tweet,UK,-1.0499810753570844,-0.7551315915329323,0.297467652603878,-0.22098838127586662,Medium,-0.43215834889050136,0.0,7,1303,0.010225126758052348
Post_1305,Instagram,#Challenge,Live Stream,UK,0.4639068082400743,0.6102600205219988,-1.6004140105319058,-0.8635670618416135,Medium,-0.3474535609028615,0.38110875793929805,10,1304,0.010216580893649463
Post_1306,YouTube,#Comedy,Live Stream,Canada,-0.07159891940490946,-0.6849061463712733,-0.05283480415540728,0.021186346995752288,Medium,-0.19703838073395946,0.0,7,1305,0.010208035029246576
Post_1307,TikTok,#Challenge,Shorts,India,-1.1579748138029566,-0.6010942669197551,1.3026130871691466,-1.141938475431656,Medium,-0.3995986172463053,0.0,10,1306,0.010199489164843692
Post_1308,Twitter,#Music,Reel,India,-1.517967418331855,-1.0711253098022795,-1.2690012550554854,1.1062467513766574,Medium,-0.6879618079532406,0.0,6,1307,0.010190943300440807
Post_1309,YouTube,#Fitness,Shorts,UK,-1.096144972345409,1.1977953599654683,-1.4114481827623355,1.6613792811441237,High,0.08789537150046184,0.0,8,1308,0.01018239743603792
Post_1310,YouTube,#Viral,Reel,UK,0.4666039107433925,0.4590355935741367,1.062758610588361,1.208885708198338,Low,0.799320955776057,0.3829494632111626,6,1309,0.010173851571635036
Post_1311,YouTube,#Dance,Reel,Brazil,-0.08992290772839343,-1.7201702686365545,-0.5156840967912885,-1.503905328615891,High,-0.9574206504430318,0.0,6,1310,0.01016530570723215
Post_1312,TikTok,#Dance,Video,USA,-0.33143349868037547,-0.7575426466746309,-1.1493664802640078,0.8889266136041492,Low,-0.33735400300371626,0.0,6,1311,0.010156759842829264
Post_1313,Twitter,#Music,Tweet,UK,-0.7952529005162543,-1.5092722269316514,0.5673254434262995,-0.41086345010287745,Medium,-0.5370157835311209,0.0,6,1312,0.01014821397842638
Post_1314,TikTok,#Challenge,Video,USA,0.24517905875921128,1.0801594253364422,1.2526878475308278,1.022581298851481,Low,0.9001519076194906,0.21927934187179124,10,1313,0.010139668114023495
Post_1315,Instagram,#Education,Reel,Canada,-1.4825775413282032,1.6227576853285972,-1.6481371720607467,-1.4215001088484163,Low,-0.7323642842271922,0.0,10,1314,0.010131122249620608
Post_1316,Twitter,#Comedy,Post,Australia,-0.9768804153084344,1.011541350269249,-0.5390123617635697,-0.4400588423229599,Medium,-0.23610256728142875,0.0,7,1315,0.010122576385217723
Post_1317,Twitter,#Tech,Live Stream,Australia,-1.455126163435563,0.1421273371475934,-1.1063915496587287,1.0905638548363732,Low,-0.33220663027758124,0.0,5,1316,0.010114030520814839
Post_1318,Twitter,#Fitness,Video,Germany,-0.3008533174264164,0.4622919036793044,-0.5426251461619318,-1.404276927826497,High,-0.4463658719338852,0.0,8,1317,0.010105484656411952
Post_1319,Instagram,#Dance,Video,Brazil,-0.9010641512911234,0.7218267473805421,-1.247290141194852,0.5416624759264302,Medium,-0.22121626729475077,0.0,6,1318,0.010096938792009067
Post_1320,Twitter,#Fashion,Reel,USA,-1.1317342540310897,0.34822405352721747,0.6294653350781283,-0.40610257079600554,Low,-0.1400368590554374,0.0,8,1319,0.010088392927606183
Post_1321,Instagram,#Fashion,Live Stream,India,-1.2024098516409074,-0.6507426035445033,1.0543975952664373,-1.0483311867068352,Medium,-0.4617715116564522,0.0,8,1320,0.010079847063203296
Post_1322,Twitter,#Fitness,Shorts,Australia,1.3745660634032641,-0.43087931657132983,1.6034031939356403,1.3948400528902778,Medium,0.9854824984144631,0.8648147106470784,8,1321,0.010071301198800411
Post_1323,YouTube,#Education,Tweet,UK,-0.8763756588896873,0.7340690877120981,0.6050360310511081,0.6389804499933717,Low,0.2754274774667227,0.0,10,1322,0.010062755334397527
Post_1324,Instagram,#Challenge,Post,Brazil,-1.4011217565785983,-1.4985471885427162,-1.5759847065048855,-0.47100455781762757,High,-1.236664552360957,0.0,10,1323,0.01005420946999464
Post_1325,Twitter,#Dance,Reel,India,-0.8930907049677974,-0.2649044976789953,1.507509573761971,-0.5944373551413813,Medium,-0.06123074600655076,0.0,6,1324,0.010045663605591755
Post_1326,YouTube,#Fashion,Post,Brazil,-0.942264173651898,1.2095873595377988,-0.936590682935708,-1.1686834150673189,Medium,-0.4594877280292815,0.0,8,1325,0.01003711774118887
Post_1327,Instagram,#Fashion,Tweet,Brazil,1.0368259250056555,1.2552380558845009,1.5913605792744332,-1.2007493374577212,Medium,0.6706688056767172,0.7113926770420705,8,1326,0.010028571876785984
Post_1328,Twitter,#Fashion,Post,Japan,0.6140057703696082,1.1203644626562042,-1.5248896128709069,-1.5360412639372767,Low,-0.3316401609455928,0.4787191450393885,8,1327,0.0100200260123831
Post_1329,Instagram,#Viral,Reel,Canada,1.1849157650468436,-1.7032582410478008,-1.2764332686749733,-0.7707999282885938,Low,-0.641393918241131,0.7815772763384511,6,1328,0.010011480147980215
Post_1330,Twitter,#Tech,Tweet,USA,-1.1348959488863515,0.09292241296269775,-0.5122089422747687,-0.23177037264731193,High,-0.4464882127114336,0.0,5,1329,0.010002934283577328
Post_1331,Twitter,#Viral,Tweet,Germany,0.6380953634855007,-0.14972118810790414,-0.24417474738675835,-0.16791857959044104,Low,0.019070212100099286,0.49353420320230795,6,1330,0.009994388419174443
Post_1332,Twitter,#Education,Shorts,Germany,1.2701472192053114,-0.07159053054199764,0.1816865145039865,-1.7309572637950932,High,-0.08767851515694824,0.8198446836658313,10,1331,0.009985842554771557
Post_1333,TikTok,#Music,Video,UK,-0.027072744719158593,0.1419125592470398,-0.6660103352336141,1.4942584148867215,High,0.23577197354524715,0.0,6,1332,0.009977296690368672
Post_1334,Twitter,#Fitness,Video,Brazil,1.2567117291690917,-0.8613080859195171,1.403151715854996,-1.5840701345918968,Low,0.0536213061281684,0.8139087666692999,8,1333,0.009968750825965787
Post_1335,TikTok,#Tech,Live Stream,Germany,1.3825922731647902,0.019877141816351012,0.2994288784201317,1.1886519711441321,Medium,0.7226375661363513,0.8681890853512514,5,1334,0.0099602049615629
Post_1336,YouTube,#Fashion,Live Stream,Japan,1.450238427134575,1.2048414607675013,1.1759591884037082,-0.7353733852109878,Medium,0.7739164227736992,0.89618533701941,8,1335,0.009951659097160016
Post_1337,Instagram,#Education,Live Stream,Germany,-0.14817716969856443,1.5058977224693133,-1.2239274687521102,0.0010926358035133082,Low,0.033721429955537965,0.0,10,1336,0.009943113232757131
Post_1338,YouTube,#Music,Live Stream,Japan,0.958686699228627,-0.7681221903567396,0.9857546916975566,-1.4949436734500146,High,-0.07965611822014262,0.6722741972436835,6,1337,0.009934567368354245
Post_1339,TikTok,#Gaming,Video,Canada,-1.4876092546620105,0.4478740710647215,1.4605777840537237,-1.723255841386918,Low,-0.3256033102326208,0.0,7,1338,0.00992602150395136
Post_1340,TikTok,#Comedy,Reel,Japan,1.5213834137725362,0.8043984576643475,1.1051486141958102,0.643811342231227,High,1.0186854569659802,0.9248077246116458,7,1339,0.009917475639548475
Post_1341,Instagram,#Viral,Reel,Japan,-0.030598986965620894,0.06093436241895471,1.4836307892623202,1.6191614837611268,Medium,0.7832819121191952,0.0,6,1340,0.009908929775145589
Post_1342,Instagram,#Fashion,Video,Germany,0.7067515604151154,-1.6536584026586614,0.47618005417619186,1.3893790442735716,Low,0.2296630640515544,0.5345918915769248,8,1341,0.009900383910742704
Post_1343,YouTube,#Viral,Reel,Canada,1.5406249377291357,-1.3639576564087,1.3774837428913944,0.14174861414918616,Medium,0.4239749095902541,0.9324100892439807,6,1342,0.00989183804633982
Post_1344,Instagram,#Fashion,Reel,Australia,0.26752814365395833,-0.3161948459950728,-1.088499665019221,0.671396437038691,High,-0.1164424825804111,0.23706866030293386,8,1343,0.009883292181936933
Post_1345,TikTok,#Education,Tweet,Japan,0.22066393194043254,-1.522733951472802,-1.2709280734012787,0.2721126916402976,Medium,-0.5752213503233377,0.19939491722705677,10,1344,0.009874746317534048
Post_1346,Twitter,#Challenge,Tweet,Canada,1.3524437927688318,0.629111977535108,0.5205656910703552,1.0145998247193722,Medium,0.8791803215234169,0.8554546996388659,10,1345,0.009866200453131163
Post_1347,YouTube,#Music,Reel,USA,1.7069983369658364,-1.4118184866352923,1.56675923789511,1.6839934578517655,High,0.8864831365193548,0.9958403962861447,6,1346,0.009857654588728277
Post_1348,TikTok,#Comedy,Shorts,Germany,1.5427491800462816,-0.8654304359462719,-0.4527528333188659,0.7150845059723395,High,0.23491260418837084,0.93324585005622,7,1347,0.009849108724325392
Post_1349,YouTube,#Tech,Video,UK,1.164440810067385,1.2387070858612452,1.1594091951121634,-0.8402527558241376,Low,0.6805760838041641,0.7721620417497818,5,1348,0.009840562859922507
Post_1350,YouTube,#Education,Tweet,USA,-0.7452859245407811,-1.2352641240608493,-1.5262315042188699,-0.7954444799947545,Medium,-1.0755565082038137,0.0,10,1349,0.00983201699551962
Post_1351,YouTube,#Dance,Live Stream,Germany,1.6625262961971998,1.0174373500554144,-1.6134200343660094,0.6428311611974592,Medium,0.42734369327101596,0.9792754074927617,6,1350,0.009823471131116736
Post_1352,TikTok,#Fitness,Live Stream,Australia,-1.2463844085636575,0.14661688810110118,1.541056857461048,0.1824961399815314,High,0.15594636924500577,0.0,8,1351,0.009814925266713851
Post_1353,YouTube,#Fitness,Shorts,Germany,0.45425384000728875,1.6279054266225113,0.5295460408605697,1.5861153803369568,Medium,1.0494551719568317,0.37449294434661856,8,1352,0.009806379402310965
Post_1354,Twitter,#Dance,Reel,Canada,0.2269653939883275,-0.9272656863475945,1.5637657879650386,-1.2223833331315952,High,-0.0897294593814559,0.20454396157254662,6,1353,0.00979783353790808
Post_1355,Instagram,#Comedy,Live Stream,India,1.6355751431082746,1.1956129393630686,-0.4854399302564281,-0.6387555404538805,Low,0.4267481529402586,0.9691014288050838,7,1354,0.009789287673505195
Post_1356,TikTok,#Comedy,Shorts,Japan,-1.5696687353733592,-0.2881559374937672,0.7947588231708114,-0.2877107045030574,Low,-0.3376941385498431,0.0,7,1355,0.009780741809102309
Post_1357,Instagram,#Viral,Live Stream,Germany,-0.6185625360127956,1.429298223484773,-1.5384117487619193,-0.03986492882178218,High,-0.191885247527931,0.0,6,1356,0.009772195944699424
Post_1358,Twitter,#Tech,Shorts,India,0.8071295475342909,-1.5478698941569475,1.024256651142959,-0.2546646010788874,Low,0.007212925860353728,0.5917397010903065,5,1357,0.009763650080296539
Post_1359,Instagram,#Music,Shorts,Germany,1.5444451477027128,-0.25044509514817626,-0.6779153200129788,0.17591492446909077,High,0.1979999142526621,0.9339126096136489,6,1358,0.009755104215893652
Post_1360,Twitter,#Fashion,Live Stream,Germany,0.05779690300593705,0.00020071479789091854,1.1791246756860827,-0.7953744670637711,Medium,0.11043695660653488,0.056188351876442624,8,1359,0.009746558351490768
Post_1361,YouTube,#Viral,Video,India,-0.7159700100852525,-0.1789309825831956,-0.36525463593758095,-0.5968878077258007,Low,-0.46426085908295744,0.0,6,1360,0.009738012487087881
Post_1362,YouTube,#Challenge,Post,Japan,-1.2997090578791355,-1.6209082369839216,0.5610288763320113,0.3090095062685552,Medium,-0.5126447280656227,0.0,10,1361,0.009729466622684996
Post_1363,TikTok,#Comedy,Video,Canada,-1.0170100936371504,1.5565298804449845,-1.6271830225502462,1.615590824280973,Low,0.1319818971346402,0.0,7,1362,0.009720920758282112
Post_1364,YouTube,#Fashion,Shorts,USA,0.4289342420658231,-0.6920908135607603,-1.4310604409248728,0.18347632101529915,Medium,-0.37768517285112774,0.35692888114002813,8,1363,0.009712374893879225
Post_1365,TikTok,#Gaming,Tweet,Australia,-0.08865452949322014,-1.3466853562125658,-1.2525888916457832,-0.9561941695326663,High,-0.9110307367210588,0.0,7,1364,0.00970382902947634
Post_1366,YouTube,#Gaming,Video,Canada,-1.1244871615323362,1.1848532593772698,0.044882411952673465,1.1692583892617272,Low,0.31862672476483356,0.0,7,1365,0.009695283165073456
Post_1367,TikTok,#Dance,Post,Germany,-1.4910039309327012,-0.026591096216329217,0.8265169184059377,-1.0681448461751406,Low,-0.4398057387295583,0.0,6,1366,0.009686737300670569
Post_1368,Twitter,#Fashion,Tweet,UK,-0.19765351422272254,-0.5570301557094008,1.0772441556522703,-0.08481323051313208,Medium,0.05943681380175372,0.0,8,1367,0.009678191436267684
Post_1369,TikTok,#Viral,Post,Canada,-1.0490532611321115,-0.6442369116535407,1.502864565249791,-1.5569051173703332,Low,-0.4368326812265486,0.0,6,1368,0.0096696455718648
Post_1370,Twitter,#Tech,Video,Canada,1.2761163401164914,1.2186773145547776,1.6552896593902127,0.1950984675585454,Low,1.0862954454050067,0.8224706310018567,5,1369,0.009661099707461913
Post_1371,Instagram,#Challenge,Tweet,Australia,-0.8997724749144073,-0.984140260078066,-1.1155439368012459,0.5831801439995931,Medium,-0.6040691319485314,0.0,10,1370,0.009652553843059028
Post_1372,YouTube,#Challenge,Reel,Brazil,0.6656406191837695,-0.7241481472982303,-1.669091321571247,-1.4207299666075988,High,-0.7870822040733267,0.5102098056992237,10,1371,0.009644007978656144
Post_1373,Instagram,#Comedy,Reel,India,0.17181937819576107,-1.5306807337932857,1.5232337877624613,-0.2839300062299532,Medium,-0.029889393516254123,0.15855756511057292,7,1372,0.009635462114253257
Post_1374,Twitter,#Fitness,Video,UK,1.38645496798471,-0.13399390313188145,0.6595374642606856,-1.6028336000954508,Low,0.07729123225451578,0.8698089878052512,8,1373,0.009626916249850372
Post_1375,Twitter,#Fitness,Video,Canada,1.3718538856318887,-0.8781161887176805,-1.055021196261065,-1.5382116647977626,Medium,-0.5248737910361548,0.8636718795888546,8,1374,0.009618370385447488
Post_1376,Instagram,#Fashion,Live Stream,Germany,-1.4874187580929246,-1.353911593318289,-0.6017371804132285,1.0166301997178913,High,-0.6066093330266378,0.0,8,1375,0.009609824521044601
Post_1377,YouTube,#Education,Reel,Germany,-0.5505100350449247,1.6220371401138367,-0.04089541190558192,-0.37347654495773597,High,0.1642887870513985,0.0,10,1376,0.009601278656641716
Post_1378,TikTok,#Music,Reel,Canada,1.117793819261774,0.7534960952331411,0.0119544627218871,-1.0143049022488975,Medium,0.21723486874197617,0.7503748955387967,6,1377,0.009592732792238831
Post_1379,Instagram,#Education,Reel,India,0.5264876721426516,1.4044117002980445,1.3736301061998082,-1.3854434493919596,Low,0.47977150731213625,0.42296945726280666,10,1378,0.009584186927835945
Post_1380,TikTok,#Fitness,Shorts,Brazil,-0.8023999480542647,0.48252259624758026,-0.23405895107134436,0.46996923459941725,High,-0.020991767069652903,0.0,8,1379,0.00957564106343306
Post_1381,YouTube,#Fitness,Reel,Germany,1.7128290395066734,1.4586673693056365,-1.2272649933867876,1.0051480790366119,Low,0.7373448736155335,0.9979920163969879,8,1380,0.009567095199030175
Post_1382,YouTube,#Gaming,Shorts,USA,-0.42667767178662913,1.663904974083046,-0.8294802273918858,1.0776814755354256,High,0.3713571376099892,0.0,7,1381,0.009558549334627289
Post_1383,Twitter,#Music,Live Stream,Germany,-0.9611747269506971,-0.565378780553501,0.6460497358401336,0.22709437701796426,Medium,-0.16335234866152504,0.0,6,1382,0.009550003470224404
Post_1384,Instagram,#Gaming,Tweet,Brazil,0.8381606163510505,1.150959921006035,-1.3636217988221129,0.40282683378632606,Low,0.25708139308032474,0.6087654065959602,7,1383,0.00954145760582152
Post_1385,Twitter,#Challenge,Shorts,UK,0.587783026823627,-0.9832326502402426,0.7660285853362172,-0.05064692019322748,High,0.07998301043159353,0.46233872050720504,10,1384,0.009532911741418633
Post_1386,YouTube,#Education,Post,USA,-0.9632181110119001,-0.2216856414321101,0.015154357474722137,-1.0743059841016809,Low,-0.5610138447677422,0.0,10,1385,0.009524365877015748
Post_1387,TikTok,#Music,Tweet,UK,-0.9766138571596054,1.6310993818533248,0.23911258270271427,-0.42598624319529427,Low,0.11690296605028487,0.0,6,1386,0.009515820012612863
Post_1388,YouTube,#Tech,Shorts,Brazil,1.2074937199202767,-0.17630514954094334,-0.2868744182283528,1.3839180356568657,Low,0.5320580469519616,0.7918578086087045,5,1387,0.009507274148209977
Post_1389,Twitter,#Education,Post,Canada,0.2615960256734639,0.11441405965680451,-0.5760003925087058,0.49776436819983144,High,0.07444351525534851,0.23237760643460842,10,1388,0.009498728283807092
Post_1390,YouTube,#Tech,Tweet,Germany,-0.9798961541593245,0.2704120986524551,1.0395679754979223,1.6088695829065653,Low,0.4847383757244046,0.0,5,1389,0.009490182419404207
Post_1391,TikTok,#Fitness,Reel,Canada,0.899460767708226,-1.5999916407977488,-0.10537501154873098,-1.0841778073703419,High,-0.4725209230021489,0.6415700394223626,8,1390,0.00948163655500132
Post_1392,Twitter,#Gaming,Post,Japan,1.4302780869874314,-1.1704358396905215,-0.4095370504203626,-1.5356211863513762,High,-0.4213289973687072,0.888005689894282,7,1391,0.009473090690598436
Post_1393,TikTok,#Challenge,Shorts,India,-0.9398000525640087,-1.4928659666571045,0.8688381070724656,1.7075178026621916,Medium,0.03592247262838605,0.0,10,1392,0.009464544826195551
Post_1394,TikTok,#Gaming,Video,UK,0.7505931808831796,-0.13005168940881673,-1.2391011632252311,0.35276758813318715,High,-0.06644802090442027,0.5599546910059631,7,1393,0.009455998961792665
Post_1395,Twitter,#Viral,Post,Canada,0.6457933435470548,0.7039378267602379,-1.5288464719738748,1.5770837122400967,Medium,0.3494921026433786,0.49822254367227636,6,1394,0.00944745309738978
Post_1396,YouTube,#Education,Live Stream,Australia,1.680478884734912,1.3418974745981975,0.739156350906495,0.7907684843654068,Low,1.1380752986512528,0.9859954668938289,10,1395,0.009438907232986894
Post_1397,Twitter,#Challenge,Reel,USA,-0.5524012959466417,1.0929698878565595,-0.7846817008521952,-0.8249199239387706,Medium,-0.267258258220262,0.0,10,1396,0.009430361368584009
Post_1398,TikTok,#Dance,Live Stream,Brazil,-1.0754219606824644,-0.6686176675260621,-1.6665795762276239,0.4592572561589554,High,-0.7378404870692987,0.0,6,1397,0.009421815504181124
Post_1399,YouTube,#Gaming,Shorts,USA,0.7790388412281355,1.1233713532639549,1.353673773332665,-1.4355727079760818,Medium,0.45512781496216836,0.5760732416258723,7,1398,0.009413269639778237
Post_1400,Instagram,#Comedy,Live Stream,Australia,-1.6927082765797392,-1.4590834813958329,1.4553134410732531,0.52338910093976,Medium,-0.2932723039906398,0.0,7,1399,0.009404723775375353
Post_1401,Twitter,#Tech,Video,Germany,0.5319476601371739,-0.9401662170195568,0.3720974560329016,-1.1177840142423792,Low,-0.2884762787729651,0.42653990633346056,5,1400,0.009396177910972468
Post_1402,TikTok,#Fitness,Video,UK,-1.343028525880856,-1.1391821910002842,0.1486553428618184,-1.640640582826493,Medium,-0.9935489892114537,0.0,8,1401,0.009387632046569581
Post_1403,TikTok,#Comedy,Video,Germany,1.1184235543228893,0.11791978925938931,0.2381147660593571,-1.1441088762921416,Medium,0.08258730833737349,0.7506722056200408,7,1402,0.009379086182166697
Post_1404,YouTube,#Tech,Tweet,India,1.6371135056895627,-1.0212067687219961,1.6046762703426822,0.02643731681950812,Medium,0.5617550810324392,0.9696849499372445,5,1403,0.009370540317763812
Post_1405,Instagram,#Music,Post,UK,-0.5098972628989223,-0.3228598892316075,-0.49968462302711314,-0.8947228161292314,Low,-0.5567911478217187,0.0,6,1404,0.009361994453360925
Post_1406,TikTok,#Comedy,Video,Japan,-1.5614081737174899,0.9231498517123777,-0.29795362371666334,-0.9550739626369318,Medium,-0.4728214770896768,0.0,7,1405,0.00935344858895804
Post_1407,TikTok,#Dance,Live Stream,Japan,-0.9097858791016504,1.6500344786989063,0.8125474853989374,-1.3345440485670197,Low,0.05456300910729339,0.0,6,1406,0.009344902724555156
Post_1408,Instagram,#Gaming,Post,UK,1.0981939150690883,1.2792100409140332,1.6786523318329547,1.3150953245001726,Medium,1.3427879030790622,0.7410769342391185,7,1407,0.00933635686015227
Post_1409,TikTok,#Gaming,Reel,Brazil,1.3628546358412184,-1.4274626317788426,-1.1494008877344684,1.5621009450096468,High,0.08702301533438855,0.859870479529302,7,1408,0.009327810995749385
Post_1410,Instagram,#Fashion,Tweet,UK,-1.5832022146519504,-0.8764741770263513,-0.7529580130875295,-1.2720925141298172,Low,-1.121181729723912,0.0,8,1409,0.0093192651313465
Post_1411,Instagram,#Fitness,Shorts,Canada,-0.8387005082964607,1.3337151294190421,-1.3038904301025256,-1.3920246649044001,Medium,-0.550225118471086,0.0,8,1410,0.009310719266943613
Post_1412,YouTube,#Viral,Post,Australia,0.9428069600487752,-1.0791067337196267,-0.814960274857516,0.3373647433168367,Low,-0.1534738263028827,0.6641338139664489,6,1411,0.009302173402540729
Post_1413,YouTube,#Gaming,Live Stream,India,1.440784863583818,-1.55005924307872,-1.1030196175535905,1.7531662336633755,Medium,0.13521805915372082,0.8923196529850902,7,1412,0.009293627538137844
Post_1414,Instagram,#Dance,Tweet,USA,-0.8500549261013345,-0.7568151731404977,-1.5705139187016515,-0.05596790294796672,Medium,-0.8083379802228627,0.0,6,1413,0.009285081673734957
Post_1415,Instagram,#Music,Video,Japan,-0.6250414750800909,1.5135673720148892,-1.5582648592176809,-0.3292283725762202,Low,-0.24974183371477568,0.0,6,1414,0.009276535809332073
Post_1416,YouTube,#Challenge,Tweet,USA,0.053918447678502804,0.7139769615312761,0.05761317602309244,-1.0035929238084356,Low,-0.04452108464389104,0.05251507300657147,10,1415,0.009267989944929188
Post_1417,Instagram,#Fitness,Live Stream,USA,-0.5027632349105976,0.3680944734881131,1.5776664060311176,0.5497139629895226,High,0.4981779018995389,0.0,8,1416,0.009259444080526301
Post_1418,Instagram,#Education,Video,Australia,-0.29388648786563476,1.2301021132003553,1.031757479703368,0.6380702818905873,Medium,0.651510846732169,0.0,10,1417,0.009250898216123416
Post_1419,Twitter,#Dance,Shorts,Brazil,-0.11805335792306317,-0.4453248624634035,-0.7696800437313772,0.6409408120609071,High,-0.1730293630142342,0.0,6,1418,0.009242352351720532
Post_1420,Instagram,#Viral,Post,India,-0.45215281908486643,0.17405303281698217,1.0005499039956112,-0.17022900631289362,Low,0.13805527785370833,0.0,6,1419,0.009233806487317645
Post_1421,YouTube,#Fitness,Video,India,0.7769043203191324,-0.9228523469071864,1.6195747050521185,-0.6483473119986078,Medium,0.20631984161636413,0.5748727043459422,8,1420,0.00922526062291476
Post_1422,Twitter,#Dance,Post,Brazil,-0.4280337606723168,1.1862874214874182,1.405835498550922,-0.6963061697222445,High,0.36694574741094466,0.0,6,1421,0.009216714758511876
Post_1423,YouTube,#Dance,Post,USA,0.5659554091557665,1.6668010115808336,0.6877859975088314,-1.6829984060714567,Medium,0.3093860030434937,0.44849612280546103,6,1422,0.00920816889410899
Post_1424,Instagram,#Music,Tweet,Germany,-0.7483701873373857,-0.8068792089276078,-0.2671245301839731,1.2600651607472115,High,-0.14057719142543879,0.0,6,1423,0.009199623029706104
Post_1425,Twitter,#Tech,Shorts,Brazil,0.39420082446211513,-0.6888691450524561,-1.0919748195357406,0.29640717869154126,High,-0.2725589903586351,0.3323213654213816,5,1424,0.009191077165303218
Post_1426,YouTube,#Education,Reel,UK,1.423422266218707,-1.401737781948018,1.665715122939772,0.18529665722086786,Low,0.46817406610783224,0.8851807007811251,10,1425,0.009182531300900333
Post_1427,Twitter,#Viral,Live Stream,UK,0.7125288142782953,0.768669114659348,-0.19376780316199135,-1.311789845997411,Low,-0.0060899300554398406,0.5379711168686291,6,1426,0.009173985436497448
Post_1428,TikTok,#Education,Reel,Brazil,0.32418031577332695,1.1182374686087861,0.8042208775474742,-0.5358365319082663,Low,0.4277005325053303,0.28079363840290145,10,1427,0.009165439572094562
Post_1429,Twitter,#Fashion,Post,Germany,-0.12778786965124886,-0.06211951795952054,-0.8835687709559361,0.8203139412404064,Medium,-0.06329055433157477,0.0,8,1428,0.009156893707691677
Post_1430,Instagram,#Viral,Live Stream,UK,-1.3401580577948804,0.0519899021088026,-0.5636481106133534,0.43055195445575684,Medium,-0.35531607796091863,0.0,6,1429,0.009148347843288792
Post_1431,YouTube,#Tech,Reel,Japan,0.25385693124448117,0.2082858588374791,0.5524270087168632,0.009704226314472871,High,0.25606850627832406,0.22622434578529765,5,1430,0.009139801978885906
Post_1432,YouTube,#Gaming,Tweet,Brazil,1.5889192441897206,0.21615642964486315,-0.056172328790084686,-0.820579122217799,Medium,0.232081055706675,0.9512405083901928,7,1431,0.009131256114483021
Post_1433,Twitter,#Comedy,Post,UK,1.7092363290328683,0.9406784997253017,0.806422955656952,0.8108621955576458,Medium,1.066799994993192,0.9966667977744145,7,1432,0.009122710250080136
Post_1434,TikTok,#Tech,Post,UK,-1.4894422702098704,1.1490684898172887,1.4420321574754646,-0.8615366868430946,Low,0.06003042255994709,0.0,5,1433,0.00911416438567725
Post_1435,TikTok,#Music,Live Stream,India,-1.370403156954296,-1.2261741690438706,0.028263603720207617,-0.3168360837921564,Medium,-0.7212874515175288,0.0,6,1434,0.009105618521274365
Post_1436,TikTok,#Gaming,Reel,Australia,-0.15776366970400701,0.011722509914686388,1.4599240421149724,-1.5763687121837215,High,-0.06562145746451747,0.0,7,1435,0.00909707265687148
Post_1437,Instagram,#Music,Live Stream,Japan,-0.17166717828945594,1.2825910607679094,-1.47623744963963,-0.9251784411070152,Medium,-0.3226230020670479,0.0,6,1436,0.009088526792468594
Post_1438,Instagram,#Education,Reel,Canada,-0.4851834166375719,1.1599944494680323,0.38967967343826404,1.251453570236252,Medium,0.5789860691262441,0.0,10,1437,0.009079980928065709
Post_1439,TikTok,#Challenge,Video,Australia,0.20515148110960985,-1.381070605259262,-0.050976800750535324,-0.9819589281345616,Medium,-0.5522137132586873,0.18660526950612655,10,1438,0.009071435063662824
Post_1440,Twitter,#Viral,Tweet,USA,1.4169686810113262,-1.316457098789488,1.2860286864071415,0.3137703855754272,Low,0.42507766355110177,0.8825141438431549,6,1439,0.009062889199259938
Post_1441,YouTube,#Gaming,Post,Brazil,1.4488748006148586,0.36664645473921936,-1.5890939527503711,-1.2844147899828975,High,-0.26449687184479764,0.8956286540069792,7,1440,0.009054343334857053
Post_1442,TikTok,#Fitness,Tweet,Canada,-0.276868565947467,-1.001301707164237,0.5409349135830256,0.4605174889166568,Low,-0.0691794676530054,0.0,8,1441,0.009045797470454168
Post_1443,TikTok,#Challenge,Post,Japan,0.3157964110151718,-1.1640687141870127,1.3845028668653552,-0.9366605617882946,Medium,-0.10010749952369508,0.27444211805939195,10,1442,0.009037251606051282
Post_1444,TikTok,#Comedy,Reel,Germany,0.3280327320013897,-1.1669716800041727,0.046809230298466606,0.2677718899193261,High,-0.13108945694624757,0.28369869834190314,7,1443,0.009028705741648397
Post_1445,YouTube,#Challenge,Tweet,USA,-0.9212684366850101,0.3176978783711136,1.228912285442559,-0.0324435581375406,Low,0.14822454224778042,0.0,10,1444,0.009020159877245512
Post_1446,TikTok,#Fitness,Live Stream,India,0.7949398228311587,1.353031283830122,-1.7052191655548685,-1.0187157169008525,Low,-0.14399094394861006,0.5849714964931223,8,1445,0.009011614012842626
Post_1447,Twitter,#Dance,Video,USA,-1.5465309398634397,0.794456319364527,-0.22652371504047475,0.18354633394628259,Medium,-0.1987630003982762,0.0,6,1446,0.009003068148439741
Post_1448,Twitter,#Challenge,Video,Brazil,1.595532490190616,-1.0962196825701889,1.3488911349386428,-0.19452349336413724,Low,0.41342011229873316,0.9537916940995421,10,1447,0.008994522284036856
Post_1449,Instagram,#Comedy,Post,Japan,1.0728544451833655,1.581714321364739,-1.191309186755469,0.7089933809767827,Medium,0.5430632401923545,0.7289266164122008,7,1448,0.00898597641963397
Post_1450,YouTube,#Education,Post,Japan,-0.5411003268194252,-0.9725214684900528,-0.4662749692098785,-0.9295892557589701,High,-0.7273715050695816,0.0,10,1449,0.008977430555231085
Post_1451,TikTok,#Gaming,Shorts,UK,-0.8553189356111136,-0.6195720946867386,1.1480547298601682,0.1634526227540436,Low,-0.04084591942091009,0.0,7,1450,0.0089688846908282
Post_1452,Twitter,#Gaming,Video,Australia,-1.3411119111192247,1.4735355426794448,-0.21479076761341295,1.5536993932916374,Low,0.36783306430961116,0.0,7,1451,0.008960338826425314
Post_1453,YouTube,#Tech,Post,Brazil,-1.3389684820972787,1.6993779692712558,-0.5873892652311618,-0.29429192001549803,Medium,-0.13031792451817065,0.0,5,1452,0.008951792962022429
Post_1454,YouTube,#Tech,Post,Germany,0.038751357534080606,0.12866561260644271,-0.37488872766654663,0.4813813423497133,High,0.0684773962059225,0.03801937407868194,5,1453,0.008943247097619544
Post_1455,Instagram,#Challenge,Video,Germany,0.5267028373321948,0.4921945300918656,1.5392332615266366,-0.23128028213042806,High,0.5817125867050672,0.4231104017529927,10,1454,0.008934701233216658
Post_1456,Instagram,#Music,Post,Canada,0.8315316098426409,-0.0915787319322291,1.2830696439475304,0.5307404586930181,Medium,0.6384407451377401,0.6051525620791383,6,1455,0.008926155368813773
Post_1457,YouTube,#Fitness,Post,Canada,0.8878308836415805,0.43836148856600826,0.666074883648198,-0.5265248120874726,Medium,0.36643561094207855,0.6354284893689047,8,1456,0.008917609504410888
Post_1458,YouTube,#Fitness,Video,USA,-0.3517885367548338,-1.5483479481936637,0.06480433734935612,0.03903964439652211,Medium,-0.44907312580065484,0.0,8,1457,0.008909063640008002
Post_1459,TikTok,#Fashion,Live Stream,UK,-0.2471223211128521,1.5819498842234108,-1.219901794708221,-0.8412329368579053,High,-0.1815767921138919,0.0,8,1458,0.008900517775605117
Post_1460,TikTok,#Gaming,Video,Japan,0.39308388414697065,-0.27567803430353954,0.15502072489702787,-1.7361382206878655,High,-0.36592791148685166,0.3315199113241511,7,1459,0.00889197191120223
Post_1461,TikTok,#Tech,Live Stream,India,-0.055964495950715155,1.7009437694494853,-0.5904171226316938,1.5104314019438894,High,0.6412483882027414,0.0,5,1460,0.008883426046799345
Post_1462,Instagram,#Dance,Video,UK,-1.2205837725232769,0.4817535527972109,-1.3673722131023174,-1.0596032685951644,Low,-0.791451425355887,0.0,6,1461,0.00887488018239646
Post_1463,Twitter,#Education,Tweet,UK,-0.6249455415560907,1.683657612614606,1.161886532985326,0.8544802515603109,Medium,0.7687697139010381,0.0,10,1462,0.008866334317993574
Post_1464,Instagram,#Education,Tweet,Japan,-1.4877298568064679,1.0071557241063316,1.6506446508780328,-0.9382708592009131,Low,0.05794991474424585,0.0,10,1463,0.00885778845359069
Post_1465,YouTube,#Fitness,Shorts,India,1.7139048654543894,-0.3652681321118872,-0.008896464377231541,0.8404076524326453,Medium,0.545036980349479,0.9983885075390453,8,1464,0.008849242589187805
Post_1466,TikTok,#Fashion,Shorts,Japan,0.8118878503246979,-1.2329431370709958,-0.5289653803890768,-1.371860940781178,Medium,-0.5804704019791381,0.5943693129485627,8,1465,0.008840696724784918
Post_1467,Instagram,#Fitness,Shorts,Canada,-0.1673529106672782,-1.06455033471759,-1.1094194070592607,-1.3769718847429668,High,-0.929573634296774,0.0,8,1466,0.008832150860382033
Post_1468,Instagram,#Dance,Shorts,Australia,-0.5548969380495596,1.0944733331604346,1.4304712474007057,-1.2105511477953987,High,0.1898741236790455,0.0,6,1467,0.008823604995979149
Post_1469,TikTok,#Music,Reel,UK,-0.4255401742877703,-1.5945459817708088,1.1058367636050221,0.3179711614344318,High,-0.14906955775478126,0.0,6,1468,0.008815059131576262
Post_1470,YouTube,#Gaming,Post,Australia,1.3060517110412782,0.09159217564313989,1.4508748773838367,1.078101553121326,Low,0.9816550792973953,0.8355368461580069,7,1469,0.008806513267173377
Post_1471,Twitter,#Tech,Video,Germany,1.2346901887348594,-1.0771460193371534,-0.4372006566706784,0.6898798508183115,High,0.10255584088633476,0.8041026004414442,5,1470,0.008797967402770493
Post_1472,TikTok,#Education,Live Stream,India,-0.8010418034502056,-1.5138864876338678,0.03032805194784313,-1.2908559796333712,High,-0.8938640546924004,0.0,10,1471,0.008789421538367606
Post_1473,YouTube,#Challenge,Tweet,Brazil,-1.2600720667201062,-0.33311380190319945,0.05255527786538544,0.569037531940944,High,-0.24289826470424403,0.0,10,1472,0.008780875673964721
Post_1474,Twitter,#Education,Reel,India,0.9762582946281669,0.8701689934693622,1.5038967893636088,-0.41457413544499827,Low,0.7339374855040349,0.6812053066880394,10,1473,0.008772329809561837
Post_1475,Instagram,#Challenge,Post,Germany,-1.0304332493631414,-1.0874622868830996,0.09191742407230247,-1.2541692037980638,Medium,-0.8200368289930006,0.0,10,1474,0.00876378394515895
Post_1476,Twitter,#Challenge,Live Stream,India,-1.5446218627358368,-0.7397992207611533,-0.6221064029258989,-0.19340328646840266,Low,-0.774982693222823,0.0,10,1475,0.008755238080756065
Post_1477,TikTok,#Viral,Reel,India,-0.9596288267353805,-0.630248634840065,0.5166088319673872,-0.7100987171259764,High,-0.44584183668350863,0.0,6,1476,0.00874669221635318
Post_1478,Instagram,#Viral,Shorts,India,1.3466706503423946,-0.8386455532514245,-0.30552326721799355,1.308374083125765,High,0.3777189782496854,0.852997579089489,6,1477,0.008738146351950294
Post_1479,Instagram,#Comedy,Post,Brazil,1.6186538399535642,1.46959332895638,0.9322854826017969,-0.6848940619719485,Medium,0.8339096473849481,0.9626603841873201,7,1478,0.00872960048754741
Post_1480,Twitter,#Dance,Post,Brazil,-1.5855142125803539,-0.15051101651639162,-1.4888649912986671,1.3961002856479792,Low,-0.4571974836868583,0.0,6,1479,0.008721054623144524
Post_1481,TikTok,#Fitness,Tweet,Brazil,0.8378543143137073,-1.6845656353802636,0.2846680735925378,-1.6167661733611498,Low,-0.5447023552087921,0.6085987576329775,8,1480,0.008712508758741638
Post_1482,Twitter,#Tech,Post,UK,-0.25513208512740665,-0.07128568448959896,0.8981532719048898,-0.3842585363291813,Medium,0.04686924148967572,0.0,5,1481,0.008703962894338753
Post_1483,Twitter,#Comedy,Post,India,-0.6869967153582959,1.2126566050199037,-1.308328993791942,-0.8867413419971225,Low,-0.4173526115318642,0.0,7,1482,0.008695417029935868
Post_1484,TikTok,#Music,Post,USA,-1.1171393388333826,0.7533506005263144,-0.16083985393120498,-1.7285768241416573,Medium,-0.5633013540949826,0.0,6,1483,0.008686871165532982
Post_1485,Instagram,#Comedy,Post,Germany,-1.2491562021678044,0.7674220171722624,-1.2085473294562257,-1.6927302034781508,High,-0.8457529294824796,0.0,7,1484,0.008678325301130097
Post_1486,Twitter,#Fashion,Reel,India,-0.5217717774517683,1.303812503006481,-0.4077822694268724,-1.688179362964229,High,-0.32848022670909716,0.0,8,1485,0.008669779436727212
Post_1487,YouTube,#Fitness,Post,Australia,0.994010793244393,0.8385620004911174,0.3971460945282125,-1.6730565698718123,Low,0.1391655795979777,0.6901480843857759,8,1486,0.008661233572324326
Post_1488,Twitter,#Fitness,Tweet,India,1.6032270440548844,-0.17606265836289894,1.5680667217726125,0.22394379512371076,Medium,0.8047937256470771,0.9567518462020617,8,1487,0.008652687707921441
Post_1489,YouTube,#Music,Post,India,-1.0059551254750485,0.896073979603877,-0.44349722376496675,0.050381739215834706,Medium,-0.1257491576050759,0.0,6,1488,0.008644141843518555
Post_1490,YouTube,#Dance,Shorts,Brazil,1.104914743664755,0.38673858092004126,0.6077542212174949,-1.386003552839827,High,0.17835099824061607,0.7442749644921547,6,1489,0.00863559597911567
Post_1491,YouTube,#Tech,Post,Canada,-0.01027889610347687,1.0428919954307039,-0.2056727879413561,-0.5868759585951729,High,0.06001608819767451,0.0,5,1490,0.008627050114712785
Post_1492,Twitter,#Challenge,Post,USA,1.2302361322634243,0.36044560890065536,0.6541010839279121,0.1117130667573028,High,0.5891239729623237,0.802107468773558,10,1491,0.008618504250309899
Post_1493,Instagram,#Comedy,Tweet,Germany,1.546846912000002,-1.3735187371430222,-1.7151629245179796,-1.0417499711943947,High,-0.6458961802138486,0.9348560889690999,7,1492,0.008609958385907014
Post_1494,YouTube,#Gaming,Tweet,USA,0.6322598642684635,-1.2977644931219507,-0.07365132378406533,0.5212187000792742,High,-0.05448431313956961,0.4899654744227323,7,1493,0.008601412521504129
Post_1495,Instagram,#Challenge,Live Stream,Australia,1.5306636117406354,1.0238806870720227,-0.7616631031140593,-1.01661532897135,Low,0.1940664666818122,0.9284815654762365,10,1494,0.008592866657101243
Post_1496,Twitter,#Fitness,Post,Brazil,0.43629028763826244,1.5272300178178482,-0.08314778563118867,-0.21993818731111545,Medium,0.4151085831284516,0.36206360036236174,8,1495,0.008584320792698358
Post_1497,Instagram,#Challenge,Post,Germany,-1.2050260958882826,0.8997044189551704,1.3641336443526848,0.7412693421601352,Medium,0.4500203273949269,0.0,10,1496,0.008575774928295473
Post_1498,TikTok,#Dance,Post,Brazil,-1.3560569836795322,-1.2588273382473925,-0.39632458176349533,-0.6033289973762745,Low,-0.9036344752666736,0.0,6,1497,0.008567229063892587
Post_1499,TikTok,#Music,Shorts,Germany,1.4654027763211686,-1.1694104484233623,-0.502058738488894,-1.1124630314876398,Medium,-0.3296323605196819,0.9023551922485316,6,1498,0.008558683199489702
Post_1500,YouTube,#Education,Shorts,USA,-0.5003929916283371,-0.15019924214462024,1.5138749557971805,-0.8275104023851568,Medium,0.008943079909766588,0.0,10,1499,0.008550137335086817
Post_1501,YouTube,#Tech,Tweet,USA,0.058852857009395736,-0.8439387892521651,-1.2783600870207665,-0.15020530805163804,Low,-0.5534128318287935,0.05718611174300968,5,1500,0.00854159147068393
Post_1502,Instagram,#Comedy,Video,Canada,0.5109121792817717,0.2560774058703445,1.5062709048253897,-1.3645095830279197,High,0.22718772673739662,0.4127135606761499,7,1501,0.008533045606281046
Post_1503,TikTok,#Education,Live Stream,Brazil,0.18778751326558443,1.3381492538175683,0.8521504838990785,1.713188850071848,Low,1.0228190252635199,0.17209234405538187,10,1502,0.008524499741878161
Post_1504,Twitter,#Gaming,Shorts,USA,-1.1403340092182452,-0.4469322325578693,1.0203686069809121,1.7287317207501651,High,0.2904585214887407,0.0,7,1503,0.008515953877475274
Post_1505,Instagram,#Gaming,Reel,USA,1.4648491028397963,1.022889937401727,-0.2577656982186921,-0.399031264766681,High,0.45773551931403755,0.9021305897343922,7,1504,0.00850740801307239
Post_1506,Instagram,#Education,Tweet,Canada,0.9793459836220573,-1.4734597440941795,-1.625772316261362,0.07222577368265896,High,-0.5119150757627063,0.6827664788396586,10,1505,0.008498862148669505
Post_1507,Instagram,#Comedy,Tweet,Germany,-0.5550586545614455,-0.09590893154016486,-1.1807460933240674,0.6235776051770212,Low,-0.30203401856216416,0.0,7,1506,0.008490316284266618
Post_1508,TikTok,#Fitness,Post,Brazil,1.3565230232572092,-1.6329912259699055,1.2031410900675756,-0.6780327947355742,High,0.06216002315482627,0.8571872374409484,8,1507,0.008481770419863734
Post_1509,YouTube,#Fitness,Live Stream,UK,0.9101093888722416,0.9274038398072139,-0.08190911669460738,-1.2534690744882298,Low,0.12553375937415456,0.647160512079439,8,1508,0.008473224555460849
Post_1510,Twitter,#Fitness,Tweet,Australia,1.2056161638077025,0.9878187847371336,-1.4858027264276745,-1.4237405226398854,High,-0.1790270751306809,0.7910069092314734,8,1509,0.008464678691057962
Post_1511,YouTube,#Fashion,Tweet,Japan,0.22975226286053155,-0.8365185592040064,-0.2892829411605942,1.5042702640173493,Medium,0.15205525662832003,0.20681273678963222,8,1510,0.008456132826655078
Post_1512,Twitter,#Music,Tweet,Japan,1.4273966550701414,-0.9094599055597627,1.175133409112654,-1.1211446349295828,High,0.14298138092336243,0.8868193477004382,6,1511,0.008447586962252193
Post_1513,YouTube,#Comedy,Video,UK,-0.8901969387402789,-1.0269919153981983,-0.15044879785210624,0.7379787344039149,High,-0.33241472939666705,0.0,7,1512,0.008439041097849306
Post_1514,Instagram,#Gaming,Post,Canada,-1.6965209489192876,0.5139771661996256,-0.0005354490553077294,0.20111957962311874,Low,-0.24548991303796272,0.0,7,1513,0.008430495233446422
Post_1515,Twitter,#Education,Post,Brazil,1.4148026390872943,-0.6232094623574046,0.559274095338521,-0.28939101484665924,High,0.2653690643054379,0.8816175608198145,10,1514,0.008421949369043537
Post_1516,YouTube,#Tech,Live Stream,USA,0.08934875381012608,0.1339657769265561,-1.4608229028732849,1.310754522779201,Medium,0.01831153766064958,0.08558004411390184,5,1515,0.00841340350464065
Post_1517,YouTube,#Gaming,Video,UK,0.9023524782173731,-1.235042417840923,0.32743655937505345,-1.312980065824129,High,-0.3295583615181564,0.6430912667314084,7,1516,0.008404857640237766
Post_1518,Instagram,#Tech,Shorts,Brazil,0.21251643479499205,-0.25684686224854847,0.2713179750538282,1.4375479407901586,High,0.4161338720976076,0.19269789820773675,5,1517,0.00839631177583488
Post_1519,TikTok,#Dance,Tweet,Japan,-1.5055426564949226,1.1737055935066,-0.009928688491049295,-0.27790889416537984,Low,-0.1549186614111879,0.0,6,1518,0.008387765911431994
Post_1520,TikTok,#Challenge,Reel,Canada,0.8114636871007258,0.9494566803705091,-0.7086755986047479,1.0337133548778434,Medium,0.5214895309360825,0.5941351853892969,10,1519,0.00837922004702911
Post_1521,Instagram,#Gaming,Shorts,India,0.6439603279991949,-1.6609816362356022,-0.11325432228420651,-0.17569001492959965,Medium,-0.32649141136255333,0.4971081649554705,7,1520,0.008370674182626225
Post_1522,Instagram,#Challenge,Live Stream,USA,-1.1557717689482392,-0.525014391888167,1.2417806793948203,0.4402137389314676,Low,0.00030206437247039253,0.0,10,1521,0.008362128318223338
Post_1523,TikTok,#Viral,Tweet,UK,-1.4732062065123037,-0.6652297193528132,1.4523888060841028,-0.8687480187343859,Low,-0.38869878462885,0.0,6,1522,0.008353582453820453
Post_1524,Twitter,#Fitness,Post,Brazil,-0.6156865860111629,-0.7376930116718534,0.6873042929223832,1.0687898333005323,Low,0.1006786321349748,0.0,8,1523,0.008345036589417567
Post_1525,YouTube,#Fitness,Reel,India,0.09505405753030587,-0.2164755452638418,1.0245663183771043,0.291086195936802,Medium,0.2985577566450926,0.09080372965750917,8,1524,0.008336490725014682
Post_1526,TikTok,#Dance,Post,Germany,-0.16570765073067578,-0.018637385576472813,-1.4698720676044206,0.09063917453129608,Low,-0.3908944823450683,0.0,6,1525,0.008327944860611797
Post_1527,Twitter,#Gaming,Post,India,0.026007959349576237,0.5802326843607291,-1.2559608237509212,-0.019771217629543193,Low,-0.16737284941753977,0.025675504369146476,7,1526,0.008319398996208911
Post_1528,YouTube,#Challenge,Video,UK,1.1264922489307583,1.1525465061423827,-0.4736037604179846,-0.31144508810643373,High,0.37349747663718064,0.7544737907158455,10,1527,0.008310853131806026
Post_1529,Instagram,#Tech,Shorts,India,1.6174080746204766,1.6293673020101505,1.2245081292236033,1.5227536777969697,Medium,1.4985092959128,0.9621845436121254,5,1528,0.008302307267403141
Post_1530,Twitter,#Viral,Video,Brazil,1.0771659718477145,0.30445093173051646,0.39256990095695377,-1.154890867663587,Low,0.1548239842178994,0.7310044511129022,6,1529,0.008293761403000255
Post_1531,YouTube,#Music,Live Stream,Brazil,-0.3331760626198923,0.20422586368507853,-0.26389022796067746,-0.7831222041416742,High,-0.29399065775929134,0.0,6,1530,0.00828521553859737
Post_1532,TikTok,#Fitness,Live Stream,Brazil,1.2523864977155996,0.9961674095812337,-0.87042511723999,-1.1037814280456968,High,0.06858684050278663,0.811990319759332,8,1531,0.008276669674194485
Post_1533,YouTube,#Dance,Live Stream,USA,-1.6325531603554513,-1.7200386305684734,0.7364037532696477,-0.8978033850925015,Low,-0.8784978556866947,0.0,6,1532,0.008268123809791599
Post_1534,Instagram,#Gaming,Video,Germany,-0.30560339734333763,-0.41387722083073086,1.6974388107044378,1.239901436623989,Low,0.5544649072885897,0.0,7,1533,0.008259577945388714
Post_1535,Twitter,#Fitness,Post,Japan,-1.6381255276209452,1.420395333090857,-0.8099367841702696,1.616641018245724,Low,0.14724350988634155,0.0,8,1534,0.00825103208098583
Post_1536,Twitter,#Music,Post,USA,1.6449903332494313,-0.7660783361417939,-1.4578294529432134,-0.027822704692635467,Medium,-0.15168504013205286,0.9726674105774713,6,1535,0.008242486216582943
Post_1537,Instagram,#Gaming,Reel,USA,-1.0299522112642265,0.7232331962131996,1.5175909626069244,0.09042913573834584,High,0.3253252708235608,0.0,7,1536,0.008233940352180058
Post_1538,YouTube,#Challenge,Video,Canada,-1.694979160140714,-0.09671261658739773,0.5437563261607942,1.1908223720046178,Medium,-0.014278269640674968,0.0,10,1537,0.008225394487777173
Post_1539,YouTube,#Tech,Post,Australia,-0.7017629404202889,0.3783345295209596,0.033803206464362905,-1.6257278285270262,High,-0.47883825824049814,0.0,5,1538,0.008216848623374287
Post_1540,Instagram,#Fitness,Reel,USA,-0.39766531841061525,-1.3645465635553793,-1.664205460765843,-0.9398811566135316,High,-1.0915746248363423,0.0,8,1539,0.008208302758971402
Post_1541,Instagram,#Comedy,Live Stream,Japan,-1.7060704459940446,0.3470808808307224,1.0757990418929255,0.3801426441477009,Low,0.024238030219326065,0.0,7,1540,0.008199756894568517
Post_1542,YouTube,#Fitness,Reel,Canada,0.2863030195402429,-1.4325480181984025,0.2330912753721107,-0.20929622180163698,Low,-0.2806124862719215,0.25177222756167816,8,1541,0.00819121103016563
Post_1543,YouTube,#Comedy,Reel,Canada,-0.19674009002634976,0.45135901570918824,0.48344003044337674,-1.0735358418608634,Medium,-0.08386922143366204,0.0,7,1542,0.008182665165762746
Post_1544,YouTube,#Challenge,Live Stream,Australia,1.4258857020671392,-0.3725082258563558,1.6295528714856902,-0.43081713543314964,Medium,0.563028303065831,0.8861966956721276,10,1543,0.008174119301359861
Post_1545,YouTube,#Gaming,Shorts,USA,1.6558719358288758,1.7198095831013398,-0.5628911462632203,-1.0900588935729483,Low,0.4306828697735117,0.9767730135198146,7,1544,0.008165573436956975
Post_1546,YouTube,#Tech,Reel,UK,0.41639230428171903,-1.7389044442203279,1.0428710926621392,-1.7009917293341932,High,-0.4951581941526657,0.34811300794638567,5,1545,0.00815702757255409
Post_1547,Instagram,#Comedy,Shorts,USA,-0.5687250702947227,-0.926316506593535,0.00837608579398555,1.263565807296382,High,-0.055774920949472506,0.0,7,1546,0.008148481708151205
Post_1548,TikTok,#Education,Tweet,Brazil,-0.05264382554139601,1.1673800379193275,0.9472527322521543,1.2648960529850668,Low,0.8317212494037882,0.0,10,1547,0.008139935843748319
Post_1549,TikTok,#Viral,Post,Japan,0.18105640607806028,-1.5296345575680086,0.5132024923917886,-0.5707729844689884,Low,-0.35153716089178705,0.16640929736009383,6,1548,0.008131389979345434
Post_1550,Twitter,#Gaming,Post,Brazil,-1.5228202841673477,-0.2497938331271427,-0.3196647375772968,-0.5816249887714171,Low,-0.6684759609108011,0.0,7,1549,0.008122844114942549
Post_1551,YouTube,#Viral,Shorts,India,-0.9200637857193512,1.6428913814256554,0.9774280838460934,-0.9877700014061848,High,0.1781214195365532,0.0,6,1550,0.008114298250539663
Post_1552,Twitter,#Tech,Video,Germany,-0.8946263265912568,-1.0679729244877023,1.079033344116221,0.763883518867777,Low,-0.02992059702374031,0.0,5,1551,0.008105752386136778
Post_1553,YouTube,#Fitness,Live Stream,Japan,-0.477372372065589,1.256402013539114,1.263388570844072,0.6291786396556941,Low,0.6678992129933228,0.0,8,1552,0.008097206521733891
Post_1554,YouTube,#Gaming,Video,India,1.2611027436104694,0.3252566748067262,-0.7944878299334639,1.5680520441432366,Medium,0.5899809081567421,0.8158526339310029,7,1553,0.008088660657331007
Post_1555,YouTube,#Viral,Reel,Brazil,1.6748845898067894,-0.77701122411191,-0.8634404007364899,-0.21209673904097343,Medium,-0.04441594352064597,0.983906235419779,6,1554,0.008080114792928122
Post_1556,YouTube,#Fashion,Tweet,Germany,1.4633217040898225,-1.6817596660343213,1.0119043692476064,-0.39798107080192985,Low,0.09887133412529446,0.9015107253430313,8,1555,0.008071568928525235
Post_1557,Twitter,#Viral,Post,Japan,1.5625197088637963,1.1418907509471745,0.0699310504479843,-0.24031195022728807,High,0.6335073900079168,0.9409910356988694,6,1556,0.00806302306412235
Post_1558,TikTok,#Gaming,Video,Japan,0.0024192762768559996,0.4859798276145562,-0.4966911730970417,1.6097097380783663,Low,0.4003544172181842,0.0024163545393820814,7,1557,0.008054477199719466
Post_1559,YouTube,#Comedy,Shorts,Brazil,-0.4193257376509327,1.5541950368163857,-0.25480665575908124,0.211551506339647,Low,0.2729035374365047,0.0,7,1558,0.00804593133531658
Post_1560,YouTube,#Comedy,Reel,Brazil,-0.8905416141872223,-0.24321885804245302,-0.4092617906566779,-0.5067811655501507,Medium,-0.512450857109126,0.0,7,1559,0.008037385470913695
Post_1561,Twitter,#Comedy,Tweet,UK,-0.5969877717046213,-0.40862555474622636,-0.24754667949189635,-0.4958591483167385,Low,-0.4372547885648706,0.0,7,1560,0.00802883960651081
Post_1562,Twitter,#Gaming,Tweet,India,-0.8171791926659435,-1.0702869831581832,-1.461820719516642,0.8904668980857842,Medium,-0.6147049993137461,0.0,7,1561,0.008020293742107923
Post_1563,YouTube,#Dance,Reel,Australia,1.3953041503342658,0.7038477586083928,1.4243811251291811,-0.37466676478445393,High,0.7872165673218464,0.873510216676359,6,1562,0.008011747877705038
Post_1564,Instagram,#Tech,Reel,UK,0.7869554126765185,1.5316987838132379,1.1387647128358085,0.03238841595309806,Low,0.8724518313196657,0.5805132849295358,5,1563,0.008003202013302154
Post_1565,YouTube,#Dance,Shorts,UK,-1.6336447468106814,1.360444585558908,1.469558133843938,-0.6450567042423876,High,0.13782531708744428,0.0,6,1564,0.007994656148899267
Post_1566,YouTube,#Education,Reel,USA,-1.3264505276941747,-1.0868040965426933,-0.3678696036925859,0.18459652791103373,Low,-0.649131925004605,0.0,10,1565,0.007986110284496382
Post_1567,Instagram,#Challenge,Reel,Australia,-1.1627084479729064,0.7145935819554462,-0.6529010889881286,0.3074692217869202,High,-0.19838668330466713,0.0,10,1566,0.007977564420093498
Post_1568,Instagram,#Tech,Reel,Canada,-0.923187107165013,-0.6785805907840008,-1.2691732924077883,0.1590418081020887,Medium,-0.6779747955636783,0.0,5,1567,0.007969018555690611
Post_1569,TikTok,#Gaming,Reel,Canada,0.5641223936079066,-1.2531253314036628,0.38775285509247087,1.2798788202155167,Low,0.24465718437805783,0.44732489584376606,7,1568,0.007960472691287726
Post_1570,TikTok,#Dance,Live Stream,Australia,-1.5418747377521471,1.3993748121140936,-1.5877864688728687,-0.07893214431052556,Medium,-0.4523046347053619,0.0,6,1569,0.007951926826884842
Post_1571,YouTube,#Tech,Post,Canada,0.014182782037644644,-1.0427954118873206,0.9931522978465838,0.3203516010878678,Medium,0.07122281727119388,0.014083147344162487,5,1570,0.007943380962481955
Post_1572,Instagram,#Fitness,Reel,India,1.687652656611751,-0.8515945821589956,0.6314265608943821,1.3267174710434189,Medium,0.698550526597639,0.9886681943007689,8,1571,0.00793483509807907
Post_1573,Twitter,#Tech,Tweet,India,-0.24861819884779712,-0.46409367964404025,-0.13740836654754196,0.7593326783538553,High,-0.022696891671381003,0.0,5,1572,0.007926289233676186
Post_1574,Instagram,#Viral,Video,UK,-0.9335321672495138,0.6140567395382369,0.7863289929079664,-0.912366074737051,Medium,-0.11137812738509037,0.0,6,1573,0.007917743369273299
Post_1575,YouTube,#Tech,Reel,USA,0.23226777690770667,-0.6559180581159082,0.5757208662186839,-1.560405763919504,Low,-0.3520837947272554,0.20885619288006319,5,1574,0.007909197504870414
Post_1576,TikTok,#Fashion,Video,Australia,0.7493158945350634,0.7782232670742975,1.2451182040294977,-1.0630339022133517,High,0.4274058658563767,0.5592247940987587,8,1575,0.00790065164046753
Post_1577,Twitter,#Gaming,Post,USA,-0.37769264395324315,-0.5301482765433356,0.2523250513595815,-0.6612997042305389,Low,-0.32920389334188405,0.0,7,1576,0.007892105776064643
Post_1578,Twitter,#Dance,Post,India,-1.5066657639651813,-0.011667496287539412,-0.557695618223671,0.4337025363500103,High,-0.4105815855315953,0.0,6,1577,0.007883559911661758
Post_1579,Twitter,#Fitness,Post,India,-1.669548553407191,1.200386551410857,1.4060419433736857,0.12368527795546609,Low,0.2651413048332044,0.0,8,1578,0.007875014047258874
Post_1580,Twitter,#Challenge,Video,UK,-1.2154910728777837,-1.7000850707751054,-1.655190703505168,0.4054873251636957,Medium,-1.0413198804985904,0.0,10,1579,0.007866468182855987
Post_1581,YouTube,#Dance,Video,Japan,-1.1326819402003196,0.5964726649703314,-1.388636029846963,-0.40939317855222584,High,-0.5835596209072943,0.0,6,1580,0.007857922318453102
Post_1582,Instagram,#Comedy,Tweet,UK,0.24471652212563919,-1.3448424232594285,-1.0576017565456093,0.8876663808464478,Low,-0.31751531920823767,0.2189078109188922,7,1581,0.007849376454050217
Post_1583,YouTube,#Challenge,Reel,Germany,-1.423598296012374,-0.02956334522721632,0.28105528919417566,-0.12072986410762196,Low,-0.3232090540382592,0.0,10,1582,0.007840830589647331
Post_1584,YouTube,#Education,Post,Japan,-1.545756619276867,-1.1436163153988106,1.2867512432868138,-0.30591406655874426,Low,-0.4271339394869021,0.0,10,1583,0.007832284725244446
Post_1585,Twitter,#Fitness,Reel,USA,0.8093771329537227,1.5639223972156526,-1.650545694992988,0.41661938119005804,High,0.28484330409161135,0.5929826606130554,8,1584,0.007823738860841561
Post_1586,TikTok,#Challenge,Tweet,India,-1.3363584050050177,1.6892487663483724,0.03411287369850823,-0.18311138561384124,High,0.05097296235700543,0.0,10,1585,0.007815192996438675
Post_1587,YouTube,#Education,Live Stream,Japan,1.0495042254417313,1.2196195659894644,-1.4812609403268764,0.49769435526884803,Low,0.3213893015932918,0.7175979226540705,10,1586,0.00780664713203579
Post_1588,Instagram,#Viral,Live Stream,Japan,0.9156221403049639,0.0868670618309604,-0.437235064141139,0.024336928890005785,Low,0.1473977667211978,0.6500424473152049,6,1587,0.007798101267632904
Post_1589,Instagram,#Fitness,Post,Japan,1.2218529127447264,1.5214656560997641,-0.23550406483068922,-0.24003189850335444,Medium,0.5669456513776117,0.7983414931419325,8,1588,0.007789555403230019
Post_1590,Instagram,#Music,Reel,Australia,-0.6219668056358864,-1.5441632432925545,1.214495555319571,1.483266384722326,Medium,0.13290797277836408,0.0,6,1589,0.007781009538827134
Post_1591,TikTok,#Dance,Shorts,Australia,-1.0824141441031603,0.6129204951611146,-1.5325280713131582,0.6766474068624468,High,-0.3313435783481893,0.0,6,1590,0.007772463674424248
Post_1592,Twitter,#Challenge,Reel,Japan,-0.9387667114626357,0.557674076483227,-1.6797920448844912,-0.14698471322640114,Low,-0.5519673482725753,0.0,10,1591,0.007763917810021363
Post_1593,YouTube,#Challenge,Shorts,USA,0.11159916422304436,-0.052960279748814815,0.07698458189240562,-1.0701752211736595,Low,-0.2336379387017561,0.10579966701749098,10,1592,0.007755371945618478
Post_1594,TikTok,#Comedy,Reel,India,1.1513917950849946,-1.1002727494032167,0.5935439359172705,0.5784192646927211,High,0.30577056157294236,0.7661149792523343,7,1593,0.007746826081215592
Post_1595,Instagram,#Music,Post,UK,-0.23515255827546314,-0.9805028924074,-1.5192123802449091,0.07054546333905709,Low,-0.6660805918971788,0.0,6,1594,0.007738280216812707
Post_1596,YouTube,#Dance,Post,Japan,1.197911331351577,-0.3020402895166524,1.1473321729804957,0.23962669166399483,Medium,0.5707074766198538,0.7875075145633474,6,1595,0.007729734352409822
Post_1597,TikTok,#Comedy,Tweet,Japan,-0.7369191507690546,0.6912728589469473,-0.9679014810548466,-0.04028500640768264,Medium,-0.2634581948211592,0.0,7,1596,0.0077211884880069356
Post_1598,TikTok,#Dance,Shorts,Germany,0.7206578099583929,-0.19690997135534485,0.3944623118322863,0.500914950094085,Medium,0.35478127513235486,0.5427066653611285,6,1597,0.007712642623604051
Post_1599,Twitter,#Tech,Live Stream,Germany,0.10808525628681065,-0.2188935287249131,-1.184152432899666,-0.06422942880400924,High,-0.33979753353544445,0.10263353147212204,5,1598,0.007704096759201166
Post_1600,Instagram,#Music,Shorts,Germany,1.0217979384710336,0.0793914052278201,1.1032217958500172,-0.39959136821454827,Medium,0.4512049428335807,0.7039871840870053,6,1599,0.0076955508947982795
Post_1601,TikTok,#Education,Tweet,UK,1.0799110411130328,-0.26838944232346207,-0.010513615488879356,0.026157265095574474,Low,0.20679131209906648,0.7323251241029626,10,1600,0.007687005030395395
Post_1602,YouTube,#Fitness,Reel,Japan,0.14339290455560516,-0.08255113178960463,-1.249973923890778,1.3903592253073394,Low,0.05030676854564042,0.13400007426227772,8,1601,0.00767845916599251
Post_1603,YouTube,#Tech,Live Stream,Canada,0.1383159654176263,0.712515086143637,-0.8182633920217328,-1.5269395829094334,High,-0.3735929808424757,0.1295499469184484,5,1602,0.0076699133015896235
Post_1604,TikTok,#Fashion,Shorts,Germany,0.4737968693250316,-1.3612348268952301,0.9940124846080985,0.5429227086841316,High,0.16237430893050792,0.387841975128823,8,1603,0.007661367437186739
Post_1605,Instagram,#Fitness,Tweet,Australia,-0.12149463047683963,-1.0627489716806886,1.3351969616953272,0.6533331008449709,Low,0.20107161509569246,0.0,8,1604,0.007652821572783854
Post_1606,Instagram,#Fitness,Video,Australia,-0.020776764586920807,0.40715633811137997,-1.3912165901315077,0.9783331264699651,High,-0.00662597253427083,0.0,8,1605,0.0076442757083809675
Post_1607,YouTube,#Fitness,Tweet,Brazil,-1.0380215911115525,1.3445025226823317,-0.21052424127629957,1.1468542513470357,High,0.31070273541037885,0.0,8,1606,0.007635729843978083
Post_1608,Instagram,#Fitness,Reel,Australia,0.6333541916815223,0.2818299689786601,0.03363116911205995,0.3999563036160062,Low,0.33719290834706217,0.4906356867841887,8,1607,0.007627183979575198
Post_1609,Instagram,#Fitness,Post,Brazil,-0.984442717957474,0.7311245519787017,-0.6913686409630702,1.7125587336929973,Low,0.19196798168778872,0.0,8,1608,0.007618638115172311
Post_1610,Instagram,#Dance,Live Stream,Canada,-1.2389694323979037,-1.1564267779189277,-0.41824214044689234,-0.0520471788128957,High,-0.7164213823941549,0.0,6,1609,0.007610092250769427
Post_1611,TikTok,#Fashion,Reel,Australia,1.6588191507340515,0.7939644086890655,0.43244815922077967,-0.9834992126161967,Low,0.47543312650692493,0.9778820959328008,8,1610,0.007601546386366542
Post_1612,Instagram,#Education,Live Stream,Brazil,-0.10456099301190057,-0.44076602831616873,1.321055491336024,-0.5264547991564892,High,0.062318417712866364,0.0,10,1611,0.007593000521963655
Post_1613,Instagram,#Education,Shorts,USA,1.3565374132858092,0.8470769050001623,-0.34698426912300667,1.289960682277128,Medium,0.7866476828600233,0.8571933438886775,10,1612,0.007584454657560771
Post_1614,Twitter,#Challenge,Reel,Germany,-1.4585352297348537,-0.00428190783624418,-1.0787623508788733,-1.5554348458196816,High,-1.0242535835674131,0.0,10,1613,0.007575908793157886
Post_1615,Instagram,#Viral,Post,Germany,-1.6022600944340355,-1.390500047925503,-1.5435728693310082,0.0914093167721136,Medium,-1.111230923729608,0.0,6,1614,0.007567362928754999
Post_1616,YouTube,#Dance,Tweet,Brazil,-1.2571536318721304,0.38036452709715984,-1.1690819608379268,-1.0372691436114563,Medium,-0.7707850523060884,0.0,6,1615,0.007558817064352115
Post_1617,Instagram,#Fitness,Shorts,India,-0.42283896034770924,1.424767102615029,-1.174208673936555,0.20118959255410215,Medium,0.007227265221216771,0.0,8,1616,0.007550271199949228
Post_1618,Instagram,#Education,Shorts,UK,-1.6709135504058217,0.20296490955924765,1.004850837803185,0.6231575275911208,Medium,0.04001493113693294,0.0,10,1617,0.007541725335546343
Post_1619,TikTok,#Fitness,Video,Japan,-0.8544740353604552,0.9210297859843324,-1.4209790520799195,-0.41345392854926366,Low,-0.44196930750132646,0.0,8,1618,0.0075331794711434585
Post_1620,TikTok,#Fashion,Reel,India,-0.49265115624152567,-0.7665217485816465,0.18216821909043482,0.06732486851382019,Medium,-0.2524199543047293,0.0,8,1619,0.007524633606740572
Post_1621,Twitter,#Fitness,Tweet,USA,-1.1211301734317884,-1.3739482929441293,-0.654552647570237,0.7815267774755966,High,-0.5920260841176396,0.0,8,1620,0.007516087742337687
Post_1622,Twitter,#Tech,Video,Canada,-0.19507221718766163,1.6025685626765576,0.3301547495414402,1.160156708233884,Low,0.724451950816055,0.0,5,1621,0.0075075418779348025
Post_1623,Twitter,#Fashion,Tweet,Brazil,1.6866974328084923,1.2561456657223242,-1.3607315713034231,-1.5753885311499538,Low,0.0016807490193598285,0.9883127192024133,8,1622,0.007498996013531916
Post_1624,Twitter,#Music,Post,UK,-0.8462258080148146,-1.500722680825743,-0.09291950724199675,1.0563275315854852,Medium,-0.34588511612426726,0.0,6,1623,0.007490450149129031
Post_1625,Instagram,#Tech,Video,Brazil,1.034061669035537,-0.725665449240851,-0.9325650088918188,1.1357922082516567,Medium,0.127905854788631,0.7100346162599382,5,1624,0.0074819042847261465
Post_1626,Twitter,#Gaming,Shorts,India,-0.40411821837853895,1.5647884371372398,-1.1622348742162691,-0.790753613618866,Low,-0.19807956726910858,0.0,7,1625,0.00747335842032326
Post_1627,Twitter,#Education,Tweet,Canada,1.4310736499971755,-1.296662890341692,1.5001807825538649,-0.8366120834130002,Low,0.19949486469908706,0.8883329910483184,10,1626,0.007464812555920375
Post_1628,TikTok,#Fitness,Shorts,Brazil,-0.5391761744237652,-1.2578643018545876,-1.5542391851737916,0.21008123478899537,Low,-0.7852996066657872,0.0,8,1627,0.00745626669151749
Post_1629,TikTok,#Tech,Shorts,USA,-0.7142637638369643,1.6274897274601494,-0.7035832929765803,-0.9760078290009716,High,-0.1915912895885917,0.0,5,1628,0.007447720827114604
Post_1630,Twitter,#Dance,Reel,USA,-0.26290201533196084,-0.42866225437206673,-0.33659321304390794,-0.7739505101828473,High,-0.4505269982326957,0.0,6,1629,0.007439174962711719
Post_1631,Twitter,#Dance,Post,Canada,1.542679285621653,1.2525983662035032,0.34051139815007836,-1.2624307296541064,High,0.46833958008028204,0.9332183619398872,6,1630,0.007430629098308834
Post_1632,TikTok,#Tech,Shorts,USA,-0.30448303083090744,0.12118302768392969,1.2090591749867976,-1.3463762339032161,High,-0.08015426551584909,0.0,5,1631,0.007422083233905948
Post_1633,YouTube,#Dance,Live Stream,India,1.4750420397648112,1.3747099951472916,0.24090177116666503,0.8778645705087702,High,0.9921295941468846,0.9062573816399573,6,1632,0.007413537369503063
Post_1634,Twitter,#Gaming,Shorts,India,-0.010009596996819333,-0.755685857082748,0.9525514827030854,-1.1096625142483034,High,-0.23070162140619635,0.0,7,1633,0.007404991505100178
Post_1635,TikTok,#Challenge,Video,Australia,-0.4147798590922403,1.4522586738858916,-0.2583506252165222,-0.15825679511473031,High,0.1552178486155997,0.0,10,1634,0.007396445640697292
Post_1636,YouTube,#Gaming,Video,Japan,-1.529699403077615,1.2597483917961267,-1.044217250536439,-0.7717100963913781,High,-0.5214695895523264,0.0,7,1635,0.007387899776294407
Post_1637,Twitter,#Challenge,Tweet,India,0.21807578251080018,-1.2274628364471922,-1.7023289380361788,-0.9125061005990178,High,-0.9060555231428971,0.19727238616237616,10,1636,0.007379353911891522
Post_1638,YouTube,#Dance,Shorts,Germany,0.68746344017543,-1.5521308105711564,1.4973249625056357,-0.3384700794660304,Low,0.07354687816096973,0.5232264784486299,6,1637,0.007370808047488636
Post_1639,Twitter,#Tech,Tweet,Canada,-1.2074936431734578,1.0664967795334834,-0.5792691022024621,-0.014590260736770772,High,-0.18371405664480178,0.0,5,1638,0.007362262183085751
Post_1640,Twitter,#Viral,Live Stream,USA,-0.3382831522939855,-0.41761851329198735,0.44930781974646966,-1.2996075960062976,Medium,-0.4015503604614502,0.0,6,1639,0.007353716318682866
Post_1641,TikTok,#Challenge,Post,Canada,0.30602284063792895,-1.5364312388726244,-0.740364878898953,1.434747423550822,Medium,-0.13400646339570665,0.26698651970431686,10,1640,0.00734517045427998
Post_1642,TikTok,#Viral,Video,Germany,0.16469220260200776,0.7344778585550872,-0.5304793090893429,1.1264104754998796,Low,0.3737753068919079,0.1524568483345972,6,1641,0.007336624589877095
Post_1643,Twitter,#Tech,Live Stream,Germany,1.417063929295869,-1.4081741906452536,1.207338801463768,0.5238791914566439,Low,0.43502693289275685,0.8825535512250381,5,1642,0.00732807872547421
Post_1644,TikTok,#Music,Video,India,1.6183509641135065,-1.2532500411523713,-0.5738671293401492,0.2589502606154163,High,0.012546013559100608,0.9625447166056674,6,1643,0.007319532861071324
Post_1645,Twitter,#Fitness,Reel,Canada,0.6203250486433889,-0.1383033177816991,-0.9897502247973224,1.104986518618956,Low,0.14931450617083084,0.4826267764280472,8,1644,0.007310986996668439
Post_1646,Instagram,#Fashion,Post,Australia,-0.2363894154956078,-1.7126253288396873,1.6275916456694364,0.019155971997233366,Medium,-0.07556678166715637,0.0,8,1645,0.007302441132265554
Post_1647,YouTube,#Fashion,Shorts,UK,1.0456319372694112,0.2871093483406553,0.5572096471108855,-0.6066896180634783,High,0.32081532866436835,0.715706757538886,8,1646,0.007293895267862668
Post_1648,Twitter,#Challenge,Shorts,Japan,-1.19354902022058,-1.390797965658529,1.354671589976022,-1.0844578590942755,High,-0.5785333137493407,0.0,10,1647,0.007285349403459783
Post_1649,YouTube,#Challenge,Tweet,USA,-0.9653293337793604,-0.1805868509132702,1.1510481797902397,-1.0652743160048208,Low,-0.26503558022680296,0.0,10,1648,0.007276803539056898
Post_1650,YouTube,#Fitness,Shorts,Australia,1.6087665198264354,0.842324077910492,-0.6177710616478643,1.4911778459234513,Medium,0.8311243455031285,0.9588775118574306,8,1649,0.007268257674654012
Post_1651,TikTok,#Fashion,Tweet,Canada,0.0063251411825760015,-0.009893846528128924,-1.6781060788319222,0.195028454627562,Medium,-0.37166158238747826,0.00630522142979312,8,1650,0.007259711810251127
Post_1652,TikTok,#Viral,Video,USA,0.8130089020765852,-1.1805442576552867,-1.512571738446015,-0.4941088250421532,Medium,-0.5935539797667174,0.5949878418966688,6,1651,0.00725116594584824
Post_1653,TikTok,#Music,Video,Canada,0.9750899613537367,1.3309715149474541,0.8414153531153739,0.04198018749782537,Medium,0.7973642542285976,0.680613947368238,6,1652,0.007242620081445356
Post_1654,TikTok,#Viral,Post,Brazil,1.3500646413736281,-1.0644464099269995,0.39893528299216324,-0.17183930372551207,Medium,0.12817855267831998,0.8544428347452593,6,1653,0.007234074217042471
Post_1655,YouTube,#Music,Reel,UK,1.5678042755572899,0.9710314668970882,1.4867618690742341,-0.28371996743700295,High,0.9354694110229023,0.9430511662397774,6,1654,0.007225528352639584
Post_1656,Instagram,#Fitness,Tweet,USA,1.1287884863516473,0.6162945866956181,-0.4813798487420783,-1.4256308717764374,High,-0.04048191186781264,0.7555530321509549,8,1655,0.0072169824882367
Post_1657,Twitter,#Fitness,Post,Germany,0.19681417263454049,-0.4535418492394224,1.6643388241213484,-0.35849377772728597,High,0.2622793424472951,0.17966317027569625,8,1656,0.007208436623833815
Post_1658,Instagram,#Fitness,Video,Japan,-0.6283251425587243,-0.4219902828161593,1.4256197940657624,0.6726566697963924,Low,0.26199025962181777,0.0,8,1657,0.007199890759430928
Post_1659,TikTok,#Education,Live Stream,USA,1.6049250674296869,0.26844445595060906,-0.5411112174616658,-0.687554553349318,Medium,0.16117593814232797,0.957403909889381,10,1658,0.0071913448950280436
Post_1660,TikTok,#Fashion,Post,USA,0.18036088802905928,0.10555273917912478,-1.6691601365121682,0.8077116136633923,Medium,-0.14388372391014795,0.165820229031638,8,1659,0.007182799030625159
Post_1661,TikTok,#Viral,Reel,Canada,-1.3930736191544435,-0.9395288116372686,1.6209854113410027,-1.6839785871052244,High,-0.5988989016389834,0.0,6,1660,0.007174253166222272
Post_1662,YouTube,#Comedy,Live Stream,Canada,-1.423631872745774,-0.14346491571435854,-0.5116584227473991,-1.1377376995726511,Low,-0.8041232276950456,0.0,7,1661,0.0071657073018193875
Post_1663,TikTok,#Music,Live Stream,India,-0.6147087493058186,-1.104568307414289,0.5138906418010004,-0.3401503898096323,High,-0.3863842011821849,0.0,6,1662,0.007157161437416503
Post_1664,YouTube,#Gaming,Tweet,UK,0.5153470490484067,-0.4272073073038003,-0.9197654298804787,-0.2889009243297754,Medium,-0.2801316531164119,0.41564448800707327,7,1663,0.007148615573013616
Post_1665,YouTube,#Comedy,Live Stream,USA,0.6189812940679298,-1.621330864465656,-0.3667341571673864,1.4472797381968527,Low,0.019549002657935022,0.4817971206250007,7,1664,0.0071400697086107315
Post_1666,YouTube,#Viral,Shorts,Japan,0.877731139282737,-0.6313502376203238,-0.43496417109074,-1.0710153763454604,High,-0.3148996614434468,0.6300642072159984,6,1665,0.007131523844207847
Post_1667,TikTok,#Education,Tweet,Germany,0.7034240376112249,1.166361574971541,-1.4379419350169913,-0.6078098249592129,Low,-0.043991536848359575,0.5326403651734888,10,1666,0.00712297797980496
Post_1668,TikTok,#Education,Shorts,Canada,-1.5064971950587238,-1.348375866139504,-1.0380239058535325,1.757647061246314,Medium,-0.5338124764513617,0.0,10,1667,0.0071144321154020754
Post_1669,Twitter,#Tech,Tweet,Japan,-0.1388263920663793,1.1150573700167181,-0.11855307273513765,0.4804011613159455,Low,0.3345197666327867,0.0,5,1668,0.007105886250999191
Post_1670,Instagram,#Challenge,Video,India,-0.9637245029707294,0.23703838423417253,-1.2009776859548955,-1.400356203691426,Medium,-0.8320050020957197,0.0,10,1669,0.007097340386596304
Post_1671,TikTok,#Music,Tweet,UK,0.8875876236342943,1.4357346321820086,-0.2893173486310548,0.5969026784723416,Low,0.6577268964143974,0.63529962418103,6,1670,0.007088794522193419
Post_1672,Instagram,#Challenge,Live Stream,Germany,0.9805328183618304,-0.7579722024757382,1.310836472609228,0.7447699887093058,Low,0.5695417693011565,0.6833659086882267,10,1671,0.007080248657790535
Post_1673,Twitter,#Viral,Live Stream,Japan,0.5435330036391051,-0.8841230416138091,-1.445890060693388,1.6507373156346452,Medium,-0.033935695758361695,0.4340739470697385,6,1672,0.007071702793387648
Post_1674,Instagram,#Fashion,Tweet,USA,1.2581747154100937,-0.31964514904267605,-1.5202790118291876,1.159666617717,Low,0.14447929306380755,0.8145568389121634,8,1673,0.007063156928984763
Post_1675,TikTok,#Music,Shorts,UK,-0.6408773589346854,-0.3020472178360251,-0.3233463369165801,1.708287944903009,High,0.11050425780392958,0.0,6,1674,0.007054611064581879
Post_1676,Instagram,#Education,Reel,Brazil,1.7002699707361408,-0.6645438157349162,0.08489830009834173,0.03252844181506488,Medium,0.2882882242286578,0.993351757173234,10,1675,0.007046065200178992
Post_1677,Instagram,#Fitness,Post,Brazil,0.8095580361704088,0.015907214815795507,0.4149003492858778,-1.21755244089374,Low,0.005703289844585513,0.5930826365498338,8,1676,0.007037519335776107
Post_1678,TikTok,#Viral,Reel,Japan,-0.33621578485178244,1.2360327545833842,-0.9136753076089539,1.5116916347015907,Medium,0.3744583242060597,0.0,6,1677,0.0070289734713732226
Post_1679,Twitter,#Fashion,Post,Brazil,0.8966341549475076,0.3673254300377437,-0.39629017429303476,-1.592471686309906,Medium,-0.18120056890442232,0.6400808178192623,8,1678,0.007020427606970336
Post_1680,TikTok,#Gaming,Post,Germany,0.6259981461090829,0.5482792754138496,-1.6260131685545862,-0.648207286136641,Low,-0.27498575829207367,0.4861218709706533,7,1679,0.007011881742567451
Post_1681,YouTube,#Challenge,Tweet,Canada,-1.5445334668458652,1.7185139873786455,0.7833011355074343,1.6073993113559137,High,0.641170241849032,0.0,10,1680,0.007003335878164565
Post_1682,Instagram,#Education,Tweet,Japan,-0.6246940586753189,0.9326416492529729,0.08710037820781961,0.7376286697489979,Low,0.2831691596336179,0.0,10,1681,0.00699479001376168
Post_1683,Twitter,#Fashion,Video,USA,-1.3479965119451491,-0.4622853882877663,1.1256210591198623,0.47501016563022286,High,-0.05241266887070754,0.0,8,1682,0.006986244149358795
Post_1684,Twitter,#Gaming,Video,India,1.592083680002811,0.401870030430012,0.3508336392882559,-0.14075356236887754,Low,0.5510084468380504,0.9524620619206146,7,1683,0.006977698284955909
Post_1685,YouTube,#Comedy,Post,India,-1.245538823073542,-1.7033968074352546,1.2615993823801213,-1.6636048241890518,Low,-0.8377352680794319,0.0,7,1684,0.006969152420553024
Post_1686,TikTok,#Music,Video,India,-0.05222994090928112,0.5079010301097702,-1.434260335677708,-1.3883839924932628,Low,-0.5917433097426205,0.0,6,1685,0.006960606556150139
Post_1687,TikTok,#Dance,Live Stream,Australia,-0.1468491756306196,-1.6558477515804337,0.7731509317215598,0.01782572630854856,Medium,-0.25293006729523626,0.0,6,1686,0.006952060691747253
Post_1688,Twitter,#Fitness,Live Stream,India,0.5817679948688183,-0.28313983426793443,-1.013112897240064,-1.499634539825903,High,-0.5535298191162707,0.4585432055370072,8,1687,0.006943514827344368
Post_1689,TikTok,#Viral,Live Stream,USA,-0.893593670729341,-0.08090912009827539,-1.313042817245043,0.7155745964892234,Low,-0.392992752895859,0.0,6,1688,0.006934968962941483
Post_1690,Instagram,#Music,Reel,USA,0.509184690610312,0.5174759674828378,1.437215111610982,-1.106021841837166,High,0.3394634819667415,0.4115695650135722,6,1689,0.006926423098538597
Post_1691,TikTok,#Challenge,Post,India,1.6013186521667389,0.9010207996359828,1.2261596878057117,0.08986903229047855,Low,0.954592042974728,0.9560184903685024,10,1690,0.006917877234135712
Post_1692,Instagram,#Comedy,Tweet,Germany,-0.6220620539204293,-0.6234935234516852,0.026302377903953886,-0.9507331609159603,Low,-0.5424965900960302,0.0,7,1691,0.006909331369732827
Post_1693,TikTok,#Challenge,Post,UK,0.3117123838505944,1.5676013348025548,1.0824396836918198,-1.1682633374814184,Medium,0.4483725162158876,0.2713334468636915,10,1692,0.006900785505329941
Post_1694,Twitter,#Tech,Post,Germany,0.1308242424326725,-1.3909226754072377,0.8846999509547984,1.7416141000511127,High,0.34155390450783646,0.12294678491018282,5,1693,0.006892239640927056
Post_1695,YouTube,#Viral,Post,Germany,-0.6931200151473333,0.7111987054628246,0.4572903528933269,1.0573777255502363,High,0.38318669218976364,0.0,6,1694,0.006883693776524171
Post_1696,Twitter,#Challenge,Reel,Australia,1.1401360517619497,0.9229142888537061,0.06817626945449412,0.21253168737341477,Medium,0.5859395743608912,0.760869402602614,10,1695,0.006875147912121285
Post_1697,TikTok,#Fashion,Tweet,UK,-1.302730278645683,-1.0590492491356682,0.20498037200580718,-0.9248283764520981,Medium,-0.7704068830569106,0.0,8,1696,0.0068666020477184
Post_1698,TikTok,#Challenge,Post,India,-1.069284270864827,0.37330456965638137,0.4189948382706883,-1.4422939493504894,Low,-0.42981970307206163,0.0,10,1697,0.006858056183315515
Post_1699,YouTube,#Fitness,Video,USA,-0.4912361367625236,-1.295540502603315,-0.19875688637877717,0.531580613864819,Low,-0.3634882279699492,0.0,8,1698,0.006849510318912629
Post_1700,Twitter,#Fashion,Shorts,Japan,-0.01693462695071518,1.3885389206151952,-1.2425419102712905,0.7435797688825878,High,0.21816053806894437,0.0,8,1699,0.006840964454509744
Post_1701,YouTube,#Education,Shorts,USA,-1.5596183282554301,-0.12746049796342798,-1.0531976003266537,0.2197430192647061,High,-0.6301333518202014,0.0,10,1700,0.006832418590106859
Post_1702,TikTok,#Challenge,Live Stream,India,1.270603588683769,-0.14490600614387955,-1.6327226252944016,1.685463729402417,Low,0.2946096716619762,0.8200456942472538,10,1701,0.0068238727257039725
Post_1703,TikTok,#Dance,Shorts,Japan,0.2567561793876568,-0.9840363352874756,1.1274446550542738,0.9786831911248821,Medium,0.3447119225698343,0.22853394053700865,6,1702,0.006815326861301088
Post_1704,TikTok,#Comedy,Post,Australia,-1.689510949272706,1.3407612302210752,0.24971008360457653,-0.6755123292201713,High,-0.1936379911668064,0.0,7,1703,0.006806780996898203
Post_1705,Instagram,#Viral,Live Stream,Germany,0.66889619184466,-0.6445902559415482,-1.6273206524320887,0.8826254498156422,Low,-0.1800973166783337,0.5121624449290724,6,1704,0.0067982351324953165
Post_1706,YouTube,#Music,Video,USA,0.03560405270741886,-1.3134086382655012,-0.8734185671700615,1.008438686792832,Medium,-0.2856961164838279,0.034984882278297824,6,1705,0.006789689268092432
Post_1707,Instagram,#Gaming,Shorts,India,1.3817076290256174,-1.1966179585999441,1.0725991471400904,0.7349681783716282,High,0.49816424898434797,0.8678177215968694,7,1706,0.006781143403689547
Post_1708,TikTok,#Viral,Shorts,UK,-1.1046577021215072,-1.3733593857974502,0.4780724650515244,-1.4964839579316496,Low,-0.8741071451997706,0.0,6,1707,0.0067725975392866605
Post_1709,YouTube,#Dance,Tweet,Japan,-0.11644167471986082,-1.727805276585267,1.1373884140173849,-1.381102647670988,Low,-0.5219902962396827,0.0,6,1708,0.006764051674883776
Post_1710,TikTok,#Comedy,Shorts,Canada,-0.4191318148845609,-1.5742044360925698,0.161248477050395,0.42915169583608864,Medium,-0.35073401952266176,0.0,7,1709,0.006755505810480891
Post_1711,YouTube,#Viral,Tweet,Australia,-0.8595379549487483,-1.3928695331509655,-1.2291918117325806,-1.1577613978339067,Low,-1.1598401744165503,0.0,6,1710,0.006746959946078004
Post_1712,Instagram,#Education,Live Stream,Canada,1.3275510990091668,0.4486846844313271,-1.0256716239581802,0.25040868303544017,High,0.25024321062943844,0.8448166843896004,10,1711,0.00673841408167512
Post_1713,TikTok,#Fashion,Live Stream,UK,-0.82457909356364,-0.5886440770070183,0.27706402262074703,-0.9466724109189224,High,-0.5207078897172084,0.0,8,1712,0.006729868217272235
Post_1714,Twitter,#Challenge,Video,USA,0.5031086723438174,-0.9530459627334009,0.8605803141619235,0.8238846007205602,Low,0.30863190612322505,0.4075354117790242,10,1713,0.006721322352869348
Post_1715,TikTok,#Gaming,Shorts,Japan,0.02299427621705754,-0.7132983991605865,-0.23058379655482458,0.5999132345046283,Low,-0.08024367124843129,0.02273389185809639,7,1714,0.006712776488466464
Post_1716,Instagram,#Challenge,Live Stream,Canada,1.7077137269590945,0.5249516240859781,-1.1646089896780498,0.18774710980528725,Medium,0.31395086779307746,0.9961046356358922,10,1715,0.006704230624063577
Post_1717,Twitter,#Gaming,Video,India,0.7583980583000481,0.24531079756517302,1.110894661762729,-0.4532212733478412,Low,0.41534556107002724,0.5644032004241444,7,1716,0.006695684759660692
Post_1718,YouTube,#Viral,Reel,USA,0.1315732091593307,1.286990543569572,-0.4043415223808132,-0.4565818940350449,High,0.1394100840782612,0.12360888497884404,6,1717,0.006687138895257808
Post_1719,YouTube,#Viral,Reel,Australia,0.8383415195677366,1.562633729812331,0.0037310772818056554,-1.264251065859675,Medium,0.2851138152005495,0.6088638171014593,6,1718,0.006678593030854921
Post_1720,Twitter,#Viral,Video,India,1.3615643299434166,1.2750530492904149,-0.8530493446573911,-1.2396765270844978,Low,0.1359728768729856,0.8593242511193204,6,1719,0.006670047166452036
Post_1721,YouTube,#Comedy,Shorts,Australia,1.0309527376184755,-1.6333861401741494,-1.030488669822663,0.21127145461571337,High,-0.3554126544406559,0.7085050118294428,7,1720,0.0066615013020491515
Post_1722,Instagram,#Challenge,Tweet,Brazil,-1.0419980356813583,-0.4167663300091456,-1.5433664245082446,1.1929927728651037,Medium,-0.45228450433341116,0.0,10,1721,0.006652955437646265
Post_1723,YouTube,#Tech,Shorts,India,0.9098990203588985,1.2081046991920417,-0.004561123099196972,-0.42269563543907396,Low,0.4226867402531673,0.6470503717388851,5,1722,0.00664440957324338
Post_1724,Twitter,#Dance,Video,Brazil,1.2381924476003217,-0.7248825491517362,-1.0373013489738603,0.868972928273877,High,0.08624536943715053,0.8056685970775915,6,1723,0.0066358637088404955
Post_1725,Instagram,#Gaming,Shorts,India,1.5787914050131344,0.8582869257451864,-1.4750675956439698,-0.5522895706893679,Low,0.10243029110624577,0.947320841508311,7,1724,0.006627317844437609
Post_1726,Instagram,#Music,Reel,Germany,-1.6122687019450788,-1.4547186401910335,1.5793867795541472,-0.5660821180930998,High,-0.5134206701687662,0.0,6,1725,0.006618771980034724
Post_1727,Instagram,#Music,Video,Australia,1.328339124384882,-0.3363839686471125,-0.3567903982042754,-0.453361299209808,Medium,0.045450864580921554,0.845155191246691,6,1726,0.0066102261156318395
Post_1728,YouTube,#Gaming,Post,India,0.06732036098132242,0.11552259075643607,-1.5318055144334857,0.27386301491488285,High,-0.26877488694521107,0.06515117184878262,7,1727,0.006601680251228953
Post_1729,Instagram,#Gaming,Video,Germany,0.15284167143016186,-1.1948304522017883,0.1599065857024319,1.2494932081687165,Medium,0.09185275327488049,0.14222991306352425,7,1728,0.006593134386826068
Post_1730,YouTube,#Dance,Live Stream,Canada,-0.2867606827507958,-0.6182626423252988,-1.7229734203125338,-0.9442919712654865,Low,-0.8930721791635288,0.0,6,1729,0.006584588522423183
Post_1731,Twitter,#Education,Tweet,UK,0.4647085384049326,0.3009798437247952,0.26144303103163835,-0.12178005807237313,High,0.22633783877224828,0.38165627278163117,10,1730,0.006576042658020297
Post_1732,Twitter,#Fitness,Reel,Australia,-0.08625345043538805,-0.5560532626778505,-0.9048669951710424,-0.5736435146393083,Low,-0.5302043057308973,0.0,8,1731,0.006567496793617412
Post_1733,Instagram,#Challenge,Video,Australia,1.0591044302363166,-0.25147741473470814,-1.1355002696683891,0.692680368057648,Medium,0.09120177847271685,0.7222711456697963,10,1732,0.006558950929214527
Post_1734,YouTube,#Gaming,Shorts,India,0.07150717406447141,0.3672630751633894,-1.0559846054339614,-0.37410666133658665,Low,-0.24783025438567183,0.06906623125623108,7,1733,0.006550405064811641
Post_1735,TikTok,#Music,Reel,Canada,-0.11054381871222362,-1.4612312604013689,-0.9161182380116559,0.30354849765184916,High,-0.5460862048683498,0.0,6,1734,0.006541859200408756
Post_1736,YouTube,#Dance,Post,India,-1.1812428048097336,0.3359609282375434,0.5860086998864009,-1.2272142253694505,High,-0.3716218505138099,0.0,6,1735,0.006533313336005871
Post_1737,Twitter,#Education,Reel,India,0.21335722360890758,0.10361973807414225,-0.07939737135098417,1.3141151434664047,Low,0.3879236834496176,0.19339108257425947,10,1736,0.006524767471602985
Post_1738,Instagram,#Dance,Tweet,USA,0.029175136120495156,-0.3152595228797587,1.590947689628906,1.658858815628721,Low,0.7409305296245909,0.028757642680945533,6,1737,0.0065162216072001
Post_1739,YouTube,#Gaming,Live Stream,Australia,-1.6735270536953684,-1.6437786192331951,1.3057441669810606,-0.0981857003309636,High,-0.5274368015696166,0.0,7,1738,0.006507675742797215
Post_1740,YouTube,#Fashion,Video,USA,1.592149462990697,0.5843065361518751,1.4066956853124368,1.483616449377243,Low,1.266692033458063,0.9524874400184257,8,1739,0.006499129878394329
Post_1741,Twitter,#Fashion,Reel,Brazil,-0.5503551709276101,0.6421926445107603,-0.4032060758556137,1.7209602854110064,Medium,0.3523979207846357,0.0,8,1740,0.006490584013991444
Post_1742,TikTok,#Viral,Video,USA,1.6632170175700007,0.6531740307164854,-0.06859342562635834,0.24221717011038105,Medium,0.6225036981926272,0.9795347971538774,6,1741,0.006482038149588559
Post_1743,TikTok,#Dance,Video,Brazil,1.0991971056343468,-1.1116698347713037,0.4057479621433604,0.6356898422371513,Low,0.2572412688108887,0.7415549409720685,6,1742,0.006473492285185673
Post_1744,Instagram,#Comedy,Shorts,Brazil,-1.4783139814258541,0.6718250664677863,-1.6764201127793532,-1.5552248070267314,Medium,-1.009533458691038,0.0,7,1743,0.006464946420782788
Post_1745,Twitter,#Tech,Reel,USA,1.2917925631775715,1.6218085055745377,0.32365173762438837,-1.2169223245148892,Low,0.5050826204654022,0.8293342900348663,5,1744,0.0064564005563799015
Post_1746,TikTok,#Education,Tweet,India,-0.8772185034219743,0.43288118794220476,0.15371324101952538,0.2027298770357372,Medium,-0.021973549356126734,0.0,10,1745,0.006447854691977017
Post_1747,Twitter,#Education,Post,Canada,-0.2552835230474354,-0.327494934891942,-1.140248500591951,-0.2239989373081533,Low,-0.4867564739598704,0.0,10,1746,0.006439308827574132
Post_1748,Twitter,#Gaming,Video,Japan,1.1300431597976777,-1.4136406346303116,0.09835162104843313,-0.24465275194825956,High,-0.1074746514331151,0.7561422423318568,7,1747,0.0064307629631712455
Post_1749,YouTube,#Tech,Live Stream,Germany,-1.3646512569510305,-0.201025393062727,-0.23096227872989109,1.5799542424104167,High,-0.054171171583307975,0.0,5,1748,0.006422217098768361
Post_1750,YouTube,#Fashion,Live Stream,Germany,0.5535039229800054,-0.22129072722786636,0.6597439090834492,-1.6533129233344903,Low,-0.16533895462472553,0.44051297510043536,8,1749,0.006413671234365476
Post_1751,TikTok,#Challenge,Live Stream,UK,-1.6040622742063237,-0.45937549415123347,1.6779641824237428,0.18620682532365218,Medium,-0.04981669015254053,0.0,10,1750,0.0064051253699625894
Post_1752,Twitter,#Tech,Video,Canada,1.0805483138081766,0.34360979282500115,0.5386640205326265,0.540262217306762,Medium,0.6257710861181416,0.7326314713813581,5,1751,0.006396579505559705
Post_1753,YouTube,#Challenge,Tweet,Brazil,-1.5385547525822851,0.09586002037672138,-1.6167575590006869,-0.07781193741479098,High,-0.7843160571552603,0.0,10,1752,0.00638803364115682
Post_1754,Instagram,#Challenge,Video,USA,-0.3492209445089158,-0.2843869317550199,-0.7630738094029436,-1.3675901519911897,Medium,-0.6910679594145173,0.0,10,1753,0.006379487776753933
Post_1755,YouTube,#Comedy,Shorts,Germany,0.7855869894806022,0.8220310304678619,-1.6948281094757698,-1.558935492368852,Low,-0.4115363954740394,0.5797472068211195,7,1754,0.006370941912351049
Post_1756,YouTube,#Fitness,Live Stream,USA,0.4496887747437963,0.09490391230328916,-1.3476567325283983,0.39211485534586416,Low,-0.10273729753386217,0.37134889528670106,8,1755,0.006362396047948164
Post_1757,TikTok,#Challenge,Post,Japan,0.8119412990023551,-1.2861387732145648,-0.45794836135841527,-1.329643143398181,High,-0.5654472447422014,0.5943988114019713,10,1756,0.006353850183545277
Post_1758,Twitter,#Gaming,Shorts,Canada,0.25940394465006067,0.257234435205585,1.12606835623585,-1.1066519582160168,Medium,0.13401369446886974,0.23063854923375904,7,1757,0.006345304319142393
Post_1759,YouTube,#Fashion,Tweet,India,-0.9301861429802804,-0.17868849140515117,-1.1669142901989096,1.5003495398822781,Low,-0.19385984617551572,0.0,8,1758,0.006336758454739508
Post_1760,Twitter,#Comedy,Tweet,India,0.8149645754872737,-1.3233022783297128,-1.3600434218942115,1.2875102296927086,High,-0.14521772376098552,0.5960659498884768,7,1759,0.006328212590336621
Post_1761,TikTok,#Comedy,Post,Germany,1.4115779022019754,-0.7389054675620754,-0.15791521894205468,-1.1282159409589072,Low,-0.15336468131526548,0.8802812644637372,7,1760,0.0063196667259337366
Post_1762,YouTube,#Fitness,Live Stream,UK,-0.11351501699839939,0.18497899246772567,-1.6747341467267842,-1.6971410181301056,Low,-0.825102797346891,0.0,8,1761,0.006311120861530852
Post_1763,YouTube,#Comedy,Video,Canada,0.20300599636929242,-0.5007999156805902,0.6058618103421624,-0.8363320316890666,High,-0.1320660351645505,0.1848234214932467,7,1762,0.006302574997127965
Post_1764,YouTube,#Viral,Video,UK,-0.1173023354780335,-1.540789151758051,0.4038211437975673,1.0131295531687206,Low,-0.060285197567449156,0.0,6,1763,0.0062940291327250805
Post_1765,TikTok,#Dance,Post,Australia,0.9178244999202243,1.1042076218790742,-0.4797971051008911,-0.4696743121289428,High,0.2681401761423661,0.6511914706689967,6,1764,0.006285483268322196
Post_1766,Instagram,#Challenge,Live Stream,Germany,-0.42347486256393874,0.05698522037651729,-0.5512614212475403,-1.112323005625673,High,-0.5075185172651586,0.0,10,1765,0.006276937403919309
Post_1767,Twitter,#Challenge,Post,USA,-0.5357355871094459,-1.3116765584223269,-1.1438268775198523,0.8743639239595996,Low,-0.5292187747730063,0.0,10,1766,0.0062683915395164245
Post_1768,TikTok,#Gaming,Reel,India,-0.242673061317617,0.24995969986425284,-0.008552389672625622,0.10632207107158015,Low,0.02626407998639759,0.0,7,1767,0.00625984567511354
Post_1769,Instagram,#Challenge,Tweet,Germany,0.7963500456339608,0.6727950311799639,-1.1655035839100252,1.6215419234145627,High,0.48129585407961556,0.5857568538031346,10,1768,0.006251299810710653
Post_1770,Twitter,#Fashion,Live Stream,Japan,0.5124395780317453,0.7487986946984523,-0.49844595409053183,-0.13900323909429227,High,0.1559472698863434,0.4137239617161371,8,1769,0.0062427539463077684
Post_1771,YouTube,#Education,Reel,UK,1.698117633601252,-1.2544763536813386,-1.3604907190101991,0.6464718336085966,High,-0.06759440137042227,0.9925543571320788,10,1770,0.006234208081904884
Post_1772,Instagram,#Music,Shorts,USA,-0.5094422638993789,1.1210850078709647,1.423968235483654,-0.45952243713634816,Low,0.3940221355797229,0.0,6,1771,0.006225662217501997
Post_1773,Twitter,#Comedy,Live Stream,Germany,-0.9172371729586328,1.1785207754706246,0.08747886038288613,-0.0748013813825043,High,0.0684902703780934,0.0,7,1772,0.006217116353099112
Post_1774,Twitter,#Viral,Tweet,Germany,-0.06604916504150135,1.1564402216298386,-1.371535517028049,-0.611590523232317,Low,-0.2231837459180072,0.0,6,1773,0.006208570488696228
Post_1775,YouTube,#Fitness,Post,Germany,1.3231395273840745,1.535398506358258,0.6884741469180433,-1.3087792899651245,Medium,0.5595582226738129,0.8429195154301122,8,1774,0.006200024624293341
Post_1776,Instagram,#Gaming,Reel,Germany,-1.0934403322080621,1.3602298076583546,1.1181202305594533,0.9465472558034964,Low,0.5828642404533105,0.0,7,1775,0.006191478759890456
Post_1777,YouTube,#Gaming,Post,Japan,1.3750066723742076,-1.655542905528035,-0.9370035725812351,0.8676426825851922,Low,-0.0874742807874676,0.8650002469033771,7,1776,0.006182932895487572
Post_1778,Instagram,#Fashion,Post,Canada,-1.5755775552123108,-0.302095716071634,-1.2734054112744413,-1.4912329881078936,Medium,-1.1605779176665698,0.0,8,1777,0.006174387031084685
Post_1779,Instagram,#Fashion,Tweet,Germany,-1.408294157976523,-1.5756108849252273,-1.4616830896347996,-0.9506631479849769,High,-1.3490628201303816,0.0,8,1778,0.0061658411666818
Post_1780,TikTok,#Gaming,Shorts,India,-0.5072604614678328,-1.0442226456780963,1.3534329210394407,-0.3448412561855208,Medium,-0.1357228605730023,0.0,7,1779,0.006157295302278914
Post_1781,Twitter,#Comedy,Video,USA,-1.5126986121458759,1.6770895658492888,-1.1779246807462989,1.0463856953858408,High,0.008212992085738724,0.0,7,1780,0.006148749437876029
Post_1782,YouTube,#Challenge,Tweet,India,0.35916658673672097,0.33630734420617825,-0.803915476839666,-1.0328583289595015,Medium,-0.2853249687140671,0.3068717080368672,10,1781,0.006140203573473144
Post_1783,TikTok,#Tech,Live Stream,Canada,-0.010508451321620064,-1.6702932974725073,-0.35524206203354874,-0.4546915448984928,Medium,-0.6226838389315422,0.0,5,1782,0.006131657709070258
Post_1784,TikTok,#Fashion,Video,UK,-1.0246141958930757,-1.6371551459128966,1.5309754686160946,1.6006080570505228,Low,0.11745354596516122,0.0,8,1783,0.006123111844667373
Post_1785,Twitter,#Music,Tweet,Japan,-1.010325582732712,-0.9545979062728851,1.156518967593474,1.002137523004325,Medium,0.048433250398050465,0.0,6,1784,0.006114565980264488
Post_1786,Twitter,#Dance,Live Stream,UK,1.6496252929375523,-0.4641144646021584,0.10344392667660073,0.12403534261038315,Low,0.3532475244055944,0.9744182311088755,6,1785,0.006106020115861602
Post_1787,Instagram,#Viral,Reel,India,0.18478068252763716,-1.3724725609177448,-0.5281740085684833,-1.288615565841902,Medium,-0.7511203632001233,0.1695576794222921,6,1786,0.006097474251458717
Post_1788,Twitter,#Comedy,Live Stream,Germany,0.4822643732969583,0.2684790975474725,-1.0038916951566255,0.5254894888692623,Medium,0.06808531613926691,0.39357090050348154,7,1787,0.006088928387055832
Post_1789,Instagram,#Challenge,Reel,India,0.6410850632370193,-0.6065607109048132,0.7748713052445894,-1.02256642810494,Medium,-0.05329269263203615,0.495357646984503,10,1788,0.006080382522652946
Post_1790,YouTube,#Fashion,Shorts,Japan,-1.350983470738839,0.08710955300900479,1.0614855341813192,0.7175349585567589,Medium,0.12878664375206092,0.0,8,1789,0.006071836658250061
Post_1791,Instagram,#Fitness,Reel,USA,-1.5935280880316514,-1.1730270311359101,0.527068702987407,-0.43228740698380125,High,-0.667943455790989,0.0,8,1790,0.006063290793847176
Post_1792,Instagram,#Tech,Tweet,Japan,0.3948798967641447,-1.505731855732203,-0.843793735103492,-0.02691253658985112,Medium,-0.4953895576653503,0.33280831605732414,5,1791,0.00605474492944429
Post_1793,TikTok,#Fashion,Tweet,UK,-0.7868833857866991,-0.3510512207591125,-0.8466151476812604,-0.09720551929719584,Medium,-0.520438818381067,0.0,8,1792,0.006046199065041405
Post_1794,Twitter,#Comedy,Live Stream,Japan,-1.322217803567397,-0.2709598488107327,-0.4001782184550816,-1.1526504538721178,Low,-0.7865015811763323,0.0,7,1793,0.00603765320063852
Post_1795,YouTube,#Challenge,Shorts,Canada,-0.02364791791235358,-1.0084725177149787,0.5427241020469764,-1.5445128285862695,Medium,-0.5084772905416564,0.0,10,1794,0.006029107336235634
Post_1796,TikTok,#Comedy,Video,Australia,0.9833765621089774,-0.9674499387092385,0.6434691755555892,1.3079540055398646,High,0.4918374511237982,0.684800726673232,7,1795,0.006020561471832749
Post_1797,Instagram,#Education,Shorts,Brazil,0.48266386790047316,-0.9929184407232734,-0.811760380104681,-0.5882762172148411,High,-0.4775727925355806,0.393840380621335,10,1796,0.006012015607429864
Post_1798,Instagram,#Gaming,Live Stream,Japan,-0.9248618323982726,1.3830447633526464,1.647341533713816,-1.538631742383663,Low,0.14172318057113165,0.0,7,1797,0.006003469743026978
Post_1799,YouTube,#Tech,Tweet,UK,1.180739915795009,0.04547035357909453,-1.546531911790619,0.020626243547885,Low,-0.07492384971715765,0.7796642301292848,5,1798,0.005994923878624093
Post_1800,Twitter,#Gaming,Reel,India,-1.5852312086845535,-1.6918611556797138,0.4641374395149847,0.3090095062685552,Low,-0.6259863546451818,0.0,7,1799,0.005986378014221208
Post_1801,YouTube,#Education,Live Stream,Canada,-0.23432204805340479,1.4205546844364292,1.0026831671641678,-1.6465216690290994,High,0.13559853362952318,0.0,10,1800,0.005977832149818322
Post_1802,YouTube,#Dance,Reel,India,0.5862275332559105,1.4938078051639567,1.4831146772054113,-0.3345493553309594,High,0.8071501650735798,0.4613585765141079,6,1801,0.005969286285415437
Post_1803,YouTube,#Tech,Shorts,Australia,-0.28235938971756075,-0.4195376577582245,0.2738297203974514,1.6411455440899179,Low,0.303269554252896,0.0,5,1802,0.005960740421012552
Post_1804,Instagram,#Viral,Reel,India,0.9050283382975198,0.9981073390055889,0.8440303208703789,0.5613361095327688,High,0.8271255269265642,0.644496884214751,6,1803,0.0059521945566096655
Post_1805,YouTube,#Challenge,Live Stream,Australia,1.5026976190156802,-0.3000795751341791,-1.3783137887087857,0.05437247628188913,Medium,-0.030330817136348887,0.9173691977270143,10,1804,0.005943648692206781
Post_1806,TikTok,#Tech,Shorts,Germany,1.1460325372906726,0.04127872035861271,-0.4965879506856599,-0.10693731670388998,Low,0.14594649756493386,0.7636208059251948,5,1805,0.005935102827803896
Post_1807,Twitter,#Gaming,Reel,Brazil,1.079501953157118,-1.4691364728056164,0.2258657065753864,-0.8581760661558908,High,-0.2554862198072507,0.7321284194440131,7,1806,0.0059265569634010095
Post_1808,Instagram,#Education,Post,Japan,-1.4780796295315108,1.2424345216837565,0.4376780947307896,-1.3477764925228843,Low,-0.28643587640996226,0.0,10,1807,0.005918011098998125
Post_1809,YouTube,#Fitness,Tweet,USA,0.6049263475624521,0.03683766764071379,-0.6270610786722242,0.8351566826088894,Low,0.2124649047849578,0.47307786615984115,8,1808,0.005909465234595238
Post_1810,TikTok,#Fitness,Post,Canada,-0.14481538492181664,1.0738823679847787,1.5302185042659615,0.24984857958757287,High,0.677283516729124,0.0,8,1809,0.0059009193701923535
Post_1811,TikTok,#Challenge,Post,Japan,1.0548230541080819,-0.3170262443197965,1.3806836376442295,0.6155961310449124,High,0.6835191446193568,0.7201897391840503,10,1810,0.005892373505789469
Post_1812,Twitter,#Gaming,Video,Germany,-0.9468326651126762,0.7778768511056625,1.0262178769592127,-0.38551876908688265,Low,0.11793582346632911,0.0,7,1811,0.005883827641386582
Post_1813,Instagram,#Comedy,Post,UK,-0.8855366251922435,-0.7530045974855142,-0.45127331208906046,1.2634257814344152,Medium,-0.2065971883331007,0.0,7,1812,0.005875281776983697
Post_1814,YouTube,#Fashion,Video,Germany,-0.05742885267063159,0.1702216722038806,-1.1161632712695366,-1.3943350916268529,High,-0.5994263858407851,0.0,8,1813,0.005866735912580813
Post_1815,Twitter,#Fitness,Post,Australia,1.2196053273252945,1.4293259367622637,0.10007199457146274,0.8239546136515437,High,0.8932394680776412,0.797329399595263,8,1814,0.005858190048177926
Post_1816,TikTok,#Education,Shorts,Brazil,1.3915449266723747,-1.3640546528799178,1.3674711689873622,1.4306866735537842,Medium,0.7064120290834008,0.871939569942264,10,1815,0.005849644183775041
Post_1817,YouTube,#Dance,Shorts,Brazil,0.5848447200313941,1.7159227959332568,0.7087057395488713,0.13033650639889016,High,0.7849524404781031,0.4604864340955717,6,1816,0.005841098319372157
Post_1818,Instagram,#Music,Live Stream,Australia,1.46945939390746,-0.17090798874961222,1.417465223566602,-1.096640109085389,Low,0.40484412990976526,0.9039992578212243,6,1817,0.00583255245496927
Post_1819,YouTube,#Comedy,Reel,USA,-0.8842257621107273,0.8049111532979271,-1.624671277206623,0.7620631826622083,Medium,-0.23548067583930374,0.0,7,1818,0.005824006590566385
Post_1820,Twitter,#Viral,Post,Brazil,0.6522119815421213,-0.4588905117951447,1.6658527528216145,0.5040655319883385,High,0.5908099386392325,0.5021149849914908,6,1819,0.005815460726163501
Post_1821,YouTube,#Fitness,Tweet,Australia,1.3266500091230224,0.8531599694093904,0.3022846984683608,0.9195222644438998,Medium,0.8504042353611684,0.8444294686778303,8,1820,0.005806914861760614
Post_1822,Instagram,#Fitness,Post,UK,0.9820047127157754,-0.3247374637816085,-0.05923459366107736,1.4464395830250516,High,0.5111180595745353,0.6841088136626764,8,1821,0.005798368997357729
Post_1823,Instagram,#Comedy,Shorts,Canada,-0.7649646312710385,1.4783922945597054,-1.2443310987352412,-1.3953152726606206,Medium,-0.4815546770267987,0.0,7,1822,0.0057898231329548445
Post_1824,YouTube,#Fitness,Reel,USA,-0.3996381228077324,0.6246847814559544,1.0614511267108586,1.1348820401488724,Medium,0.6053449563769883,0.0,8,1823,0.005781277268551958
Post_1825,YouTube,#Gaming,Reel,Australia,1.6968122524353928,1.2208735917959226,0.5570376097585825,-1.0413999065394777,High,0.6083308868626052,0.9920704282511074,7,1824,0.005772731404149073
Post_1826,Twitter,#Education,Video,Japan,-0.7524377687549916,1.276057655599456,0.535429718309331,-0.6896549412788204,High,0.09234866596874375,0.0,10,1825,0.0057641855397461885
Post_1827,Instagram,#Fitness,Post,Japan,-0.6138049184618458,1.0629494800146624,0.6405789480368995,0.22205344598715865,Medium,0.32794423889421864,0.0,8,1826,0.005755639675343302
Post_1828,Instagram,#Fitness,Video,India,-1.171122503267176,1.6921933020817688,0.7694349249118159,0.6011034543313463,Low,0.4729022945144387,0.0,8,1827,0.005747093810940417
Post_1829,YouTube,#Education,Live Stream,Germany,-0.7664180241596407,0.3191112555231438,-0.4153519129282026,0.00893408407365535,Medium,-0.21343114937276103,0.0,10,1828,0.0057385479465375325
Post_1830,TikTok,#Viral,Live Stream,Canada,0.5949054057411803,0.18878263980333645,1.4963271458622787,-0.15643645890916164,Medium,0.5308946831244085,0.46681442773275184,6,1829,0.005730002082134648
Post_1831,Instagram,#Challenge,Video,USA,0.9554660737800509,-1.0060545342539073,-0.29544187837304015,-1.3603788200998983,Low,-0.4266022897366987,0.6706285659348596,10,1830,0.0057214562177317595
Post_1832,Twitter,#Tech,Live Stream,Australia,0.9122774865146448,1.368910991832344,0.2885561177545847,-1.342945600285029,Low,0.3066997489541361,0.6482949330292788,5,1831,0.005712910353328875
Post_1833,TikTok,#Tech,Shorts,USA,0.2974984617910593,1.6127324071963045,-1.5878552838137898,0.5172279630132198,Medium,0.20990088704669843,0.2604381505397159,5,1832,0.00570436448892599
Post_1834,YouTube,#Tech,Shorts,Brazil,-1.362095313775884,-0.153019068129308,1.197635894793881,0.48509202769183407,Low,0.04190338514513077,0.0,5,1833,0.005695818624523105
Post_1835,YouTube,#Dance,Tweet,Australia,-1.6944371357301131,0.6095325469878656,0.25019178819102483,0.39785591568650386,High,-0.1092142212161797,0.0,6,1834,0.00568727276012022
Post_1836,YouTube,#Comedy,Tweet,Australia,0.8672702737299789,-0.8583011953117665,0.03349353923021758,0.8504895144942565,High,0.2232380330356716,0.6244776177298915,7,1835,0.005678726895717336
Post_1837,Twitter,#Music,Reel,Australia,1.6064051846571177,0.6224330776598278,-1.7361514814989405,-0.7665991524295892,Medium,-0.06847809290289603,0.9579719480660583,6,1836,0.005670181031314447
Post_1838,YouTube,#Viral,Video,Canada,-1.4809261142364865,1.5363476861123178,0.253632535237084,-0.7098886783330262,Medium,-0.10020864280502771,0.0,6,1837,0.005661635166911563
Post_1839,Twitter,#Challenge,Tweet,Brazil,-1.0907898259878297,-0.5913807631592336,0.38541314710115065,0.7213856697608465,Medium,-0.14384294307126655,0.0,10,1838,0.005653089302508678
Post_1840,YouTube,#Fashion,Live Stream,USA,1.0042051006483221,0.3714962783001074,-0.7263266309510314,1.4685636692158095,High,0.5294846043033019,0.6952475236185567,8,1839,0.005644543438105793
Post_1841,Twitter,#Challenge,Live Stream,Japan,-1.2733842136540399,1.2517461829206615,-0.8010940642618974,1.33392880293471,High,0.12779917698485857,0.0,10,1840,0.005635997573702908
Post_1842,Instagram,#Music,Reel,India,1.7156337246047633,-0.9579789261267613,1.6938948412469967,0.14433909259557237,Low,0.6489721830801428,0.9990253422092947,6,1841,0.0056274517093000236
Post_1843,Instagram,#Dance,Live Stream,Canada,-0.5338086937559573,0.9342213060699479,0.6699629278102449,-0.6743221093934534,High,0.09901335768269551,0.0,6,1842,0.005618905844897135
Post_1844,YouTube,#Dance,Post,USA,0.2485620859591305,-1.4046546044039234,-0.5446207794486462,-0.04581602795537212,Low,-0.4366323314622028,0.22199255794270703,6,1843,0.0056103599804942506
Post_1845,TikTok,#Tech,Shorts,Canada,0.4424656656260429,-0.7819996140602521,-1.0371637190920178,1.3888189408257043,Medium,0.00303031832486933,0.36635391712450105,5,1844,0.005601814116091366
Post_1846,Twitter,#Music,Reel,Japan,1.3955056107346662,-0.631163172997261,-0.5525344976545823,-0.17828049337598587,Low,0.008381861676709255,0.8735943195360285,6,1845,0.005593268251688481
Post_1847,YouTube,#Comedy,Video,Australia,1.6506867288566682,-0.041376129757665074,1.482564157678042,0.05241211421435362,High,0.7860717177478497,0.974818749391173,7,1846,0.005584722387285596
Post_1848,YouTube,#Tech,Tweet,Brazil,-0.8475133729547879,-1.3344291592422646,-0.16865034972575932,1.293881406412199,Medium,-0.2641778688776532,0.0,5,1847,0.0055761765228827115
Post_1849,Twitter,#Education,Live Stream,Japan,-1.1440589709072793,-1.4037539228854727,1.5882639069329798,-1.5893211044156526,High,-0.6372175228188562,0.0,10,1848,0.005567630658479823
Post_1850,YouTube,#Music,Live Stream,USA,-0.05314405034511103,0.6219342386649936,-0.5028157028390271,-0.9564742212566,High,-0.22262493394393612,0.0,6,1849,0.0055590847940769385
Post_1851,Twitter,#Education,Video,Australia,1.2193579558812655,-0.5958079592383871,0.736713420503793,0.32371222177507153,Medium,0.4209939097304357,0.797217944992689,10,1850,0.005550538929674054
Post_1852,Twitter,#Fitness,Reel,India,1.6939609710542172,0.2314403021810332,0.9913287019121725,-1.6964408888202716,Low,0.30507227158178785,0.991012590523993,8,1851,0.005541993065271169
Post_1853,TikTok,#Tech,Post,Australia,1.3304976286748853,-0.5487369574202823,-0.8276222239870138,-1.100070742703576,Medium,-0.28648307385899674,0.8460818193123917,5,1852,0.005533447200868284
Post_1854,YouTube,#Challenge,Video,Japan,-1.443984855101861,-0.5190906788245109,-0.8263147401095113,-1.3220817468519726,High,-1.027868005221964,0.0,10,1853,0.005524901336465399
Post_1855,TikTok,#Music,Tweet,Brazil,0.30095618009180725,-1.30300230256771,-1.2035926537099004,1.67608199665064,Medium,-0.1323891948837908,0.2630995172504496,6,1854,0.005516355472062511
Post_1856,YouTube,#Comedy,Post,Canada,-0.10736567810999038,0.9617128773408105,0.1615925517550009,0.4778106828695593,Medium,0.3734376084638451,0.0,7,1855,0.005507809607659626
Post_1857,TikTok,#Viral,Shorts,Germany,0.5967404770074115,-1.5565649349696826,1.3309648428286742,0.15477101931210063,Medium,0.13147785104462595,0.4679643494570651,6,1856,0.005499263743256742
Post_1858,YouTube,#Music,Shorts,Germany,0.8376713553786499,1.2985331236444857,0.8004704632672697,-1.4605673243371597,Low,0.3690269044883114,0.6084992023847489,6,1857,0.005490717878853857
Post_1859,Instagram,#Dance,Live Stream,Brazil,0.5925687391923197,-0.9013814851711978,-0.07915651905776003,0.012574756484792726,High,-0.09384862713796134,0.4653482718606158,6,1858,0.005482172014450972
Post_1860,YouTube,#Music,Post,Germany,0.752233644143582,-0.2428170155188366,1.6653366407647057,0.8609214412107847,Medium,0.7589186776500589,0.5608913421521833,6,1859,0.005473626150048084
Post_1861,Instagram,#Fitness,Live Stream,Canada,1.3850187060825365,1.331865268146532,-1.50648161617449,-0.9428216997148348,High,0.06689516458493586,0.869206967530736,8,1860,0.005465080285645199
Post_1862,Twitter,#Tech,Live Stream,USA,-0.7059202882067807,0.3211897513349529,-1.5305324380264438,-0.7411844584826109,Medium,-0.6641118583452206,0.0,5,1861,0.005456534421242314
Post_1863,Instagram,#Viral,Reel,Australia,-0.19719645950480758,-0.14788518347413937,-0.3297461264222502,-1.5296700872177864,Low,-0.5511244641547459,0.0,6,1862,0.0054479885568394296
Post_1864,YouTube,#Education,Shorts,Japan,-0.8506826054440783,1.0095598509286576,-1.0726378211368879,0.5481736785078875,Low,-0.09139672428610526,0.0,10,1863,0.005439442692436545
Post_1865,TikTok,#Fashion,Live Stream,Brazil,-1.4939223657806768,-1.3762969932114737,-1.7109308056513266,0.9050996006613171,High,-0.9190126409955399,0.0,8,1864,0.00543089682803366
Post_1866,TikTok,#Comedy,Video,Germany,-1.3830650116434005,1.2549678514289657,0.7077079229055141,-0.02733261417575159,Medium,0.13806953712883194,0.0,7,1865,0.005422350963630772
Post_1867,TikTok,#Tech,Reel,UK,-1.1026184294970471,-1.4026246068277233,-0.24706497490544807,0.182426127050548,Low,-0.6424704710449176,0.0,5,1866,0.005413805099227887
Post_1868,TikTok,#Fitness,Post,Canada,0.3472961836206179,1.260385797178415,-1.0385056104399808,-0.5394772043194036,Medium,0.007424791509912099,0.2980997571627369,8,1867,0.005405259234825002
Post_1869,Twitter,#Comedy,Shorts,India,-0.8192294291217179,1.4136402217024773,-0.15832810858758178,1.1290709668772494,High,0.3912884127176067,0.0,7,1868,0.0053967133704221175
Post_1870,YouTube,#Gaming,Video,Germany,-1.373493586906015,1.475108271177047,0.9983478258861331,0.8683428118950263,High,0.49207633051304783,0.0,7,1869,0.005388167506019233
Post_1871,Twitter,#Fashion,Post,Canada,0.8232319895377145,-1.196874306416734,0.8978780121412051,-1.448385074346046,Low,-0.2310373447709651,0.6006107446146931,8,1870,0.005379621641616348
Post_1872,Instagram,#Tech,Shorts,India,-1.5023816468791178,1.6724475918695818,1.5488329457851417,1.2004141435493452,High,0.7298282585812377,0.0,5,1871,0.00537107577721346
Post_1873,YouTube,#Dance,Live Stream,Australia,1.423721715861479,0.836947702077279,-0.12106481807876085,-1.083197626336574,Low,0.2641017433808558,0.8853042579291116,6,1872,0.005362529912810575
Post_1874,Instagram,#Comedy,Tweet,Canada,1.6611633549169407,0.5800733330151571,0.9386164571665457,0.8621816739684861,High,1.0105087047667825,0.9787633786558624,7,1873,0.00535398404840769
Post_1875,TikTok,#Dance,Tweet,UK,-0.35801804865972864,1.2661848004933625,-1.0780053865287402,-0.07319108396988586,Low,-0.060757429666248065,0.0,6,1874,0.005345438184004805
Post_1876,Instagram,#Music,Post,Canada,1.6585416287539083,0.0779018165626902,-1.0677863678019446,0.6166463250096635,Low,0.3213258506310793,0.9777777125772589,6,1875,0.005336892319601921
Post_1877,Twitter,#Challenge,Post,India,-0.8995662178378069,-0.1592060573291266,-0.9170472397140919,-1.5340809018697412,High,-0.8774751041876916,0.0,10,1876,0.005328346455199036
Post_1878,YouTube,#Education,Tweet,India,-1.0305449433946559,-0.21834619149447004,-0.8537719015370636,1.4177342813218532,Medium,-0.17123218877608404,0.0,10,1877,0.005319800590796148
Post_1879,Instagram,#Fashion,Tweet,Australia,-0.8395474642654905,-0.11488559830198253,-0.41180794347076166,1.5142821131479771,Medium,0.03701027677743557,0.0,8,1878,0.005311254726393263
Post_1880,TikTok,#Fitness,Shorts,Japan,0.026848062924034608,-1.7092165957083203,-1.2747473026224043,0.016075403033963282,Low,-0.7352601080931817,0.026493977376743544,8,1879,0.005302708861990378
Post_1881,Twitter,#Education,Post,Australia,-1.296568605447045,-1.6131346626477554,0.11342209311017236,-1.5461931389298713,Medium,-1.0856185784786248,0.0,10,1880,0.005294162997587493
Post_1882,YouTube,#Challenge,Post,Japan,1.7144050902581043,0.977419377358715,1.2264349475693963,0.43174217428247486,High,1.0875003973671726,0.9985728097654148,10,1881,0.005285617133184609
Post_1883,TikTok,#Music,Shorts,Canada,-1.1890065678591735,1.6165291262125425,1.1987713413190806,0.24802824338200416,High,0.46858053576361347,0.0,6,1882,0.005277071268781724
Post_1884,Twitter,#Comedy,Live Stream,Brazil,1.5945299848648147,-0.4777563254469992,1.6157554758309929,1.6274930225481528,High,1.0900055394492403,0.9534053768468741,7,1883,0.005268525404378836
Post_1885,YouTube,#Tech,Video,USA,-0.34196494389721943,0.564311406442271,0.8535955976584234,0.46282791563910936,Low,0.3846924939606461,0.0,5,1884,0.005259979539975951
Post_1886,Instagram,#Challenge,Reel,Canada,-1.1268320509546825,0.6241582291836294,1.1787117860405556,-0.7555371093342103,High,-0.019874786266176947,0.0,10,1885,0.005251433675573066
Post_1887,YouTube,#Tech,Tweet,Brazil,-1.4893415400096701,0.1513142886357899,0.5345695315478161,-1.1165237814846776,Medium,-0.47999537532768544,0.0,5,1886,0.005242887811170181
Post_1888,YouTube,#Challenge,Shorts,Australia,1.036871150809827,1.311274302970876,-0.26423430266528336,-1.2920461994600891,High,0.19796623791383255,0.7114148808551335,10,1887,0.0052343419467672965
Post_1889,YouTube,#Dance,Tweet,Japan,-1.1410082848440748,1.6603715312029705,1.2990691177117057,-1.0115743979405445,Low,0.20171449153251425,0.0,6,1888,0.005225796082364412
Post_1890,TikTok,#Viral,Shorts,Brazil,-0.33452735482937995,-0.20857033285959425,-0.7335866072182163,-1.505235574304576,High,-0.6954799673029417,0.0,6,1889,0.0052172502179615235
Post_1891,YouTube,#Fitness,Shorts,Australia,1.2074601431868768,0.9681769993155369,-1.6869143912698337,-1.387543837321462,High,-0.22470527152222053,0.7918425981514985,8,1890,0.005208704353558639
Post_1892,TikTok,#Tech,Video,Germany,0.9640822747141777,-0.8677098530198893,-1.5730944789861958,1.266996440914569,Low,-0.052431404094334555,0.6750251004571847,5,1891,0.005200158489155754
Post_1893,Instagram,#Gaming,Live Stream,Brazil,-1.3640873048778013,1.6897683903013248,1.4510125072656792,-1.1038514409766802,Low,0.16821053792813062,0.0,7,1892,0.005191612624752869
Post_1894,Instagram,#Dance,Video,USA,-0.9140391604121424,-1.2255575486197006,1.5056859778275595,1.113528096198932,High,0.11990434124866212,0.0,6,1893,0.005183066760349984
Post_1895,TikTok,#Comedy,Shorts,India,-1.3189937519215351,1.6706877987489166,-0.9636349547177332,0.5052557518150566,Medium,-0.02667128901882379,0.0,7,1894,0.005174520895947096
Post_1896,Instagram,#Comedy,Shorts,Germany,0.9816593520293749,1.5459572650822486,-0.5534290918865576,0.5866807905487635,High,0.6402170789434574,0.6839345503135968,7,1895,0.005165975031544211
Post_1897,Twitter,#Comedy,Tweet,India,1.379410021125814,0.7784034033779875,0.4172400572771981,0.06760492023775383,Medium,0.6606646005046883,0.8668525666702371,7,1896,0.005157429167141327
Post_1898,Twitter,#Challenge,Reel,Australia,1.4311976783389184,-0.30843512829765196,-0.6960824644161713,-0.04777639002290763,High,0.09472592390054692,0.8883840076754849,10,1897,0.005148883302738442
Post_1899,YouTube,#Challenge,Post,Canada,0.30173598259403694,0.5270093349396691,-0.8345381255495927,-0.20299505801312998,High,-0.05219696650725416,0.2636987448784753,10,1898,0.005140337438335557
Post_1900,YouTube,#Music,Post,Japan,-0.03721771488217344,0.10831021028945827,1.2051711308247506,-0.8597163506375258,Low,0.10413681889862741,0.0,6,1899,0.005131791573932672
Post_1901,Twitter,#Viral,Video,Germany,-1.2894147055144634,0.876189703004236,1.165361687501846,-1.5973025785477615,High,-0.2112914733890357,0.0,6,1900,0.005123245709529784
Post_1902,YouTube,#Challenge,Reel,Brazil,1.4679278837207437,-1.2333865495108483,-0.7265674832442557,0.04029987715422351,High,-0.11293156797003419,0.9033788850816685,10,1901,0.005114699845126899
Post_1903,TikTok,#Fashion,Reel,Canada,-0.7505252654301031,1.1755693114178556,-0.16930409166451058,-1.2111812641742494,High,-0.23886032746275188,0.0,8,1902,0.005106153980724015
Post_1904,Instagram,#Tech,Post,Japan,-1.2559195156098142,-0.5748567214553507,-0.04750164623401555,-0.19347329939938607,Medium,-0.5179377956746417,0.0,5,1903,0.00509760811632113
Post_1905,TikTok,#Viral,Tweet,USA,0.21343191470973624,0.5433185987429984,-0.4080231217200966,0.2078408209975262,Low,0.13914205318254105,0.1934526380672134,6,1904,0.005089062251918245
Post_1906,TikTok,#Tech,Post,Australia,1.1368140108737161,0.7214041198988076,0.5925461192739133,-1.6967909534751886,Medium,0.18849332414281217,0.759315939734141,5,1905,0.00508051638751536
Post_1907,TikTok,#Music,Live Stream,Germany,0.088314727469296,-1.6228550947276494,-0.14043622394807403,-1.1847163762625201,Medium,-0.7149232418672369,0.0846303781738409,6,1906,0.005071970523112472
Post_1908,TikTok,#Challenge,Live Stream,Brazil,1.4125790370488627,-0.4502439692180185,1.3443493488378446,-0.37648710099002264,Low,0.4825493289196665,0.8806963151653898,10,1907,0.005063424658709587
Post_1909,YouTube,#Comedy,Tweet,Brazil,-0.8505510394683067,1.6980269469935798,1.3309648428286742,-0.9279789583463517,Medium,0.3126154480018989,0.0,7,1908,0.0050548787943067025
Post_1910,Twitter,#Fashion,Live Stream,Germany,0.4399254829584106,-0.4416459248765013,-0.9782237221930241,0.5811497690010741,Low,-0.0996985987775102,0.36459136430338995,8,1909,0.005046332929903818
Post_1911,YouTube,#Challenge,Video,Germany,1.6119542537810687,-1.4103288979701625,0.7179613491027704,0.9870847428428915,High,0.476667861939142,0.9600986973944555,10,1910,0.005037787065500933
Post_1912,TikTok,#Music,Live Stream,USA,0.9415522866027448,-1.6279196961890912,-0.3186669209339396,0.7336379326829434,Medium,-0.06784909945933565,0.6634878008610716,6,1911,0.005029241201098048
Post_1913,TikTok,#Education,Video,Germany,-0.0395653452623483,-0.6629780155566867,0.6886461842703463,-1.175334643510743,Low,-0.29730795501485796,0.0,10,1912,0.00502069533669516
Post_1914,Twitter,#Fitness,Shorts,Australia,0.97056189902093,-0.46164105458610544,0.2364976149477093,-0.14600453219263337,High,0.1498534817974751,0.6783187300095507,8,1913,0.005012149472292275
Post_1915,YouTube,#Challenge,Shorts,India,-1.130616628476488,0.4735088527437012,-0.49338805593282486,1.4589718976710824,Low,0.07711901650136765,0.0,10,1914,0.00500360360788939
Post_1916,YouTube,#Viral,Tweet,UK,1.51915364457899,1.0278159724757148,-0.4559183206012404,-1.6522627293697392,High,0.10969714177093137,0.9239229897855031,6,1915,0.004995057743486506
Post_1917,YouTube,#Music,Live Stream,Canada,-1.688601636513076,1.0048208804777328,-1.7241088668377333,1.159806643578967,Low,-0.31202074482352743,0.0,6,1916,0.004986511879083621
Post_1918,Twitter,#Challenge,Live Stream,Brazil,0.05960593517279684,-1.2854459412772952,-0.6596449531984045,-0.015570441770538526,Medium,-0.4752638502683603,0.05789707973342053,10,1917,0.004977966014680736
Post_1919,Instagram,#Viral,Reel,Germany,0.5744208574093217,-0.8554190144527245,1.3430418649603422,-0.0956652348155608,Medium,0.24159461827534465,0.4538874950744679,6,1918,0.004969420150277848
Post_1920,TikTok,#Gaming,Post,UK,-0.708594092568556,1.0252178527109532,-1.5717869951086934,-0.899063617850203,High,-0.5385567132041248,0.0,7,1919,0.004960874285874963
Post_1921,YouTube,#Fashion,Post,Japan,-1.3479622499722919,-0.19343195503025085,1.1293370659296063,-0.693505652482908,Low,-0.2763906978889611,0.0,8,1920,0.004952328421472078
Post_1922,Twitter,#Tech,Post,Japan,-1.0082952182211948,0.0816153957464559,-0.6280933027860418,1.7230606733405087,Medium,0.042071887019931975,0.0,5,1921,0.004943782557069194
Post_1923,Instagram,#Gaming,Tweet,Brazil,1.359242053423156,-0.40525146321172284,1.355531776737537,1.15371551858341,High,0.865809471383095,0.8583404036496318,7,1922,0.004935236692666309
Post_1924,TikTok,#Dance,Shorts,Brazil,0.19976138753971623,0.5402632098996388,0.6285363333756924,-0.870988432525855,High,0.12439312457229812,0.18212269330501854,6,1923,0.004926690828263421
Post_1925,YouTube,#Fashion,Tweet,Australia,1.6123016701858406,1.5673657719438832,0.06924290103877247,1.48396651403216,Medium,1.183219214300164,0.9602316986908469,8,1924,0.004918144963860536
Post_1926,YouTube,#Dance,Video,Canada,-0.9520884517489695,0.5249377674472326,-1.052234191153757,-1.4889925743164245,Medium,-0.7420943624429797,0.0,6,1925,0.004909599099457651
Post_1927,YouTube,#Dance,Post,USA,-0.946455783411247,1.653082939222893,-0.728219041826364,-1.5832999923510793,Low,-0.4012229695914493,0.0,6,1926,0.004901053235054766
Post_1928,TikTok,#Gaming,Video,UK,1.6250368454968593,-0.8416732288172932,-1.625015351911229,0.1937682218698606,Medium,-0.16197087834045054,0.9650949323248339,7,1927,0.0048925073706518815
Post_1929,Instagram,#Viral,Video,Germany,-1.0185888853464098,1.5377749199030932,1.0170310823462345,1.731462225058518,High,0.8169198354903591,0.0,6,1928,0.004883961506248997
Post_1930,YouTube,#Education,Reel,Brazil,0.15468359509096455,1.5177243636385076,0.4246032559557647,-0.5070612172740844,Medium,0.39748749935278815,0.14382636280015612,10,1929,0.0048754156418461085
Post_1931,TikTok,#Tech,Shorts,UK,1.526646738042858,-0.14823159944277423,-1.3418418700205583,1.4743047295564493,Medium,0.3777194995339937,0.9268930236369355,5,1930,0.004866869777443224
Post_1932,YouTube,#Dance,Post,India,0.7715238201016388,-0.5769421455865326,1.612624396019079,1.1812306004598905,Low,0.7471091677485189,0.5718400915223703,6,1931,0.004858323913040339
Post_1933,YouTube,#Fitness,Post,Brazil,0.06227494285837218,1.3819293039336422,1.6237036015073896,-1.7315873801739439,Medium,0.33408011703136503,0.06041278089349294,8,1932,0.004849778048637454
Post_1934,YouTube,#Challenge,Reel,UK,-0.320780766079617,-0.22784491735443793,1.602852674408271,0.6474520146423643,High,0.42541975140414506,0.0,10,1933,0.0048412321842345694
Post_1935,YouTube,#Education,Reel,India,0.600867674257789,-0.12235432658575013,-0.43843932560725973,0.29458684248597256,High,0.08366521613768792,0.4705457786672938,10,1934,0.004832686319831685
Post_1936,Twitter,#Fitness,Live Stream,Japan,0.6635198030639092,-1.1986548844955172,0.6808700959462525,-0.07011051500661576,Medium,0.018906124877007196,0.5089357208623504,8,1935,0.0048241404554287964
Post_1937,TikTok,#Gaming,Tweet,Canada,1.1592521768978918,-0.38876899142407617,0.32334207039024304,-1.2462577425969383,High,-0.03810812168321992,0.7697619473509079,7,1936,0.004815594591025912
Post_1938,Instagram,#Tech,Tweet,India,-0.7622634173309775,1.6358868505398585,-0.2660234911292341,0.687079333578975,High,0.3236698189146555,0.0,5,1937,0.004807048726623027
Post_1939,Instagram,#Gaming,Shorts,India,1.348263146840797,-1.3710591837657147,0.1423587757675301,-0.6833537774903133,Medium,-0.14094775966192521,0.8536759684463024,7,1938,0.004798502862220142
Post_1940,Instagram,#Education,Video,Japan,-0.4757408169181295,1.1078311329109949,-1.3967906003461235,-0.9880500531301184,High,-0.43818758437084415,0.0,10,1939,0.004789956997817257
Post_1941,Instagram,#Music,Live Stream,India,1.567286234527689,0.44357158473427655,-0.044198529069798737,0.1919478856642919,Low,0.5396517939641147,0.9428494011373548,6,1940,0.004781411133414373
Post_1942,TikTok,#Music,Tweet,Canada,-1.1602354187720743,0.7313324015598827,-1.2195921274740755,1.2505434021334676,Medium,-0.09948793563819985,0.0,6,1941,0.004772865269011484
Post_1943,YouTube,#Education,Shorts,Canada,-0.5160561951397313,0.952525925852614,-1.6560508902666828,-1.1839462340217026,High,-0.6008818483938757,0.0,10,1942,0.0047643194046086
Post_1944,Instagram,#Music,Video,Canada,1.7027937076568016,1.6946667120978216,-1.2330110409537065,-0.1298315451354654,High,0.5086544584163628,0.9942859446100001,6,1943,0.004755773540205715
Post_1945,Instagram,#Dance,Shorts,Canada,-0.16035456009146795,0.5685723228564797,1.2787687101399565,-0.6729218507737852,Medium,0.2535161555327957,0.0,6,1944,0.00474722767580283
Post_1946,TikTok,#Fitness,Post,Germany,1.2498901703732246,0.31915282543937995,-0.4474540828679348,0.7306273766506567,Low,0.46305407239883156,0.8108814018574716,8,1945,0.004738681811399945
Post_1947,Twitter,#Dance,Post,Japan,-0.47020819354114995,0.3222567125183483,1.2695819155269785,-0.5581706568919744,High,0.14086494440305058,0.0,6,1946,0.0047301359469970605
Post_1948,YouTube,#Education,Shorts,India,0.4862394473878498,-1.1564475628770456,0.27069864058553755,0.7943391438455608,Low,0.09870741723547562,0.39624906883808547,10,1947,0.004721590082594172
Post_1949,YouTube,#Challenge,Post,Canada,-1.6714452962245654,0.5539050707444797,0.45567320178167914,-1.5335908113528574,Medium,-0.548864458762816,0.0,10,1948,0.0047130442181912875
Post_1950,Twitter,#Fitness,Tweet,India,-1.2027627499613365,0.6207979942878713,-0.9999004285831969,1.553629380360654,High,-0.0070589509740019984,0.0,8,1949,0.004704498353788403
Post_1951,TikTok,#Fitness,Post,India,0.024634054238002797,-0.2376346326280591,-1.4029151300881089,-0.3956706440794773,Low,-0.5028965881394106,0.02433552858785994,8,1950,0.004695952489385518
Post_1952,YouTube,#Fashion,Video,UK,1.2610321639463837,-0.023473352498615468,-0.5706672345873142,-0.14831495891508595,Medium,0.12964415448634203,0.815821418734847,8,1951,0.004687406624982633
Post_1953,Twitter,#Fitness,Tweet,USA,-0.8092139692161032,-1.6449148636103175,1.0216760908584146,0.21456206237193368,Low,-0.30447266989901806,0.0,8,1952,0.004678860760579745
Post_1954,TikTok,#Fashion,Tweet,Australia,-0.08217010851026779,-1.448781070488632,1.2040012768290906,-1.3072390054834895,Low,-0.4085472269133246,0.0,8,1953,0.00467031489617686
Post_1955,Instagram,#Gaming,Shorts,Australia,-1.25285923619421,0.3453557293069208,0.182237034031356,0.9498378635597168,High,0.056142847675945934,0.0,7,1954,0.0046617690317739754
Post_1956,YouTube,#Dance,Post,Canada,0.905962319677607,0.7226165757890296,-1.0058185135024187,1.4031715916773038,Low,0.5064829934103804,0.6449870357173959,6,1955,0.004653223167371091
Post_1957,TikTok,#Tech,Video,India,-1.212125176664293,-1.5981209945671204,-1.6110459189042288,0.9272936997830584,Medium,-0.873499597588146,0.0,5,1956,0.004644677302968206
Post_1958,Instagram,#Tech,Shorts,India,-1.109320756627371,-0.831793445391827,0.16231510863467333,0.045480834046995926,High,-0.43332956483438223,0.0,5,1957,0.004636131438565321
Post_1959,TikTok,#Tech,Reel,Brazil,-0.03962084965837695,0.08701948485715973,-0.9535535658727798,1.1586864366832321,Low,0.06313287650230875,0.0,5,1958,0.004627585574162433
Post_1960,YouTube,#Music,Video,Japan,-0.9974163565995787,-0.9366674157363447,-0.4123584629981311,0.6963210404687853,Medium,-0.4125302987163173,0.0,6,1959,0.004619039709759548
Post_1961,YouTube,#Challenge,Shorts,Australia,-0.0941453532633139,-1.2011213661921973,0.684620510226457,-1.3769018718119834,Low,-0.49688702026025944,0.0,10,1960,0.004610493845356663
Post_1962,YouTube,#Challenge,Post,India,1.172518412788197,0.5168593470586677,0.10141388591942581,-0.604099139617092,High,0.29667312653729955,0.7758870535130692,10,1961,0.004601947980953779
Post_1963,Instagram,#Comedy,Reel,Canada,-1.5780087848062572,-1.508094412638293,-0.029231279419441304,1.0078785833449648,High,-0.5268639733797567,0.0,7,1962,0.004593402116550894
Post_1964,Twitter,#Comedy,Post,India,0.4401625758105824,-0.7356283724987897,-0.9436098069096688,-0.3448412561855208,Low,-0.3959792149458492,0.36475600708365874,7,1963,0.004584856252148009
Post_1965,YouTube,#Music,Video,India,-0.9981687495235226,0.9254015555085043,-0.045093123301774125,-1.0895688030560644,High,-0.3018572800932142,0.0,6,1964,0.004576310387745121
Post_1966,Twitter,#Comedy,Live Stream,Australia,0.1448634284306359,0.8407374927741443,-0.5143766129137859,-0.24444271315530933,High,0.05669539878392126,0.135285353412404,7,1965,0.004567764523342236
Post_1967,YouTube,#Gaming,Live Stream,UK,1.1761357918824593,0.9582417893350892,0.32685163237722337,-0.806086445504233,High,0.4137856920226347,0.7775507314043731,7,1966,0.004559218658939351
Post_1968,Instagram,#Tech,Reel,Germany,-0.40766981448491557,1.264709068466978,-0.1678245704347051,1.5758934924133787,Low,0.566277043990184,0.0,5,1967,0.0045506727945364665
Post_1969,Twitter,#Viral,Tweet,India,0.21399244058567993,-1.6053472316728437,-0.444735892701548,-1.6437911647207464,Low,-0.8699704621273645,0.19391446575274648,6,1968,0.004542126930133582
Post_1970,YouTube,#Dance,Video,Germany,0.5346447626404921,-0.4650359310787271,1.055188967087031,1.3725059279065697,High,0.6243259316388414,0.4282989292663578,6,1969,0.004533581065730697
Post_1971,YouTube,#Fashion,Post,India,-1.2346764071988976,-1.3311797774564695,-0.14955420362013086,-0.11197824773469559,Medium,-0.7068471590025484,0.0,8,1970,0.004525035201327809
Post_1972,Twitter,#Challenge,Post,Brazil,-0.9852218352202465,-1.2501392257540302,-0.06955683479925491,-1.3367844623584888,High,-0.9104255895330051,0.0,10,1971,0.004516489336924924
Post_1973,Twitter,#Tech,Video,Germany,-0.37950647279630295,-0.8761069760995983,1.4278906871161614,-0.5509593250006831,High,-0.09467052169510573,0.0,5,1972,0.004507943472522039
Post_1974,Instagram,#Dance,Live Stream,Canada,-1.6588012577613467,-1.2488574866700812,0.025132523908293763,-1.1878669581567736,Medium,-1.0175982946699769,0.0,6,1973,0.0044993976081191545
Post_1975,YouTube,#Dance,Reel,Japan,-1.2811274195197655,-0.06533425814845205,0.09147012695631478,1.5908062467128454,High,0.08395367400023568,0.0,6,1974,0.00449085174371627
Post_1976,YouTube,#Music,Shorts,Japan,-0.9000630164442363,-1.3922044144911865,1.5490737980783658,1.4576416519823974,Medium,0.1786120047813351,0.0,6,1975,0.004482305879313385
Post_1977,Instagram,#Education,Reel,Germany,0.8450383647824035,1.709029118157423,-0.9707573011030757,0.9156015403088288,Low,0.624727930536395,0.6125000711963018,10,1976,0.004473760014910497
Post_1978,YouTube,#Music,Live Stream,Brazil,0.9996146815249155,0.0325975361846231,1.4317787312782084,1.1061067255146906,High,0.8925244186256094,0.6929545027612282,6,1977,0.004465214150507612
Post_1979,YouTube,#Music,Shorts,Canada,1.5743537942886707,1.6569558697522309,1.2786310802581142,0.7156446094202068,Medium,1.3063963384298056,0.9455985489472544,6,1978,0.004456668286104727
Post_1980,Instagram,#Dance,Live Stream,UK,1.295748450563663,0.06852780045143086,-1.3173093435821563,-0.1605672218371829,Medium,-0.028400078601061342,0.8310589125961684,6,1979,0.004448122421701842
Post_1981,YouTube,#Comedy,Shorts,Canada,-0.32684307955696873,1.3155352193850847,-0.6511119005241778,0.3688005493283883,Medium,0.17659519715808158,0.0,7,1980,0.004439576557298958
Post_1982,Twitter,#Fashion,Shorts,Japan,-1.1896054671447172,-1.1063281005349541,0.017803732700187706,1.3435905874104208,High,-0.2336348118922656,0.0,8,1981,0.004431030692896073
Post_1983,Instagram,#Education,Post,USA,0.9765721342995388,1.7028005590413682,-1.6455566117762022,0.1881671873911877,Medium,0.3054958172389732,0.6813640990661463,10,1982,0.004422484828493185
Post_1984,YouTube,#Challenge,Reel,USA,0.7815735419801106,-0.40367180639474787,1.4073150197807276,1.6832933285419314,Low,0.8671275209770054,0.5774969861435806,10,1983,0.0044139389640903
Post_1985,YouTube,#Viral,Video,Canada,0.3636960195484419,-0.8747905954187859,0.027988343956522884,-0.9991120962254973,Low,-0.3705545820348296,0.31019867501579557,6,1984,0.004405393099687415
Post_1986,TikTok,#Viral,Reel,Germany,1.09166769447925,-0.8024589411678269,-1.5791157863167995,-1.1353572599192152,Low,-0.6063160732311479,0.7379616877341192,6,1985,0.00439684723528453
Post_1987,YouTube,#Challenge,Post,Germany,1.6209000548940817,0.7180715982805402,-1.6279399869003792,1.1827708849415257,Medium,0.4734506378039421,0.9635177911815815,10,1986,0.0043883013708816455
Post_1988,Twitter,#Tech,Reel,India,-1.2124355901383792,1.2000955619972038,0.32268832845149176,0.5930519672682539,Low,0.22585006689464257,0.0,5,1987,0.004379755506478757
Post_1989,TikTok,#Fashion,Tweet,Canada,-0.7441518532392081,0.7824633985303882,-0.2519852431813127,0.7494608550851943,Medium,0.1339467892987654,0.0,8,1988,0.0043712096420758725
Post_1990,Instagram,#Education,Reel,Australia,0.398920753842922,1.3587332906738518,1.6217079682206752,0.6451415879199118,Medium,1.0061259001643401,0.3357010492204375,10,1989,0.004362663777672988
Post_1991,YouTube,#Tech,Post,UK,-0.9824205763194425,0.7643735566482757,-0.39195483301500017,-0.536466648287117,Medium,-0.286617125243321,0.0,5,1990,0.004354117913270103
Post_1992,Twitter,#Education,Shorts,India,0.8018326465305688,-1.0798965621281142,0.7199225749190242,1.6565483889062682,High,0.5246017620569368,0.5888042839136428,10,1991,0.004345572048867218
Post_1993,Instagram,#Dance,Live Stream,USA,-1.1975425957768147,1.3668394243399076,-0.0012580059349801575,0.1819360365336641,Low,0.08749371479044421,0.0,6,1992,0.0043370261844643335
Post_1994,Instagram,#Education,Tweet,Australia,0.4999976852083842,1.6114645247511008,1.3084279496769866,-1.5617360096081887,Medium,0.46453853750707075,0.40546356491256313,10,1993,0.004328480320061445
Post_1995,TikTok,#Music,Post,USA,-1.0327562111228592,0.4785526692470248,0.8060100660114249,-0.9723671565898343,High,-0.18014015811356096,0.0,6,1994,0.0043199344556585605
Post_1996,YouTube,#Viral,Shorts,Japan,-1.3738423737897012,0.3821658901340611,0.2673955234213207,1.5848551475792554,Low,0.215143546836234,0.0,6,1995,0.004311388591255676
Post_1997,YouTube,#Challenge,Shorts,Japan,0.8871949814253509,0.47499844140883113,-1.3909069228973623,0.37097095018887405,Low,0.08556436253142347,0.6350915898376307,10,1996,0.004302842726852791
Post_1998,Twitter,#Education,Live Stream,Brazil,-1.549095791151529,1.0374047664875277,-0.23825666246753655,-0.9970817212269784,High,-0.43675735208962907,0.0,10,1997,0.004294296862449906
Post_1999,TikTok,#Education,Tweet,Brazil,-0.9059889672696163,0.2588556619387961,1.187451283537546,-1.668785781081824,Low,-0.2821169507187746,0.0,10,1998,0.004285750998047021
Post_2000,Instagram,#Tech,Video,USA,0.9779837275812552,1.2974592341417177,-0.8926523431575323,1.2424219021393919,Low,0.6563031301762081,0.6820780064635743,5,1999,0.004277205133644133
Post_2001,YouTube,#Tech,Live Stream,Japan,1.1159861575738286,-1.3758050825360122,-0.6138830174858174,1.1269005660167637,High,0.06329965589219066,0.7495209721853494,5,2000,0.004268659269241248
Post_2002,TikTok,#Music,Video,Germany,-1.5401445081228589,-1.4108554502424875,1.5216854515917349,-0.09601529947047786,Medium,-0.3813324515610224,0.0,6,2001,0.004260113404838364
Post_2003,YouTube,#Education,Tweet,UK,-0.6650361612357494,1.3171425894795505,-0.03910622344163115,0.4386734544498325,Medium,0.2629184148130006,0.0,10,2002,0.004251567540435479
Post_2004,YouTube,#Music,Live Stream,Australia,1.6820384897393712,-0.6147291994452232,1.2675518747698036,0.505675829400957,Low,0.7101342486162272,0.9865771358897583,6,2003,0.004243021676032594
Post_2005,TikTok,#Gaming,Post,USA,0.9860949070354671,1.1614286115781807,1.5538908439428487,1.6684505871734483,High,1.3424662374324863,0.6861703525151405,7,2004,0.004234475811629709
Post_2006,Instagram,#Education,Reel,Australia,-1.4329655193915305,-0.5174140255363181,0.1796564737468116,-0.5716131396407893,Medium,-0.5855840527054565,0.0,10,2005,0.004225929947226821
Post_2007,Instagram,#Music,Shorts,Germany,0.6402319401128752,0.16579447612472709,1.2493159154256899,1.644926242363022,High,0.9250671435065785,0.49483765873436075,6,2006,0.004217384082823936
Post_2008,Instagram,#Fitness,Reel,USA,1.619181474335565,-0.11681859940696505,0.7120776716540093,-1.572518000979634,High,0.16048063640074378,0.9628618545857293,8,2007,0.0042088382184210515
Post_2009,YouTube,#Comedy,Video,Canada,1.7137643913656748,-1.0273521880055785,-0.6685564880476978,-0.495089006075921,Low,-0.11930832269088062,0.9983367453250639,7,2008,0.004200292354018167
Post_2010,YouTube,#Viral,Live Stream,UK,-0.8125668458799081,1.7161445021531831,1.2784246354353506,-1.5313503975613882,Low,0.1626629735368093,0.0,6,2009,0.004191746489615282
Post_2011,Twitter,#Dance,Live Stream,Germany,-0.6901152401277575,-0.20708074419446437,-1.617342485998517,1.2834494796956708,Medium,-0.307772247656267,0.0,6,2010,0.004183200625212397
Post_2012,Instagram,#Dance,Shorts,Brazil,1.6253952257329456,-0.5518062029023871,1.009495846315365,1.0732006479524874,Low,0.7890713792746027,0.9652314468942182,6,2011,0.004174654760809509
Post_2013,Twitter,#Fitness,Reel,India,-0.41306881616775204,-0.3535454157332835,0.9591921245019797,0.8102320791787951,High,0.2507024929449348,0.0,8,2012,0.004166108896406624
Post_2014,TikTok,#Music,Post,Germany,0.07994041606354088,0.7325171441726139,-1.5234789065820225,0.7154345706272566,High,0.0011033060703472264,0.07690586930265449,6,2013,0.0041575630320037395
Post_2015,Twitter,#Viral,Shorts,Japan,-0.13171840317742603,-0.8892153563527415,1.2447397218544312,0.687919488750776,Low,0.22793136276875992,0.0,6,2014,0.004149017167600855
Post_2016,YouTube,#Fitness,Reel,USA,1.3007911277287847,0.34683146133330534,-0.08397356492224288,0.8731737041328816,Medium,0.6092056820681822,0.8332530323692072,8,2015,0.00414047130319797
Post_2017,Twitter,#Comedy,Video,Japan,0.4798276617873547,0.7858790599811278,-1.3633121315879677,1.4184344106316873,Low,0.33020725020305053,0.39192563625753496,7,2016,0.004131925438795085
Post_2018,Twitter,#Challenge,Reel,Australia,0.44779682860262215,0.11981814876750835,-0.1313182442760172,-0.8023057472311288,High,-0.0915022535342539,0.37004297238039113,10,2017,0.004123379574392197
Post_2019,Twitter,#Dance,Reel,Brazil,1.0112137298159896,1.067972511559868,-0.2938935422023135,0.11619389434024112,High,0.4753716483784463,0.6987383855091389,6,2018,0.004114833709989312
Post_2020,Twitter,#Gaming,Reel,USA,-0.735649402054967,1.699717456920518,-0.9254426625064763,1.5911563113677625,High,0.4074454259317093,0.0,7,2019,0.004106287845586427
Post_2021,TikTok,#Fitness,Tweet,Germany,1.426865594490855,1.1469207108117525,1.1261027637063106,1.4444792209575161,High,1.2860920724916085,0.8866005459323826,8,2020,0.004097741981183543
Post_2022,TikTok,#Fitness,Post,Brazil,-1.5987955237387161,0.8714645891920565,1.1726560712394913,-0.13403232099447007,Medium,0.07782320392459041,0.0,8,2021,0.004089196116780658
Post_2023,YouTube,#Dance,Reel,USA,1.393689726173235,0.21569223224689243,-1.205657101937536,-0.43242743284576807,Low,-0.007175644090794145,0.8728359939632723,6,2022,0.00408065025237777
Post_2024,Twitter,#Viral,Tweet,Canada,-0.7102112576874156,-1.0230843432719972,1.321468380981551,0.014745157345278469,Medium,-0.09927051565814579,0.0,6,2023,0.004072104387974885
Post_2025,Instagram,#Dance,Video,Brazil,-1.2336704756758103,0.041964623976509734,0.12955919675618993,-0.9968016695030447,Medium,-0.5147370811115388,0.0,6,2024,0.004063558523572
Post_2026,Twitter,#Dance,Shorts,Japan,0.915951055244393,0.5289076944477882,-0.3734092064367412,1.3018628805443078,Low,0.5933281059499369,0.6502141339428382,6,2025,0.004055012659169115
Post_2027,Twitter,#Dance,Shorts,Australia,0.554964168263179,-1.4521066637875266,-0.05211224727573485,-1.351277139072055,Low,-0.5751329704680344,0.44145250244813555,6,2026,0.0040464667947662306
Post_2028,Twitter,#Education,Shorts,India,-0.1799811886229824,-1.4380698887384422,-0.40530493155370984,-1.2144018589994863,High,-0.8094394669786552,0.0,10,2027,0.004037920930363346
Post_2029,TikTok,#Fashion,Reel,India,0.551501653286231,0.9453066170662634,0.6496281127680351,0.844958492946567,Low,0.7478487190167742,0.4392232705107775,8,2028,0.0040293750659604576
Post_2030,YouTube,#Education,Reel,Australia,1.540174050166335,1.6786068677919095,-1.0283209991836457,1.2118262512996412,Medium,0.8505715425185598,0.932232602370338,10,2029,0.004020829201557573
Post_2031,Instagram,#Music,Reel,Japan,-1.4260295256063205,0.27172155101389484,1.1049765768435074,-0.3894394932219537,Low,-0.10969272274271799,0.0,6,2030,0.004012283337154688
Post_2032,TikTok,#Viral,Tweet,Japan,0.09072608511898525,-0.20629784410534957,1.2094032496914036,0.12963637708905607,Low,0.30586696694852383,0.08684360760953745,6,2031,0.004003737472751803
Post_2033,Instagram,#Comedy,Tweet,Australia,-0.9115880588739388,0.9056558452963173,1.0002058292910052,0.9191021868579993,High,0.47834395064284574,0.0,7,2032,0.0039951916083489185
Post_2034,Instagram,#Viral,Reel,Australia,-0.32766057022934136,-0.2591401359609113,1.4945035499278672,-1.084877936680176,High,-0.04429377323564038,0.0,6,2033,0.003986645743946034
Post_2035,YouTube,#Music,Live Stream,UK,1.6656825091368044,0.8401555139468379,0.07258042567344987,-1.0082137772533408,High,0.3925511678759378,0.9804601258189675,6,2034,0.0039780998795431455
Post_2036,TikTok,#Education,Post,Japan,0.07398157374421788,0.3728057306615472,1.0406346070822006,0.12914628657217217,High,0.40414204951503446,0.07137283927675632,10,2035,0.003969554015140261
Post_2037,Twitter,#Education,Post,Canada,0.5743831692391789,-0.1905774874486996,0.38992052573148817,-0.726551755907078,Medium,0.011793612903722356,0.4538635569888801,10,2036,0.003961008150737376
Post_2038,YouTube,#Fashion,Post,UK,0.15079965784787314,1.027608122894534,0.8368735670145758,-0.2839300062299532,Low,0.43283783538175746,0.14045705537845207,8,2037,0.003952462286334491
Post_2039,Instagram,#Music,Post,Brazil,0.1681266227612128,-0.3523191032043161,-1.352817853097487,0.5537047000555769,Low,-0.24582640837125333,0.1554012884284056,6,2038,0.003943916421931606
Post_2040,TikTok,#Gaming,Live Stream,India,-1.2747766202309563,-1.0309618423987539,-0.48230885044451427,0.5934720448541545,High,-0.5486438170550175,0.0,7,2039,0.003935370557528722
Post_2041,YouTube,#Tech,Video,Australia,1.1487097678497336,-0.07636414258978602,-0.25246694776776096,0.8948076998067557,Low,0.42867159432473556,0.7648675540258401,5,2040,0.003926824693125833
Post_2042,Instagram,#Challenge,Reel,Australia,-1.3979449864552793,0.8535479552942615,1.0656144306365902,1.5401868976118391,High,0.5153510742718529,0.0,10,2041,0.003918278828722949
Post_2043,TikTok,#Viral,Tweet,UK,-1.3533153406114997,1.428265903898241,-0.6615717715441977,0.1660431012004298,High,-0.10514452676425663,0.0,6,2042,0.003909732964320064
Post_2044,Instagram,#Gaming,Tweet,Australia,0.7894291271168078,0.9746480496096361,1.3201264896335878,-1.496203906207716,High,0.3969999400380789,0.5818966455873498,7,2043,0.003901187099917179
Post_2045,TikTok,#Fashion,Tweet,UK,0.24035702869928993,-1.4449012116399216,-0.9413389138592697,1.0688598462315158,Low,-0.2692558126420964,0.215399264544498,8,2044,0.0038926412355142943
Post_2046,Twitter,#Viral,Video,Japan,0.40433757175164425,-1.47857284379123,1.6373289598097838,-1.6699760009085423,High,-0.27672057828458607,0.33956571242412814,6,2045,0.0038840953711114096
Post_2047,Instagram,#Music,Live Stream,Australia,-0.3567133527333267,-0.14791982507100285,-0.21633910378413956,0.8390774067439605,High,0.02952628128887283,0.0,6,2046,0.0038755495067085213
Post_2048,YouTube,#Challenge,Post,Germany,0.742473778555482,-1.128367084459504,-1.0660315868084544,-1.3481965701087848,Low,-0.7000303657053153,0.5553058153645577,10,2047,0.0038670036423056366
Post_2049,Twitter,#Challenge,Reel,Australia,-0.7144460375325645,1.115403785985353,-1.5812490494853562,0.7902783938485229,Low,-0.0975032267960112,0.0,10,2048,0.003858457777902752
Post_2050,YouTube,#Tech,Reel,Brazil,-0.7400842718216021,-0.0649601289023264,0.425841924892346,1.0921041393180082,High,0.17822541587160645,0.0,5,2049,0.003849911913499867
Post_2051,YouTube,#Dance,Video,Canada,-0.10492691088201539,1.5501488983027305,-1.2786697542549117,0.3302234243565288,High,0.12419391438058304,0.0,6,2050,0.0038413660490969823
Post_2052,TikTok,#Music,Video,UK,1.5077635943223449,-0.43114259270749233,1.6547735473333038,-0.7248014326324927,Low,0.5016482790789158,0.9193913576908377,6,2051,0.003832820184694094
Post_2053,Instagram,#Tech,Shorts,Brazil,-0.9933981124228871,0.08643750602985316,0.6467034777788848,-0.8809302687254994,Medium,-0.2852968493349122,0.0,5,2052,0.0038242743202912093
Post_2054,Instagram,#Challenge,Reel,India,0.27093172803759186,-0.9496718711988974,0.047910269353205547,1.545647906228545,Medium,0.22870450810511125,0.2397502756092892,10,2053,0.0038157284558883245
Post_2055,Instagram,#Fashion,Reel,Japan,0.02080904758822577,0.7708584635811203,-1.180436426089922,0.1394381874267336,Medium,-0.06233268187346059,0.020595496802089955,8,2054,0.0038071825914854397
Post_2056,Instagram,#Comedy,Post,Germany,-0.10043448100098024,-0.8398164392254104,-1.1193287585519112,0.8955778420475732,Low,-0.29100045918268214,0.0,7,2055,0.003798636727082555
Post_2057,TikTok,#Fitness,Shorts,Brazil,1.2063479995479323,0.7546600528877542,-1.6167231515302263,-1.4171593071274449,Medium,-0.26821860155549615,0.7913386597715255,8,2056,0.00379009086267967
Post_2058,Twitter,#Comedy,Tweet,Canada,-0.7660061952458972,1.3115445074264112,-1.0466945884096017,-1.6812480827968714,High,-0.5456010897564898,0.0,7,2057,0.003781544998276782
Post_2059,Twitter,#Viral,Live Stream,Canada,0.3374006406200034,0.25150471508436434,-1.1412807247057686,0.7212456438988797,Low,0.042217568724369714,0.2907279096416666,6,2058,0.003772999133873897
Post_2060,YouTube,#Education,Reel,Brazil,1.0393935172515736,-0.09362258614717478,0.9712347391631868,0.3960355794809352,High,0.5782603124371302,0.7126524681901526,10,2059,0.0037644532694710124
Post_2061,Twitter,#Gaming,Live Stream,Canada,0.8313650966545549,1.19548822961436,1.4928519913457587,1.4826362683434753,Medium,1.2505853964895373,0.6050616432236295,7,2060,0.0037559074050681276
Post_2062,Twitter,#Challenge,Shorts,Canada,-1.4534418448499034,-0.7598012787901302,-0.15237561619789938,-0.7629584800184518,High,-0.7821443049640963,0.0,10,2061,0.003747361540665243
Post_2063,TikTok,#Comedy,Video,USA,-0.06778556182590388,-1.6793278259345046,-0.8445851069240855,-1.537441522556945,High,-1.0322850043103597,0.0,7,2062,0.003738815676262358
Post_2064,YouTube,#Viral,Video,USA,1.1848657425664721,-0.5227765447307858,1.3183717086400977,-0.46596362678682196,High,0.37862431992224055,0.7815543816100596,6,2063,0.00373026981185947
Post_2065,YouTube,#Education,Live Stream,USA,0.3404753100642079,1.2876972321455873,-0.7470399281683078,0.887876419639398,Low,0.44225225842022137,0.2930242600715941,10,2064,0.003721723947456585
Post_2066,TikTok,#Viral,Shorts,Australia,-0.20942387237808263,1.127576843123182,0.3104736764379817,0.5751286569365007,Low,0.45093882602989543,0.0,6,2065,0.0037131780830537003
Post_2067,Twitter,#Tech,Reel,Australia,-0.0037437674006958774,-1.2007888068623078,-0.002496674871561463,1.2640558978132659,Medium,0.014256662169675194,0.0,5,2066,0.0037046322186508156
Post_2068,Twitter,#Education,Live Stream,Japan,-0.917700394831662,-0.7949624996065686,1.1397969369496261,1.0013673807635075,Low,0.10712535581872579,0.0,10,2067,0.003696086354247931
Post_2069,TikTok,#Viral,Video,Japan,0.03656544366579169,1.3377335546552065,1.279147192315023,-0.5527796612062518,Low,0.5251666323574424,0.03591278998955051,6,2068,0.003687540489845046
Post_2070,Instagram,#Tech,Reel,Germany,0.7981015176864206,0.2704744535268093,0.29172160503695915,0.7811066998896962,High,0.5353510690349713,0.586731395905163,5,2069,0.003678994625442158
Post_2071,TikTok,#Comedy,Video,UK,-0.1664764894015912,0.5715584285061122,1.0121796290112912,-1.6594740612610306,High,-0.06055312328630463,0.0,7,2070,0.003670448761039273
Post_2072,YouTube,#Education,Live Stream,Canada,0.7842446053840574,-1.3410595608819358,-0.9351111617059026,-1.5584454018519682,Low,-0.7625928797639373,0.5789951354003006,10,2071,0.0036619028966363883
Post_2073,TikTok,#Challenge,Reel,Brazil,-0.6263735805847785,-0.9665977554263967,0.9715099989268715,1.2331801952495816,Low,0.15292971454131946,0.0,10,2072,0.0036533570322335035
Post_2074,TikTok,#Education,Video,Japan,1.1274885871014453,-0.7024902209391788,-0.8579352054627952,0.6748970835878615,High,0.06049006107183319,0.7549422169863478,10,2073,0.0036448111678306187
Post_2075,Instagram,#Fashion,Shorts,Australia,-1.507845746310383,0.6000546060860158,0.661189022842794,0.40765772602418143,Medium,0.04026390216065208,0.0,8,2074,0.003636265303427734
Post_2076,TikTok,#Dance,Reel,Canada,1.6728754677184436,1.422113556295286,0.1804822530378658,1.2413016952436573,High,1.1291932430738132,0.9831548471146716,6,2075,0.0036277194390248457
Post_2077,Instagram,#Education,Reel,Japan,-1.3979511536103937,-1.4076060684566924,0.3596075442557068,0.9261034799563405,Medium,-0.3799615494637597,0.0,10,2076,0.003619173574621961
Post_2078,Instagram,#Fitness,Post,India,-1.4645639664788053,0.08577238737007423,-1.0280801468904215,1.2930412512403981,Low,-0.2784576186896886,0.0,8,2077,0.003610627710219076
Post_2079,Twitter,#Dance,Tweet,UK,-0.15356452231062945,0.5653090844319393,1.0690895851531101,-0.5219039586425674,Low,0.23973254715796313,0.0,6,2078,0.0036020818458161914
Post_2080,Instagram,#Tech,Video,Australia,1.1710910589989663,1.3272371508055703,-0.25673347410487435,-0.7999253075776929,Medium,0.3604173570304923,0.7752298333601623,5,2079,0.0035935359814133067
Post_2081,YouTube,#Music,Video,India,-1.360161568027824,0.05616075037116633,0.10540515249285445,-1.601153289751849,High,-0.6999372387289131,0.0,6,2080,0.0035849901170104184
Post_2082,Instagram,#Fitness,Shorts,USA,-0.7521390043516769,0.8028118725279998,-0.8925835282166111,0.761153014559424,Medium,-0.02018941137021607,0.0,8,2081,0.0035764442526075337
Post_2083,Twitter,#Viral,Reel,Australia,-1.1250552250423085,-1.0636011549635305,-0.056447588553769426,1.51393204849306,Medium,-0.18279298001663719,0.0,6,2082,0.003567898388204649
Post_2084,YouTube,#Fitness,Video,Japan,-0.06885453537904832,-0.7321018579380867,1.4410343408321076,0.33379408383668274,Low,0.24346800783791384,0.0,8,2083,0.003559352523801764
Post_2085,Instagram,#Tech,Post,Germany,-1.6112524918301343,-0.19662591026106427,-1.2034894312985187,-0.9395310919586145,Medium,-0.9877247313370829,0.0,5,2084,0.0035508066593988794
Post_2086,Twitter,#Tech,Tweet,UK,-1.2059011466750553,-0.9565031941003769,-0.29258605832481105,1.7235507638573928,Medium,-0.18285990881071268,0.0,5,2085,0.0035422607949959946
Post_2087,Twitter,#Music,Reel,India,-0.16331959122252943,-1.4419982458227614,-0.9433001396755235,0.3177611226414816,Low,-0.5577142135198332,0.0,6,2086,0.0035337149305931063
Post_2088,TikTok,#Dance,Tweet,Brazil,-0.27976712885118554,0.3431940936626393,1.4953981441598425,1.082022277256397,Low,0.6602118465569233,0.0,6,2087,0.0035251690661902216
Post_2089,YouTube,#Comedy,Video,Japan,-1.6425138011044944,1.2786557753642174,1.0983015275741526,-1.068564923761041,High,-0.08353035548179139,0.0,7,2088,0.003516623201787337
Post_2090,Instagram,#Viral,Reel,India,-0.5186820327395066,0.7490481141958695,-1.1730044124704342,0.06564455817021832,Low,-0.21924844321096326,0.0,6,2089,0.003508077337384452
Post_2091,Twitter,#Viral,Shorts,UK,-1.551781929823533,0.5308199105946526,-0.15588517818487976,-0.07263098052201857,Medium,-0.31236954448394466,0.0,6,2090,0.0034995314729815673
Post_2092,Twitter,#Fashion,Reel,Australia,-0.9046013573689,-0.19045277769999105,-1.7036020144432207,-1.3310434020178492,Low,-1.0324248878824902,0.0,8,2091,0.0034909856085786825
Post_2093,Instagram,#Gaming,Tweet,USA,-0.0435774222839256,-1.1624613440925469,0.6992780926426692,1.1724089711559809,Medium,0.1664120743555444,0.0,7,2092,0.0034824397441757943
Post_2094,Instagram,#Fashion,Shorts,USA,0.3541108900219136,1.1833151724765312,0.272935126165476,-1.4018264752420777,High,0.10213367835546078,0.3031450692325653,8,2093,0.0034738938797729095
Post_2095,Instagram,#Fitness,Reel,Brazil,-1.4020105121545139,0.034994734687576336,1.3087032094406714,-1.0791368763395361,Medium,-0.2843623610914506,0.0,8,2094,0.0034653480153700247
Post_2096,TikTok,#Challenge,Shorts,Canada,-1.6445044217274973,-0.8490865305460792,-1.7308527310480093,1.6774122423393247,High,-0.6367578602455652,0.0,10,2095,0.00345680215096714
Post_2097,TikTok,#Fitness,Post,Brazil,0.8674593998201506,0.22045891597530812,0.5718672295270977,-1.495363751035915,Medium,0.041105448571660375,0.6245788973976933,8,2096,0.003448256286564255
Post_2098,TikTok,#Comedy,Live Stream,Australia,0.3493190104981066,0.4804371721163984,0.7542956379091554,-1.6437911647207464,High,-0.014934836049271483,0.29960002851129097,7,2097,0.0034397104221613704
Post_2099,TikTok,#Fitness,Shorts,Japan,0.6084512193300001,1.1018658499311027,-1.1343304156727292,-0.4375383768075571,Low,0.03461206919520417,0.47527174042949244,8,2098,0.003431164557758482
Post_2100,Instagram,#Challenge,Reel,UK,-0.13791159739109224,-0.6143689268378429,-0.7000737309895999,1.330148104661606,Medium,-0.030551537639232296,0.0,10,2099,0.0034226186933555974
Post_2101,YouTube,#Fashion,Reel,UK,0.096617088732051,-0.3675821907823681,-1.3853329126827463,-1.559075518230819,Low,-0.8038433832409706,0.0922300672441509,8,2100,0.0034140728289527127
Post_2102,Twitter,#Viral,Post,Canada,-0.2881654236379407,1.0914318009558206,-0.6926417173701122,1.0771213720875583,Low,0.29693650800883153,0.0,6,2101,0.003405526964549828
Post_2103,TikTok,#Education,Tweet,Japan,0.526661037725309,0.8516426674667698,-1.5059655041175812,1.0750909970890394,High,0.23685729954088425,0.4230830223716947,10,2102,0.003396981100146943
Post_2104,Twitter,#Comedy,Shorts,Japan,-1.1339921180423786,-0.3844180068580223,0.871246630004707,1.6888243500896207,Medium,0.2604152137984817,0.0,7,2103,0.0033884352357440584
Post_2105,TikTok,#Dance,Tweet,Brazil,1.1170729473528587,-1.5621353037453312,1.4721731015989432,0.9333148118476318,High,0.4901063892635256,0.7500344494489405,6,2104,0.00337988937134117
Post_2106,TikTok,#Fashion,Post,India,1.7031068620887164,0.6556058708163021,0.8014338724401662,1.394209936511427,High,1.1385891354641529,0.9944018011368544,8,2105,0.0033713435069382854
Post_2107,Twitter,#Dance,Tweet,UK,1.6764373424166774,0.522367360959962,1.4364581472608489,-1.337484591668323,High,0.5744445647422913,0.984486560308893,6,2106,0.0033627976425354006
Post_2108,YouTube,#Gaming,Shorts,Japan,0.6881384010407168,0.2045376380568499,0.5823615080175781,1.1809505487359568,Low,0.6639970239627754,0.5236263839505412,7,2107,0.003354251778132516
Post_2109,Instagram,#Challenge,Video,India,0.9540572214561631,-0.03091436750489228,1.6788587766557181,-0.663190053367091,High,0.4847028943099745,0.6699078374580195,10,2108,0.003345705913729631
Post_2110,Twitter,#Viral,Live Stream,USA,-0.7919685477981637,0.09070535076343465,0.8457506943934084,-0.5970278335877676,High,-0.11313508405727205,0.0,6,2109,0.0033371600493267463
Post_2111,TikTok,#Education,Tweet,Brazil,1.6664074924824626,-0.19417328520312946,0.7179269416323099,-0.056177941740916955,Medium,0.5334958017926814,0.9807320579693646,10,2110,0.003328614184923858
Post_2112,YouTube,#Dance,Post,Brazil,-1.6977879566755467,-1.1317896742296163,0.6790120925413805,-1.0647142125569535,Medium,-0.803819937730184,0.0,6,2111,0.0033200683205209733
Post_2113,TikTok,#Dance,Live Stream,Germany,-0.49046661285215104,-1.3470387005005735,1.1041163900819926,0.24214715717939764,Medium,-0.1228104415228336,0.0,6,2112,0.0033115224561180885
Post_2114,Instagram,#Challenge,Shorts,India,0.8209186211303968,-0.4806870045416501,0.750201148924345,-0.8118975187758561,Medium,0.06963381168430888,0.5993411106367219,10,2113,0.0033029765917152037
Post_2115,YouTube,#Fashion,Post,Canada,-0.058869911249005126,0.5526510449380215,-0.17202228183089732,0.36852049760445466,Low,0.1725698373656434,0.0,8,2114,0.003294430727312319
Post_2116,Twitter,#Education,Reel,India,-0.7920247374336495,0.6865338884960225,0.8708681478296405,1.3804874020386784,Low,0.5364661752326729,0.0,10,2115,0.0032858848629094307
Post_2117,Twitter,#Gaming,Video,Germany,0.5197990498014704,1.0218853310926859,1.1867287266578734,-0.1518156054642565,Low,0.6441493755219433,0.4185781220404756,7,2116,0.003277338998506546
Post_2118,Instagram,#Tech,Post,USA,0.2103113342219031,0.2958944573052354,-1.5280206926828206,-0.2093662347326204,Low,-0.3077952839720756,0.19087762752225917,5,2117,0.003268793134103661
Post_2119,Twitter,#Fitness,Post,India,-0.8923712035377964,-1.617104589648311,-0.4131154273482642,1.0394544152184833,High,-0.47078420132897203,0.0,8,2118,0.0032602472697007764
Post_2120,TikTok,#Fashion,Video,Australia,-1.069990067505685,-0.05266236201578884,0.3760543151358697,0.4297117992839559,Low,-0.07922157877541207,0.0,8,2119,0.0032517014052978917
Post_2121,Twitter,#Challenge,Video,USA,-0.27783475358203985,1.1422371669158093,0.7770389758836066,-1.1803755745415485,Low,0.11526645366895688,0.0,10,2120,0.003243155540895007
Post_2122,Instagram,#Fashion,Reel,UK,0.32992330766364963,1.2244486045922345,-1.7288570977612951,-1.3556179407930264,Low,-0.38252578157460937,0.28512127716027424,8,2121,0.0032346096764921187
Post_2123,Instagram,#Gaming,Shorts,India,-0.6684034279281543,1.1608743460283648,-1.5629786826707819,-0.7277419757337961,Medium,-0.44956243507609184,0.0,7,2122,0.003226063812089234
Post_2124,TikTok,#Challenge,Post,UK,-1.0840566630819342,0.7784934715298326,-1.2092010713949768,-0.027262601244768175,Medium,-0.3855067160479616,0.0,10,2123,0.003217517947686349
Post_2125,Instagram,#Viral,Live Stream,USA,-1.152403817016377,-1.1588516896993717,0.5910665980441079,-0.8511047601265663,Medium,-0.6428234171995517,0.0,6,2124,0.0032089720832834644
Post_2126,YouTube,#Fashion,Shorts,USA,-0.08687222166518896,1.147876818885185,-0.6992479516985457,1.1047764798260058,Low,0.366633281336864,0.0,8,2125,0.0032004262188805796
Post_2127,Twitter,#Tech,Reel,Australia,-1.1589958205941011,0.5980938917035425,1.5420890815748658,1.3357491391402787,Low,0.5792340729561465,0.0,5,2126,0.003191880354477695
Post_2128,TikTok,#Music,Post,UK,-0.4182423740691882,-0.8423175625189541,-1.1921349660465232,0.4026167949933758,Medium,-0.5125195269103225,0.0,6,2127,0.0031833344900748066
Post_2129,TikTok,#Viral,Live Stream,Canada,-0.8356991594741706,0.45622269590882164,-0.6121970514332484,-0.25123396746070026,High,-0.3107268706148244,0.0,6,2128,0.003174788625671922
Post_2130,YouTube,#Music,Video,Canada,-0.9196026195646934,-1.3421958052590581,-0.038246036680116356,-0.5318457948422118,Low,-0.7079725640865199,0.0,6,2129,0.003166242761269037
Post_2131,TikTok,#Fitness,Post,UK,0.180569200824031,1.4713392654382997,0.7852967687941487,0.459187243227972,Low,0.7240981195711128,0.16599669575252554,8,2130,0.0031576968968661523
Post_2132,TikTok,#Education,Post,Japan,-0.46419384682579834,-1.627122939461231,0.5756176438073022,0.8950177385997059,High,-0.15517035097000528,0.0,10,2131,0.0031491510324632675
Post_2133,TikTok,#Education,Tweet,India,1.043296641199465,-0.34905586477977574,1.4370430742586788,-0.3285282432663861,Medium,0.4506889018529956,0.714564504120151,10,2132,0.0031406051680603828
Post_2134,Instagram,#Comedy,Shorts,Brazil,0.8165145871393332,-1.1209676393694632,0.7682650709161557,0.12130483830203012,Low,0.14627921424701396,0.5969196030015879,7,2133,0.0031320593036574945
Post_2135,YouTube,#Fashion,Tweet,Japan,-0.9447680386283016,0.8122828851104769,-1.4627497212190779,-1.447194854519328,High,-0.7606074323140577,0.0,8,2134,0.0031235134392546098
Post_2136,YouTube,#Tech,Tweet,UK,0.9006051176016563,0.4055281830587961,0.6561999396260082,-1.0706653116905434,Low,0.22291698214897931,0.6421723184157062,5,2135,0.003114967574851725
Post_2137,Instagram,#Gaming,Reel,Australia,0.9593301390788851,0.645151036882902,1.473446178005985,-0.25025378642693247,Medium,0.70691839188521,0.672602649051114,7,2136,0.0031064217104488402
Post_2138,YouTube,#Education,Post,Brazil,0.17407244553085008,-0.09195978949772744,-1.344732097539248,1.2452224193787282,High,-0.004349255531849283,0.16047842779065527,10,2137,0.0030978758460459555
Post_2139,YouTube,#Challenge,Video,Japan,-0.18676711496707804,-1.0873237204956456,-0.6718251977414541,-0.5475987043134793,Low,-0.6233786843794142,0.0,10,2138,0.0030893299816430707
Post_2140,Instagram,#Music,Reel,Brazil,0.24707717205549978,-0.43454439751948665,-0.013300620596187293,1.6747517509619552,Low,0.3684959762254453,0.22080255095424003,6,2139,0.0030807841172401824
Post_2141,Instagram,#Music,Video,Germany,-0.9171350722795184,-1.3902298434699678,1.1437882035230549,-0.25774517004215747,High,-0.35533047056714717,0.0,6,2140,0.0030722382528372977
Post_2142,YouTube,#Challenge,Live Stream,Australia,0.938056880131854,-0.022170828456548393,0.5263461461077347,0.030708105609496193,Medium,0.36823507584813414,0.6616858629511115,10,2141,0.003063692388434413
Post_2143,YouTube,#Challenge,Live Stream,Brazil,-0.5758563573252189,-0.988900015487109,-0.817575242612521,-0.43221739405281784,Medium,-0.7036372523694168,0.0,10,2142,0.003055146524031528
Post_2144,Instagram,#Fashion,Video,USA,1.3261881577289076,-1.7065976909854408,-0.22531945357435404,-0.6929455490350407,Low,-0.32466863396648193,0.8442309440874322,8,2143,0.0030466006596286434
Post_2145,TikTok,#Education,Reel,Australia,-1.3972844156185926,0.3822074600502973,0.2967795031946661,0.9160916308257127,High,0.04944854461302087,0.0,10,2144,0.0030380547952257586
Post_2146,Twitter,#Viral,Tweet,UK,0.11692278956559501,1.3655576852559586,-1.2091322564540556,-0.29947287690827046,Medium,-0.006531164635193112,0.11057739465909777,6,2145,0.0030295089308228704
Post_2147,TikTok,#Gaming,Tweet,Australia,-0.7730826631198218,-0.2818580951839854,-0.9872728869241598,0.9809236049163513,Low,-0.26532251007790386,0.0,7,2146,0.0030209630664199856
Post_2148,YouTube,#Education,Post,UK,0.5087022820324827,0.5515078722415264,0.3962170928257765,-0.2856803295045385,High,0.2926867293988118,0.41124986544476055,10,2147,0.003012417202017101
Post_2149,Instagram,#Gaming,Tweet,Australia,-0.8952821007517435,1.152518792864892,-1.6348902959334188,0.6238576569009548,Low,-0.1884489867298289,0.0,7,2148,0.003003871337614216
Post_2150,TikTok,#Fitness,Post,Germany,-1.4707674392843286,-0.3232894450327148,1.6656807154693114,-0.0021279590217236012,Medium,-0.03262603196736392,0.0,8,2149,0.0029953254732113313
Post_2151,YouTube,#Dance,Shorts,Canada,-0.4280303344750311,-0.5810437106551694,0.12494859571447062,0.39897612258223847,Medium,-0.12128733170837286,0.0,6,2150,0.002986779608808443
Post_2152,TikTok,#Fitness,Video,UK,1.5158350298880423,0.46665674488410364,-0.5023339982525787,0.5400521785138118,Low,0.5050524887583447,0.9226047682815137,8,2151,0.0029782337444055583
Post_2153,TikTok,#Gaming,Video,Canada,-1.495309290441936,0.8921456225195578,0.9526202976440067,0.16877360550878284,Low,0.1295575588076028,0.0,7,2152,0.0029696878800026735
Post_2154,TikTok,#Education,Post,UK,-1.0442147853252188,-0.7494780829248113,-0.12306045136547518,1.5324854752036638,High,-0.09606696110296037,0.0,10,2153,0.0029611420155997888
Post_2155,YouTube,#Gaming,Tweet,Canada,0.2991327578963474,-1.2425111461246905,1.3352313691657878,-0.9184571997326078,Medium,-0.13165105469879076,0.26169693254056114,7,2154,0.002952596151196904
Post_2156,TikTok,#Fitness,Reel,Germany,0.5877617844004556,-1.0958386250046905,-0.35434746780157333,0.22443388564059463,High,-0.15949760569130342,0.4623253417489544,8,2155,0.0029440502867940192
Post_2157,YouTube,#Gaming,Video,USA,0.48400625199701797,0.16694457714059482,1.5999280394191204,-0.6407859154523995,Low,0.4025232382760835,0.3947453576723102,7,2156,0.002935504422391131
Post_2158,Instagram,#Viral,Video,Japan,0.3547488479565145,-0.19297468595165285,1.698849516993322,-1.0806771608211712,High,0.1949866295442531,0.303616085090235,6,2157,0.0029269585579882462
Post_2159,YouTube,#Dance,Post,India,0.4893470083259972,-0.7135893885742398,0.31683905847319116,1.2739977340129103,High,0.3416486030594647,0.39833777445237367,6,2158,0.0029184126935853615
Post_2160,TikTok,#Education,Video,Japan,1.241713893170584,0.2641350413007914,-0.7339650893932829,-0.5194535060581481,Low,0.06310758475498612,0.8072407041832653,10,2159,0.0029098668291824767
Post_2161,YouTube,#Challenge,Video,Australia,1.3893439375360286,1.2992190272623827,1.671633207858994,-0.756517290367978,Medium,0.9009197205723567,0.8710188251375403,10,2160,0.002901320964779592
Post_2162,TikTok,#Fitness,Shorts,Canada,-1.6270972837976718,1.5926610659736007,1.1508417349674762,0.16821350206091554,Low,0.32115475480108013,0.0,8,2161,0.002892775100376707
Post_2163,YouTube,#Tech,Reel,USA,0.6123550285173487,0.04924628763721451,0.02530456126059672,1.5222635872800858,Low,0.5522923661738115,0.47769586085066945,5,2162,0.002884229235973819
Post_2164,Instagram,#Gaming,Tweet,India,-1.2784536151579902,-1.2270609939235757,1.504894606006966,-0.8055263420563658,High,-0.4515365862827414,0.0,7,2163,0.002875683371570934
Post_2165,YouTube,#Dance,Post,Australia,0.8950635861117339,-0.36536512858310494,-1.1948187487424495,1.5243639752095883,Medium,0.21481092099894195,0.6392523926478209,6,2164,0.0028671375071680494
Post_2166,Twitter,#Gaming,Reel,India,0.4908970199780566,0.2660403291282831,1.3640992368822242,1.3019328934752912,High,0.8557423698659639,0.399377965642825,7,2165,0.0028585916427651646
Post_2167,Twitter,#Dance,Video,Canada,-1.4892627374720986,1.4814268984449468,-0.49087631058920167,1.2760981219424126,High,0.19434649308151478,0.0,6,2166,0.00285004577836228
Post_2168,Twitter,#Music,Tweet,Japan,1.1811860066816096,-0.7650737298327528,-0.41490461581221494,-1.3372745528753727,High,-0.3340167229596827,0.7798687686272253,6,2167,0.002841499913959395
Post_2169,YouTube,#Challenge,Tweet,Canada,0.9551700503345647,-1.6758705945675285,-0.025687309962000346,1.076211203984774,Medium,0.08245583744745247,0.6704771719229105,10,2168,0.002832954049556507
Post_2170,YouTube,#Challenge,Reel,Japan,-1.1002721695957864,-1.4518918858869732,-0.3984234374615914,-0.9841993419260308,Medium,-0.9836967087175955,0.0,10,2169,0.002824408185153622
Post_2171,Twitter,#Comedy,Video,Japan,1.4569715900404705,0.364983658089772,-0.24448441462090367,1.3576631865380864,Medium,0.7337835050118563,0.8989295306071002,7,2170,0.0028158623207507373
Post_2172,Instagram,#Viral,Video,India,-1.0690526599283123,-0.4340940567602613,1.330242285949002,-1.5639064104686744,High,-0.43420271030206153,0.0,6,2171,0.0028073164563478525
Post_2173,YouTube,#Viral,Reel,Brazil,0.36141143119832425,-0.04051008983607792,-1.5390998981711312,1.5392767295090548,Medium,0.08026954317504248,0.30852197864573827,6,2172,0.0027987705919449678
Post_2174,TikTok,#Viral,Post,Japan,-1.5325630187690191,1.218462536654224,0.8968801954978479,1.7392336603976768,High,0.5805033434451824,0.0,6,2173,0.002790224727542083
Post_2175,Twitter,#Viral,Shorts,Brazil,-1.4151554606609045,-0.02257267098016483,-0.5440014449803555,1.7376933759160418,Medium,-0.06100905017634578,0.0,6,2174,0.0027816788631391948
Post_2176,TikTok,#Dance,Shorts,Japan,0.6033598901634213,1.003033374079577,-0.91577416330705,-1.6222971949088392,Low,-0.2329195234932227,0.47210135882387605,6,2175,0.00277313299873631
Post_2177,Twitter,#Viral,Video,Canada,0.3288872256044481,1.346581018494141,-1.650304842699764,0.7915386266062243,High,0.20417550700126236,0.28434191955003424,6,2176,0.0027645871343334252
Post_2178,Instagram,#Fashion,Live Stream,UK,0.11301623942041787,0.543831294376578,0.38049287882528604,-0.8711984713188052,High,0.04153548532586915,0.10707366286119482,8,2177,0.0027560412699305405
Post_2179,TikTok,#Comedy,Post,Australia,-0.7885800386825873,1.6841356666513219,1.1945736299228884,1.181160587528907,Medium,0.8178224613551325,0.0,7,2178,0.0027474954055276557
Post_2180,Instagram,#Viral,Tweet,Canada,1.0350641743613387,-0.40960937609714937,-1.6245336473247807,-1.5688773285684965,Low,-0.641989044407272,0.710527353710028,6,2179,0.0027389495411247675
Post_2181,Twitter,#Music,Shorts,India,1.3895234702738002,-1.443037493728666,-1.5067912834086354,-1.6745268414224639,High,-0.8087080370714913,0.8710939612409453,6,2180,0.0027304036767218827
Post_2182,Instagram,#Music,Live Stream,Canada,0.4485834834994233,1.4695794723176345,-1.4266218772354566,-0.7755608075954658,Medium,-0.07100493225346613,0.3705861710154993,6,2181,0.002721857812318998
Post_2183,YouTube,#Education,Tweet,UK,-1.528718140174985,-0.48574467768371904,1.4596487823512878,-1.37088075974741,High,-0.4814236988137065,0.0,10,2182,0.002713311947916113
Post_2184,Twitter,#Tech,Post,Japan,-0.5125395462456691,-0.6136553099424552,1.0560835613190063,1.5792541131005824,Low,0.3772857045578661,0.0,5,2183,0.0027047660835132284
Post_2185,YouTube,#Fashion,Shorts,UK,-0.19843605768278083,0.2516224965137002,-1.0686465545634594,0.25089877355232404,Low,-0.191140335545054,0.0,8,2184,0.0026962202191103436
Post_2186,YouTube,#Viral,Shorts,UK,-0.4999051011348506,1.5279505630326087,-1.199154090020484,1.7230606733405087,Low,0.3879880113044457,0.0,6,2185,0.0026876743547074554
Post_2187,YouTube,#Music,Tweet,Brazil,0.9901350788747872,1.0678478018111592,0.07887699276773817,-0.6754423162891879,Medium,0.36535438929112407,0.6882025152642888,6,2186,0.0026791284903045706
Post_2188,Twitter,#Dance,Live Stream,Canada,-0.7166888262757964,-0.5563788936883672,1.6151017338922415,-0.08537333396099937,High,0.06416516999176965,0.0,6,2187,0.002670582625901686
Post_2189,YouTube,#Music,Post,Brazil,0.45030823121305436,1.0819538600539709,1.1839417215505654,-0.9029143290542905,Medium,0.45332237094082506,0.3717761070923733,6,2188,0.002662036761498801
Post_2190,TikTok,#Gaming,Post,USA,-0.8041164728944101,1.3439828987293794,-0.5846022601238539,-1.4882924450065904,Medium,-0.38325706982386876,0.0,7,2189,0.0026534908970959163
Post_2191,Instagram,#Comedy,Live Stream,Canada,0.8351448775001604,-0.8051886990006697,1.2696507304678997,1.6146106432472052,High,0.7285543880536489,0.6071234307061273,7,2190,0.0026449450326930316
Post_2192,YouTube,#Fashion,Shorts,UK,-1.2581424324087889,1.2772562548509325,0.9562674895128294,0.35024712261778435,Low,0.33140710864318934,0.0,8,2191,0.0026363991682901433
Post_2193,Twitter,#Tech,Tweet,Australia,-0.30803257121891264,-1.341946385761641,1.5491426130192871,1.409542768396794,High,0.3271766061088819,0.0,5,2192,0.0026278533038872585
Post_2194,TikTok,#Viral,Reel,Japan,0.5001902374958417,0.29082292752442107,-0.05293802656678906,0.187537071012337,Medium,0.23140305236645267,0.4055919250637821,6,2193,0.0026193074394843738
Post_2195,Instagram,#Fitness,Post,Germany,-0.6018680471183998,0.23611691775760382,0.6146357153096133,0.47599034666399065,Low,0.18121873315320197,0.0,8,2194,0.002610761575081489
Post_2196,TikTok,#Challenge,Live Stream,Brazil,-1.2707330221943502,0.6363728562376947,1.5898122431037065,1.658508750973804,Low,0.6534902070302138,0.0,10,2195,0.0026022157106786042
Post_2197,TikTok,#Viral,Reel,Australia,1.0504354658639896,-0.4451377978403407,1.422110232078782,-0.09832572619293042,High,0.48227054347737514,0.718052192964557,6,2196,0.0025936698462757195
Post_2198,Twitter,#Fashion,Tweet,Canada,-1.019061015332382,-0.6761141090873205,0.3969052422349883,1.2939514193431825,Low,-0.0010796157103828974,0.0,8,2197,0.0025851239818728312
Post_2199,TikTok,#Gaming,Live Stream,Brazil,-1.1537016605482076,-1.5039859192502834,-1.0408797259017617,-0.24948364418611493,Low,-0.9870127374715919,0.0,7,2198,0.0025765781174699465
Post_2200,Instagram,#Challenge,Live Stream,Germany,1.0286982998044722,-0.0965671218805711,0.8660166944946971,0.9285539325407598,Medium,0.6816754512398395,0.7073943557533567,10,2199,0.0025680322530670617
Post_2201,YouTube,#Viral,Tweet,India,0.3229139932565251,-0.4940448042922103,1.3363324082205266,-1.0653443289358042,Medium,0.024964317062259267,0.27983687414325176,6,2200,0.002559486388664177
Post_2202,Twitter,#Tech,Live Stream,USA,-0.6456808875292639,1.4088042547803346,1.2508642515964166,-1.5807795268356764,High,0.10830202300295272,0.0,5,2201,0.002550940524261292
Post_2203,Instagram,#Fitness,Post,Germany,1.657858445015136,0.38019131911284243,-1.63554403787217,1.3839180356568657,Low,0.4466059404781685,0.9775207026709113,8,2202,0.0025423946598584074
Post_2204,TikTok,#Gaming,Live Stream,India,-0.03479881959845561,-1.1703873414549126,1.2029346452448122,-0.4059625449340387,Low,-0.1020535151856487,0.0,7,2203,0.002533848795455519
Post_2205,YouTube,#Challenge,Video,Germany,1.057647611150429,0.8433841107745147,1.3396011179142828,1.6495470958079272,High,1.2225449839117883,0.7215633939606559,10,2204,0.0025253029310526344
Post_2206,YouTube,#Tech,Reel,Japan,-1.4494619740828119,0.8019250476482945,0.6457400686059882,-0.6713815662921501,High,-0.1682946060301698,0.0,5,2205,0.0025167570666497496
Post_2207,YouTube,#Music,Live Stream,Germany,-1.3034675963015696,1.5498509805697045,1.0067776561489783,-0.631334169769639,Low,0.15545671766186855,0.0,6,2206,0.002508211202246865
Post_2208,YouTube,#Dance,Post,Australia,-0.9992432049923242,-0.3075690883760648,0.14108569936048818,-1.601853419061683,Medium,-0.6918950032673961,0.0,6,2207,0.00249966533784398
Post_2209,TikTok,#Education,Live Stream,Japan,-0.2603001611131856,-0.8409803968800235,0.913980708316762,0.27624345456831884,Medium,0.022235901222967966,0.0,10,2208,0.002491119473441092
Post_2210,YouTube,#Education,Reel,Brazil,1.6553861010537607,-0.18650363565755365,0.9066175096381954,0.23129515287696892,Medium,0.6516987819778429,0.9765900682465493,10,2209,0.002482573609038207
Post_2211,Twitter,#Fitness,Post,USA,0.18016216858648756,-0.5833231277287867,-0.41789806574228644,-0.9398111436825481,Low,-0.44021754214178344,0.16565186004029583,8,2210,0.0024740277446353223
Post_2212,TikTok,#Comedy,Video,Brazil,1.6174800247634769,1.0966903953596978,-0.9095808186241435,0.6047441267424837,High,0.6023334320603787,0.9622120323154706,7,2211,0.0024654818802324376
Post_2213,YouTube,#Challenge,Live Stream,Germany,0.32517870966238555,-1.6803601455210364,0.17177716301133608,1.0536670402081156,High,-0.03243430815979981,0.281547325560236,10,2212,0.002456936015829553
Post_2214,Instagram,#Challenge,Post,Brazil,-1.530184552613273,0.18029544857178237,0.2554217237010348,-0.2775588295104628,Low,-0.34300655246272965,0.0,10,2213,0.002448390151426668
Post_2215,Instagram,#Fashion,Video,UK,-0.9305856375837952,-0.6436410761874887,0.19531187280638088,-0.6469470533789397,High,-0.5064654735859606,0.0,8,2214,0.00243984428702378
Post_2216,YouTube,#Gaming,Shorts,Japan,0.23138518848690537,-0.790673869914869,0.9667273605328492,-1.1568512297311224,High,-0.1873531376565592,0.2081397052326914,7,2215,0.002431298422620895
Post_2217,Twitter,#Education,Tweet,Canada,0.8134193605114144,-0.11828740311397687,-1.2931208918483603,-0.915936734217205,Low,-0.378481417167032,0.5952142125329317,10,2216,0.0024227525582180102
Post_2218,Instagram,#Comedy,Video,Australia,-1.5624216428746058,0.2912524833255283,-0.011098542486709417,-0.13662279944085629,Low,-0.35472262536916077,0.0,7,2217,0.0024142066938151255
Post_2219,Twitter,#Education,Tweet,Canada,-1.5887656738045015,-0.5770737836546138,0.3599516189603127,1.679302591475877,Low,-0.03164631175573135,0.0,10,2218,0.0024056608294122407
Post_2220,Instagram,#Viral,Video,India,-1.3545474011554444,0.781140089530203,-0.07107076349952095,0.5194683768046889,High,-0.03125242458001834,0.0,6,2219,0.002397114965009356
Post_2221,Instagram,#Fitness,Tweet,Brazil,0.19336878864402116,0.4565621835580838,1.550656541719553,-0.4843070147044757,High,0.4290701248042955,0.17678022245733932,8,2220,0.0023885691006064677
Post_2222,Instagram,#Music,Video,Brazil,0.7604626847844226,0.5563715524411599,-0.1981031444400259,1.2656661952258843,Medium,0.5960993220028602,0.5655766635828389,6,2221,0.002380023236203583
Post_2223,YouTube,#Comedy,Tweet,Australia,-1.0475751996230522,-0.49047671981527124,-1.0427377293066338,-0.9851795229597985,Medium,-0.891492292926189,0.0,7,2222,0.002371477371800698
Post_2224,YouTube,#Tech,Shorts,UK,1.3837482721289918,1.7007844181039133,-1.4568316362998561,1.220297815948634,Low,0.7119997174704207,0.8686741530781092,5,2223,0.0023629315073978134
Post_2225,Instagram,#Gaming,Live Stream,USA,0.40630832043039,-0.5827411489014802,-0.5580052854578164,0.8939675446349548,High,0.03988235767651205,0.34096805841669603,7,2224,0.0023543856429949286
Post_2226,TikTok,#Education,Post,Brazil,0.33242648740059616,1.5212578065185831,1.0644789841113906,-0.9401612083374652,Low,0.49450051742327616,0.28700170660586694,10,2225,0.002345839778592044
Post_2227,Instagram,#Education,Video,Canada,-1.2658177995682574,-1.401211229675693,0.7849182866190821,-1.421640134710383,High,-0.8259377193338129,0.0,10,2226,0.0023372939141891556
Post_2228,YouTube,#Music,Post,UK,0.14884055823989886,0.7426394187761245,1.375935406720668,-0.04217535554423474,Medium,0.5563100070481141,0.13875322356318404,6,2227,0.002328748049786271
Post_2229,Twitter,#Gaming,Post,USA,1.1761604605029166,-0.8558000720182228,-1.0739797124848511,-0.22196856230963438,Low,-0.24389697157744794,0.7775620673149026,7,2228,0.002320202185383386
Post_2230,TikTok,#Education,Reel,Australia,0.6103986698672029,-0.281158334927343,1.1145074461610913,-0.05421757967338144,High,0.3473825503568924,0.4764817693788729,10,2229,0.0023116563209805013
Post_2231,TikTok,#Music,Tweet,Germany,1.5794807559070212,-0.10642612034791923,-0.107817941951433,1.095604785867179,Low,0.6152103698687119,0.9475881212781584,6,2230,0.0023031104565776166
Post_2232,YouTube,#Fitness,Video,Brazil,0.601248667395961,0.22513553155187874,0.9532740395827579,0.5560151267780296,Medium,0.5839183413271567,0.47078374200111384,8,2231,0.002294564592174732
Post_2233,TikTok,#Viral,Reel,UK,-1.6897192620676778,-1.0141121696843542,-0.43286531539264383,-0.593877251693514,Low,-0.9326434997095474,0.0,6,2232,0.0022860187277718436
Post_2234,YouTube,#Music,Post,USA,0.7394943573958205,1.37552753683327,0.6405101330959783,0.38812411827980975,Low,0.7859140364012196,0.5535944717965046,6,2233,0.002277472863368959
Post_2235,Instagram,#Comedy,Shorts,Germany,-1.583795632021837,-0.6521421240577882,1.239268934051197,-0.9258785704168493,Low,-0.4806368481113193,0.0,7,2234,0.002268926998966074
Post_2236,Twitter,#Education,Reel,India,0.6075535556411417,-0.25118642532105484,-0.4305944223422448,-1.2765733417127554,High,-0.33770015843372836,0.4747134926811327,10,2235,0.0022603811345631893
Post_2237,Twitter,#Fashion,Post,Germany,1.0168977911129977,1.2236310629062561,0.2032599984827776,-1.3702506433685593,Low,0.268384552283368,0.7015605839712111,8,2236,0.0022518352701603045
Post_2238,TikTok,#Challenge,Shorts,Japan,1.4933118941711807,-1.2853766580835682,-0.8627522513272781,-1.1523704021481842,Low,-0.45179685434696243,0.9136119046868618,10,2237,0.0022432894057574197
Post_2239,YouTube,#Challenge,Post,Canada,-1.0645156894825627,1.086117779996962,0.12470774342124646,1.7309021216106508,Medium,0.4693029888865741,0.0,10,2238,0.0022347435413545315
Post_2240,TikTok,#Gaming,Post,Australia,-0.5648240020652028,-0.1594416201877983,0.11218342417359105,0.9417863764966246,Medium,0.08242604460430364,0.0,7,2239,0.0022261976769516467
Post_2241,TikTok,#Comedy,Tweet,Canada,-0.19869233723975263,1.3183619736891452,-1.468977473372445,-0.6381254240750298,Low,-0.24685831524952057,0.0,7,2240,0.002217651812548762
Post_2242,Twitter,#Fitness,Live Stream,UK,-0.46472901884182766,0.7275772524598808,-0.9011165808908379,0.7488307387063436,High,0.02764059785838971,0.0,8,2241,0.002209105948145877
Post_2243,Twitter,#Tech,Video,India,0.10999707437224202,1.6396558562786059,0.7236041742583075,-0.6363050878694612,Low,0.45923800425992356,0.10435737962008643,5,2242,0.0022005600837429924
Post_2244,YouTube,#Viral,Post,Germany,-0.46463788199402756,-0.9548334691315568,-0.957923314621275,0.6481521439521984,Low,-0.4323106304486652,0.0,6,2243,0.002192014219340104
Post_2245,TikTok,#Challenge,Tweet,India,1.3911392649137455,1.0797160128965897,-0.6051779274592877,0.06816502368562112,Medium,0.4834605935091671,0.8717699322478849,10,2244,0.0021834683549372194
Post_2246,Twitter,#Fitness,Tweet,India,1.6807838162933408,-0.33486666670449183,-0.3657363405240292,0.41934988549841107,High,0.34988267364080766,0.9861092205282849,8,2245,0.0021749224905343346
Post_2247,YouTube,#Fashion,Post,Brazil,-1.212758337922694,-1.365606596419402,-0.21860999683453863,1.175349514257284,Low,-0.4054063542298376,0.0,8,2246,0.00216637662613145
Post_2248,Twitter,#Tech,Tweet,Canada,1.4083682405847135,0.20314504586293777,0.6578170907376559,1.6585787639047873,Low,0.9819772852725236,0.8789494395857786,5,2247,0.002157830761728565
Post_2249,Twitter,#Viral,Tweet,Australia,0.5483988890242837,0.19004359392916734,1.415538405220809,0.40639749326648,Low,0.6400945953601851,0.4372214222219276,6,2248,0.0021492848973256803
Post_2250,YouTube,#Challenge,Post,Australia,-0.9336418055626569,-1.230622150081142,1.0967187839329653,1.1096773849948445,Medium,0.010533053321002739,0.0,10,2249,0.002140739032922792
Post_2251,TikTok,#Comedy,Tweet,Australia,-1.0276710491113945,1.2780045133431839,-0.011717876955000069,1.5646214105250495,Low,0.4508092494504597,0.0,7,2250,0.0021321931685199073
Post_2252,TikTok,#Fashion,Shorts,USA,1.3481021155683681,-0.39103455185894814,-1.6819597155235084,-0.525054540536821,Medium,-0.3124866730877274,0.8536073914666621,8,2251,0.0021236473041170226
Post_2253,YouTube,#Music,Video,USA,0.9676790966247258,0.9319003190800943,-0.5549774280572842,-0.28491018726372097,Medium,0.2649229500959537,0.6768547246760594,6,2252,0.002115101439714138
Post_2254,TikTok,#Education,Tweet,Japan,-1.6833746299339827,-0.023438710901751984,1.6308947628336532,-1.1908775141890602,Medium,-0.3166990230477854,0.0,10,2253,0.002106555575311253
Post_2255,YouTube,#Comedy,Reel,Japan,-0.7449302852625235,-0.3768869236999004,1.4056978686690798,-1.684608703484075,High,-0.3501820109443548,0.0,7,2254,0.0020980097109083683
Post_2256,TikTok,#Dance,Tweet,Brazil,0.7677968026942333,-1.5326968747307408,-1.5242358709321555,-1.1588816047296413,Medium,-0.8620043869245761,0.5697340270076147,6,2255,0.00208946384650548
Post_2257,Twitter,#Viral,Tweet,USA,-0.21984499404232644,0.6735017197559791,0.7651339911042419,1.5877956906805586,High,0.7016466018746133,0.0,6,2256,0.0020809179821025953
Post_2258,YouTube,#Fashion,Reel,UK,0.6977392910747594,0.6990117916862502,-0.06429249181878437,0.39463532086126696,High,0.43177347795087306,0.5292975372756334,8,2257,0.0020723721176997105
Post_2259,Instagram,#Fitness,Post,UK,0.5771803167032401,-0.3607508678808886,1.568617241299982,-1.6323790569704504,Low,0.03816690828797076,0.45563864304442425,8,2258,0.0020638262532968257
Post_2260,TikTok,#Music,Live Stream,Australia,-0.480553938865108,-0.3835796802139259,-1.1469579573317663,1.3771267813514747,High,-0.15849119876483142,0.0,6,2259,0.002055280388893941
Post_2261,YouTube,#Tech,Post,USA,-0.9110802964361953,-0.41943373296763403,0.8117217061078832,0.12025464433727895,Low,-0.0996344197396668,0.0,5,2260,0.002046734524491056
Post_2262,Instagram,#Music,Post,USA,0.8849336912167762,-1.4687277019626273,-1.1966079372064002,0.45764695874633693,Low,-0.33068874730147857,0.633892643207918,6,2261,0.002038188660088168
Post_2263,YouTube,#Education,Shorts,Germany,1.480661003313391,-0.33273967265707377,-0.8414196196417111,1.2786185874578153,Low,0.3962800746181053,0.908525058257232,10,2262,0.002029642795685283
Post_2264,TikTok,#Comedy,Shorts,UK,1.2974094710077797,-0.3133057368166581,0.5162303497923206,0.5980928982990595,Low,0.5246067455706255,0.8317821712103445,7,2263,0.0020210969312823984
Post_2265,Instagram,#Education,Live Stream,Canada,1.241666611648041,0.16231645979963308,0.32358292268346717,0.9191721997889827,High,0.661684548480031,0.807219612276168,10,2264,0.0020125510668795137
Post_2266,YouTube,#Comedy,Tweet,Brazil,0.531352872288373,0.02442904764421308,0.8994263483119317,0.6328893249978149,Low,0.5220243983105832,0.4261515749569081,7,2265,0.002004005202476629
Post_2267,Twitter,#Music,Live Stream,Brazil,1.186984502967961,0.16513628578432085,1.4131986972294888,0.3909946484501296,Medium,0.7890785336079751,0.7825236556923697,6,2266,0.001995459338073744
Post_2268,TikTok,#Tech,Tweet,Australia,-0.20911757034073933,1.4522586738858916,1.1270317654087467,-1.070105208242676,High,0.3250169151778058,0.0,5,2267,0.001986913473670856
Post_2269,YouTube,#Fashion,Post,Brazil,-1.1813894460535623,-1.684191506134138,-0.7443561454723816,-0.4042122216594534,Low,-1.0035373298298838,0.0,8,2268,0.001978367609267971
Post_2270,TikTok,#Comedy,Live Stream,India,-1.132050149420833,-0.04962082981117476,-1.117401940206118,-0.15328587701490812,Low,-0.6130896991132584,0.0,7,2269,0.0019698217448650863
Post_2271,Twitter,#Music,Live Stream,USA,-1.136984558751726,0.8937322076559053,0.7999887586808213,0.6853990232353732,Low,0.31053385770509345,0.0,6,2270,0.0019612758804622016
Post_2272,YouTube,#Challenge,Post,Brazil,1.672815851885672,0.44751379845734124,1.4003303032772274,0.6079647215677205,Low,1.0321561687969902,0.9831325428590721,10,2271,0.0019527300160593168
Post_2273,Instagram,#Dance,Post,India,0.07965741216774047,1.704179294596535,-0.44838308457037074,-1.479890893288581,High,-0.03610931777366905,0.07664377985829514,6,2272,0.001944184151656432
Post_2274,Twitter,#Fitness,Post,Canada,1.0618440175859778,-1.6637252507071905,-1.3208189055691368,-0.01844097194085838,Medium,-0.485285277657802,0.7236007365578835,8,2273,0.0019356382872535438
Post_2275,TikTok,#Challenge,Post,USA,-1.254555203850641,-1.3744055620227273,-1.417056600447412,1.4126933502910475,Medium,-0.6583310040074333,0.0,10,2274,0.001927092422850659
Post_2276,YouTube,#Education,Tweet,Canada,-1.5478219310006986,-0.19194929468449365,0.29763968995618095,-0.368715665650864,Low,-0.45271180034496883,0.0,10,2275,0.0019185465584477743
Post_2277,YouTube,#Fashion,Shorts,Germany,-1.0160041621140632,-0.714088227569074,1.1933693684567677,0.860291324831934,High,0.08089207590139111,0.0,8,2276,0.0019100006940448895
Post_2278,TikTok,#Gaming,Video,Canada,-1.051960732148773,0.7095566937714953,-0.8266588148141172,0.6783277172060487,High,-0.1226837839963365,0.0,7,2277,0.0019014548296420047
Post_2279,Twitter,#Gaming,Post,UK,-1.6356607212935987,-0.5254993742442557,1.4271337227660283,0.14433909259557237,Low,-0.1474218200440635,0.0,7,2278,0.0018929089652391165
Post_2280,Instagram,#Music,Shorts,Japan,0.154304657671164,-1.6746373537191885,0.4881882613669384,-1.436132811423949,High,-0.6170693115262589,0.1434981346918067,6,2279,0.0018843631008362317
Post_2281,Instagram,#Dance,Post,Canada,1.0466522588210985,1.4143469102784925,-1.557335857515245,-0.915936734217205,Medium,-0.0030683556582147553,0.7162054138022045,6,2280,0.001875817236433347
Post_2282,Twitter,#Music,Reel,India,-0.5656236765116897,0.6021746718140611,1.110068882471675,-1.0062534151858051,High,0.035091615647060315,0.0,6,2281,0.0018672713720304622
Post_2283,YouTube,#Fashion,Tweet,Brazil,0.06557437084451986,0.9969295247122304,1.4257230164771442,0.17143409688615247,High,0.6649152522300118,0.06351396913010117,8,2282,0.0018587255076275774
Post_2284,TikTok,#Challenge,Tweet,Japan,0.14588580570069454,-0.6038240247525978,-0.7992360608570256,1.0635388634767766,High,-0.04840885410803808,0.13617796734212445,10,2283,0.0018501796432246927
Post_2285,YouTube,#Education,Live Stream,India,-0.21384435211611766,-1.2011837210665517,0.7671640318614168,-0.646667001655006,High,-0.32363276074406466,0.0,10,2284,0.0018416337788218044
Post_2286,TikTok,#Fashion,Shorts,UK,1.5889329489788635,1.4686787907991838,0.6817646901782279,1.1532254280665262,Medium,1.2231504645057003,0.9512458020094896,8,2285,0.0018330879144189197
Post_2287,Twitter,#Education,Live Stream,USA,0.16661909595549632,-0.7489307456943682,1.6281077577263452,0.8222042903769584,High,0.46700009959110794,0.15410990410065079,10,2286,0.001824542050016035
Post_2288,Instagram,#Fitness,Video,Australia,0.3372019211774317,-0.7239749393139129,1.6942045084811421,-0.1271710537580958,Medium,0.2950651091466413,0.29057931227937006,8,2287,0.0018159961856131501
Post_2289,TikTok,#Education,Live Stream,UK,0.4235818366660724,-1.441527120105418,1.6900412045554105,-1.077736617719868,Medium,-0.10141017415095077,0.35317611583836306,10,2288,0.0018074503212102654
Post_2290,YouTube,#Viral,Video,Canada,-0.9011443243076093,-0.4252743061988178,0.7631039503470669,-1.0384593634381742,Low,-0.40044351089938357,0.0,6,2289,0.0017989044568073806
Post_2291,Twitter,#Music,Shorts,Brazil,-0.44125614123736473,-1.3310897093046243,-1.0555029008475132,-1.2300847555397705,High,-1.014483376732318,0.0,6,2290,0.0017903585924044924
Post_2292,TikTok,#Education,Reel,Japan,-0.93098513218731,-0.7259010120995227,1.436114072556243,-0.17877058389286976,Medium,-0.09988566390586491,0.0,10,2291,0.0017818127280016076
Post_2293,TikTok,#Music,Post,Japan,0.5341534459497199,0.02753986304255413,0.6609137630791092,-0.315575851034455,High,0.22675780525923206,0.42797872789658725,6,2292,0.0017732668635987228
Post_2294,Twitter,#Fitness,Live Stream,Japan,1.0702985020082187,-0.36711106506502467,-1.242060205684842,0.7324477128562255,High,0.048393736028644385,0.727692800749604,8,2293,0.001764720999195838
Post_2295,Twitter,#Dance,Tweet,UK,0.8833336570843453,-1.2182828132783683,0.754502082731919,0.1717141486100861,High,0.1478167687869955,0.6330434283934173,6,2294,0.0017561751347929533
Post_2296,YouTube,#Education,Tweet,USA,0.20888055423538673,-0.9293788237562672,0.4709845261366425,-0.16294766149061884,Medium,-0.10311535121871421,0.18969476959340584,10,2295,0.0017476292703900685
Post_2297,TikTok,#Dance,Post,Germany,-1.3552086572315882,-1.2919724181263759,-1.451292033555701,-1.3161306477183825,High,-1.3536509391580118,0.0,6,2296,0.0017390834059871803
Post_2298,Twitter,#Viral,Video,Brazil,0.18123114213963198,-0.4184706965748291,0.4181002440387129,1.30375322968086,High,0.3711534798210939,0.16655723537214678,6,2297,0.0017305375415842955
Post_2299,Instagram,#Comedy,Post,Australia,0.6670707139308287,-0.7190142626430617,-0.7887073748960844,1.642195738054669,Medium,0.2003862036115879,0.5110680227434818,7,2298,0.0017219916771814107
Post_2300,Instagram,#Comedy,Live Stream,India,-0.641627696140258,-0.13143735328335618,1.4514942118521275,0.13992827794361748,Medium,0.2045893600930327,0.0,7,2299,0.001713445812778526
Post_2301,Instagram,#Comedy,Video,Australia,-0.5415361391141686,0.3919348204495642,1.2176266351314848,1.4338372554480376,High,0.6254656429787295,0.0,7,2300,0.0017048999483756412
Post_2302,Instagram,#Challenge,Tweet,India,-0.2912092573065737,1.3097154311120192,1.4624357874585956,0.16198235120339197,Low,0.6607310781168583,0.0,10,2301,0.0016963540839727564
Post_2303,Twitter,#Fashion,Video,USA,0.8387088079167657,-0.16555239787451725,-1.7137178107586346,0.626098070692424,Medium,-0.10361583250599055,0.609063590461919,8,2302,0.0016878082195698682
Post_2304,YouTube,#Comedy,Live Stream,USA,0.6421177190989351,-0.9359745837990749,-0.265954676188313,1.4883773286841149,Medium,0.23214144694891553,0.4959867009689381,7,2303,0.0016792623551669834
Post_2305,TikTok,#Fashion,Shorts,Germany,1.1787506656509203,-0.1990023238058994,0.2347428339542191,-1.4556664191683208,High,-0.0602938108422702,0.7787516233716891,8,2304,0.0016707164907640987
Post_2306,Twitter,#Education,Shorts,UK,1.5437941702184261,1.6318684253036941,1.3048151652786246,-1.0795569539254366,Low,0.8502302017188272,0.9336567342716438,10,2305,0.001662170626361214
Post_2307,YouTube,#Music,Shorts,Australia,0.7542304319216991,-1.2928246014092177,-1.596870041074465,0.17325443309172114,High,-0.4905524443675656,0.5620302604189289,6,2306,0.0016536247619583291
Post_2308,TikTok,#Education,Live Stream,Japan,-1.0194173398500967,-1.0750328819284807,-0.4880204905409725,-0.8673477601147177,Medium,-0.8624546181085668,0.0,10,2307,0.001645078897555441
Post_2309,YouTube,#Education,Video,Canada,0.2781164637457452,-0.3488410868792221,1.3906618040778012,0.511976993189464,High,0.4579785435334471,0.24538748149479142,10,2308,0.0016365330331525561
Post_2310,YouTube,#Tech,Live Stream,Canada,-1.4811741709199726,0.57710108400427,0.4142466073471266,1.7304820440247504,High,0.3101638911140436,0.0,5,2309,0.0016279871687496714
Post_2311,Instagram,#Gaming,Shorts,Canada,-0.9652080463954459,0.013551586229078453,-0.5744176488675187,0.4429442432398206,Low,-0.27078246644851633,0.0,7,2310,0.0016194413043467866
Post_2312,Twitter,#Music,Tweet,Canada,1.1011486676082924,-0.7947061517897788,1.316995409821674,-1.459447117441425,Medium,0.040997702049690665,0.7424841797632206,6,2311,0.0016108954399439018
Post_2313,Twitter,#Tech,Reel,Germany,0.0258167775410331,0.9406300014896928,-1.46636250561744,-1.459797182096342,Low,-0.48992822717076406,0.025489151406674515,5,2312,0.001602349575541017
Post_2314,Twitter,#Gaming,Tweet,Australia,0.7315627106793803,0.29403766771335255,0.8312307418590387,0.13250690725937592,Medium,0.4973345068777868,0.549024301749623,7,2313,0.0015938037111381288
Post_2315,YouTube,#Gaming,Reel,USA,0.12229164071231716,1.3625161530513445,-1.0083646663165025,-0.42990696733036526,Low,0.011634040029198489,0.1153727026583441,7,2314,0.001585257846735244
Post_2316,TikTok,#Challenge,Video,Australia,1.5259471085571141,-1.7124174792585065,-1.4121019247010869,0.7880379800570538,High,-0.20263357883635635,0.9266160848955853,10,2315,0.0015767119823323593
Post_2317,TikTok,#Education,Live Stream,UK,-0.9772792246724921,1.2268873730114238,-0.21272631938577743,0.5784192646927211,High,0.15382527341146884,0.0,10,2316,0.0015681661179294745
Post_2318,YouTube,#Comedy,Reel,USA,-0.46145425947613716,1.215996054957544,1.1625058674536168,0.8553204067321118,Low,0.6930920174167838,0.0,7,2317,0.0015596202535265898
Post_2319,YouTube,#Fitness,Shorts,Australia,0.3935080473709427,-1.6560071029260057,-1.2005303888389078,-1.670256052632476,Low,-1.0333213742566119,0.33182434285748785,8,2318,0.001551074389123705
Post_2320,Instagram,#Challenge,Reel,Canada,0.40350295009284304,-1.2559659423464686,-1.4660184309128341,-0.6791530016313088,Medium,-0.749408606199442,0.3389712187718789,10,2319,0.0015425285247208168
Post_2321,Instagram,#Fashion,Reel,Japan,-0.37514629413049655,-0.6139393710367358,1.6618614862481857,1.064799096234478,High,0.43439372932885784,0.0,8,2320,0.001533982660317932
Post_2322,TikTok,#Education,Tweet,USA,0.02348559290782969,-0.4032976771486222,-0.2851884521757838,-0.9190873161114584,High,-0.39602196313200866,0.02321404972099463,10,2321,0.0015254367959150472
Post_2323,YouTube,#Music,Video,Australia,0.6649218029932256,-0.8378072266073281,0.8685284398383203,1.511551608839624,Low,0.5517986562659605,0.5097781571602752,6,2322,0.0015168909315121624
Post_2324,TikTok,#Education,Live Stream,Canada,0.34215894341041037,0.9030577255315558,0.4211625089097055,0.049051493527149895,High,0.4288576678447054,0.2942794692489733,10,2323,0.0015083450671092777
Post_2325,TikTok,#Tech,Reel,Australia,0.5848597952994513,0.8688387561498043,-0.8959898677922097,0.17073396757631834,Medium,0.1821106628083411,0.460495946192352,5,2324,0.001499799202706393
Post_2326,Instagram,#Challenge,Reel,Australia,-1.1407451528925314,-0.0751724716576821,0.003008520402133227,-1.572167936324717,High,-0.6962692601181992,0.0,10,2325,0.0014912533383035047
Post_2327,Instagram,#Education,Video,Japan,0.9910450768738743,-0.284934268985463,0.4306245632863683,0.5963425750244743,Low,0.43326948654981345,0.6886596651441409,10,2326,0.00148270747390062
Post_2328,YouTube,#Gaming,Shorts,India,0.6010526889112179,-0.636608832024201,-1.695894741060048,0.5125370966373313,High,-0.304728446883925,0.47066134347381616,7,2327,0.0014741616094977351
Post_2329,YouTube,#Challenge,Live Stream,Germany,-1.196158412073384,-0.15191746534904915,-0.9209696913465993,-0.7792014800066032,Low,-0.762061762193909,0.0,10,2328,0.0014656157450948504
Post_2330,YouTube,#Education,Tweet,India,1.3743502129742637,0.470515818774696,-0.3482917530005092,-1.6742467896985302,High,-0.04441812773751991,0.8647238055156391,10,2329,0.0014570698806919656
Post_2331,Instagram,#Viral,Shorts,Canada,1.351015753740144,0.011230599239224887,0.19434846363348432,0.4145890061915391,Low,0.4927959557010981,0.8548474704032588,6,2330,0.0014485240162890808
Post_2332,Instagram,#Comedy,Reel,Brazil,0.7613548665576239,1.6589789390090584,1.0342348175765306,-0.9608850359085549,Medium,0.6234208968086644,0.5660833234420056,7,2331,0.0014399781518861926
Post_2333,Instagram,#Fitness,Reel,Germany,-0.17090382153419767,1.4769234908526936,0.7436637295368326,-0.24626304936087803,Medium,0.4508550873736127,0.0,8,2332,0.0014314322874833078
Post_2334,Twitter,#Challenge,Post,Japan,1.6280683448552637,0.4726150995446233,1.4677345379095268,-1.4177194105753121,Medium,0.5376746429335255,0.9662491066979261,10,2333,0.001422886423080423
Post_2335,Twitter,#Tech,Reel,UK,-1.604472732641153,-0.14172590755181155,-0.42223340702032097,-0.6810433507678608,High,-0.7123688494952866,0.0,5,2334,0.0014143405586775383
Post_2336,TikTok,#Challenge,Reel,Germany,-0.06303411143006836,0.6467791919354858,0.25610987311024663,-0.025162213315265844,Low,0.20367318507509957,0.0,10,2335,0.0014057946942746535
Post_2337,Twitter,#Challenge,Shorts,USA,-0.5063415553558028,-1.0034702711278913,0.6690683335782696,-0.7575674843327291,Low,-0.3995777443095384,0.0,10,2336,0.0013972488298717653
Post_2338,YouTube,#Fitness,Reel,India,0.9888680711185283,-0.2179166356933628,-0.5874236727016223,1.0809720832916458,Low,0.3161249615037972,0.6875656684203333,8,2337,0.0013887029654688805
Post_2339,Instagram,#Tech,Post,USA,1.538550032652904,-1.5302303930340604,0.748343145519473,0.9631403204465648,High,0.42995077639622037,0.9315930647454145,5,2338,0.0013801571010659958
Post_2340,TikTok,#Dance,Shorts,Canada,0.9163217697907078,0.6283152208072478,-1.1134794885736106,1.2604152254021286,Low,0.4228931818566184,0.6504076037527377,6,2339,0.001371611236663111
Post_2341,Twitter,#Fashion,Post,UK,1.3029496320187879,-0.5143032101379771,-1.2521415945297956,0.9395459627051553,Medium,0.11901269751404264,0.8341907500039806,8,2340,0.0013630653722602262
Post_2342,Twitter,#Viral,Tweet,India,0.5050369361762201,-1.0374190360541076,-1.5190403428926063,0.5681273638381596,High,-0.3708237697330835,0.4088174402094623,6,2341,0.0013545195078573415
Post_2343,YouTube,#Fitness,Reel,Japan,-0.11623473240380337,-1.51545921613147,-0.48667859919300943,-0.7678593851872906,High,-0.7215579832288933,0.0,8,2342,0.0013459736434544532
Post_2344,YouTube,#Fitness,Shorts,Canada,0.49805571658683856,0.783565001310647,-0.798100614331826,1.0202708721290286,Low,0.37594774392367203,0.404168078386552,8,2343,0.0013374277790515685
Post_2345,Instagram,#Challenge,Video,Canada,-1.4635820183367183,0.35526322600987786,0.7665791048635867,-0.25844529935199156,Medium,-0.15004624670381134,0.0,10,2344,0.0013288819146486837
Post_2346,YouTube,#Fitness,Live Stream,Canada,0.05932430175591071,-0.8855156338077211,0.6603288360812792,-1.192557824532662,Low,-0.33960508012579826,0.05763125369192444,8,2345,0.001320336050245799
Post_2347,TikTok,#Challenge,Shorts,Japan,0.12852869025124056,0.8136131224300348,-0.7912879351806288,-0.07781193741479098,Medium,0.018260485021463907,0.12091474030296381,10,2346,0.0013117901858429142
Post_2348,YouTube,#Viral,Video,Brazil,-0.8768683460593737,-0.6528973108694122,0.24430811074226363,0.3498970579628673,High,-0.23389012205591375,0.0,6,2347,0.0013032443214400294
Post_2349,Twitter,#Fitness,Live Stream,India,-0.2732011643728331,-0.8899081882900112,0.5177786859630473,-1.34070518649356,Medium,-0.4965089632983392,0.0,8,2348,0.0012946984570371411
Post_2350,Twitter,#Fashion,Shorts,USA,-0.7086283545414132,0.3362727026093148,1.1536631475452448,-1.3515571907959887,Medium,-0.14256242379571055,0.0,8,2349,0.0012861525926342564
Post_2351,YouTube,#Challenge,Reel,USA,1.1116287198658508,-1.4178530528089117,0.1695406774313976,1.4759150269690677,Medium,0.3348078428643511,0.7474595548721087,10,2350,0.0012776067282313716
Post_2352,TikTok,#Gaming,Post,India,-1.5056618881604655,1.264092448042808,0.1485865279208972,-0.45630184231111126,Low,-0.1373211886269679,0.0,7,2351,0.0012690608638284868
Post_2353,YouTube,#Fitness,Reel,USA,-1.6974549302993749,1.545811770375422,-1.5955281497265017,1.7571569707294301,Low,0.002496415269743868,0.0,8,2352,0.001260514999425602
Post_2354,Instagram,#Education,Shorts,Australia,-1.6024649810317215,0.44458311936269035,1.2617714197324241,-1.461967582956828,Low,-0.33951950622335875,0.0,10,2353,0.0012519691350227173
Post_2355,Instagram,#Music,Reel,Canada,-1.4114030893935847,-1.1705120512036211,-1.1567984938834956,0.7304173378577065,High,-0.7520740741557488,0.0,6,2354,0.001243423270619829
Post_2356,Twitter,#Tech,Reel,Japan,-1.0916141690547738,-0.5476699962368868,-0.11996377902402192,-1.4485951131389962,Medium,-0.8019607643636697,0.0,5,2355,0.0012348774062169443
Post_2357,Twitter,#Gaming,Post,UK,-0.27614700879909454,1.551922548062141,-1.5910895860370855,0.6912801094379797,Medium,0.09399151566598518,0.0,7,2356,0.0012263315418140595
Post_2358,Twitter,#Fashion,Reel,Australia,-0.6177724549187088,1.099066808904533,-0.4249515971867077,-1.5862405354523825,Low,-0.3824744446633165,0.0,8,2357,0.0012177856774111748
Post_2359,Instagram,#Dance,Post,Japan,-0.6350350073230769,0.8806446123608803,1.3154126661804868,0.5987930276088937,Low,0.539953824706796,0.0,6,2358,0.00120923981300829
Post_2360,TikTok,#Dance,Video,India,-1.3091626214298921,-0.6356111540345326,-1.5587121563336686,-0.4385185578413248,Medium,-0.9855011224098545,0.0,6,2359,0.0012006939486054052
Post_2361,YouTube,#Dance,Shorts,Canada,0.7509611544716658,0.8821272727066375,-1.1648154345008135,1.4645029192187717,Low,0.4831939779740654,0.5601648682898769,6,2360,0.001192148084202517
Post_2362,TikTok,#Fashion,Live Stream,Japan,-0.24112236442610044,-0.730930971964101,1.5638346029059598,-1.1348671694023313,Medium,-0.13577147572164325,0.0,8,2361,0.0011836022197996322
Post_2363,Twitter,#Tech,Live Stream,Australia,0.9548541549448214,1.0304487338373398,-1.3429085016048368,-0.8947928290602148,Medium,-0.06309961047072263,0.67031558960329,5,2362,0.0011750563553967475
Post_2364,Instagram,#Dance,Reel,Canada,0.5284639027370545,1.4312242962703827,-0.730661972229066,0.16275249344420947,High,0.3479446800556451,0.42426324593449555,6,2363,0.0011665104909938627
Post_2365,Instagram,#Fitness,Video,USA,-0.017487615192630278,-0.4655070567960705,-0.3511475730487383,1.059548126410722,Medium,0.05635147034332075,0.0,8,2364,0.001157964626590978
Post_2366,TikTok,#Fitness,Tweet,Canada,-0.29082209701328743,0.9227965074243701,1.4421697873573072,0.6276383551740591,Medium,0.6754456382356122,0.0,8,2365,0.0011494187621880932
Post_2367,YouTube,#Challenge,Tweet,Australia,1.2306287744723676,-1.0727118949386272,1.3335454031132188,-0.14901508822492004,Low,0.3356117986055098,0.8022835073751146,10,2366,0.001140872897785205
Post_2368,YouTube,#Comedy,Live Stream,Japan,-1.520887223658745,-1.1544314219395908,0.9683445116444971,-0.18003081665057116,Low,-0.4717512376511024,0.0,7,2367,0.0011323270333823202
Post_2369,Instagram,#Viral,Video,Japan,1.395552207017752,0.6402388584476597,-0.9267845538544394,0.6000532603665951,Low,0.4272649429943918,0.8736137708909734,6,2368,0.0011237811689794354
Post_2370,TikTok,#Education,Tweet,UK,-1.1713013507654904,-0.20271590298966513,-1.102469098026221,-0.6711015145682164,High,-0.7868969665873982,0.0,10,2369,0.0011152353045765506
Post_2371,TikTok,#Gaming,Video,Australia,0.7857212964142024,-0.8951390694163975,0.6513140788206041,1.012359410927903,Low,0.388563929186578,0.5798224212371887,7,2370,0.0011066894401736659
Post_2372,Twitter,#Fashion,Tweet,Canada,1.1700337345165934,-0.10788799573555834,0.514097086623764,1.471014121800229,Low,0.761814236801257,0.7747427132917138,8,2371,0.0010981435757707776
Post_2373,Instagram,#Viral,Reel,UK,0.1235860580468619,0.7890938001700594,0.9549255981648663,1.4651330355976224,High,0.8331846229948525,0.11652540788230835,6,2372,0.0010895977113678929
Post_2374,Twitter,#Fitness,Post,USA,0.308819302862533,-1.4025483953146236,0.819738646725201,1.3437306132723876,High,0.2674350418863745,0.26912543527724875,8,2373,0.001081051846965008
Post_2375,YouTube,#Fitness,Live Stream,Australia,-0.737788034400713,1.4923944280119266,-0.792113714471683,0.45694682943650283,High,0.10485987714400834,0.0,8,2374,0.0010725059825621233
Post_2376,Twitter,#Challenge,Tweet,Canada,0.6476016904744574,1.1132421503410714,-1.2173900493645977,-0.08922404516508699,Low,0.113557436571461,0.4993207096016326,10,2375,0.0010639601181592385
Post_2377,TikTok,#Gaming,Live Stream,Japan,-0.5622790227213704,-1.1948235238824156,1.4205618959080555,-0.33139877343670593,High,-0.16698485603310909,0.0,7,2376,0.0010554142537563538
Post_2378,Twitter,#Gaming,Video,Australia,-0.987091168459335,1.5093410971975438,0.7673704766841803,1.034133432463744,Low,0.5809384594715332,0.0,7,2377,0.0010468683893534655
Post_2379,Twitter,#Comedy,Reel,USA,-0.3174409089654978,1.3652528392035599,-1.270893665930818,-0.028382808140502754,Medium,-0.06286613595831472,0.0,7,2378,0.0010383225249505808
Post_2380,Twitter,#Fashion,Tweet,UK,1.1762502268718025,-0.43658825173443233,-1.6693321738644713,1.3463210917187738,Medium,0.10416272324791814,0.7776033163492179,8,2379,0.001029776660547696
Post_2381,TikTok,#Education,Post,Germany,-0.030783316379592595,-0.7565103270880991,1.2436042753292318,0.11598385554729088,High,0.14307362185220773,0.0,10,2380,0.0010212307961448112
Post_2382,YouTube,#Fashion,Live Stream,UK,-0.6601908330342852,-0.8601371999455313,1.3269047613143246,0.6022936741580642,Low,0.10221760062314311,0.0,8,2381,0.0010126849317419265
Post_2383,Instagram,#Challenge,Tweet,Japan,1.6133028050327278,0.798253038380765,-0.0867949775000114,0.7606629240425401,Low,0.7713559474890054,0.960614863878294,10,2382,0.0010041390673390417
Post_2384,YouTube,#Challenge,Video,India,1.2398541532838956,-1.7231702309249326,1.660829262134368,0.2286346614995993,High,0.3515369614982326,0.8064107536060732,10,2383,0.0009955932029361535
Post_2385,YouTube,#Gaming,Tweet,Brazil,-0.7946190540183962,1.5843747960038548,0.8531483005424357,-1.4568566389950388,High,0.04651185088321386,0.0,7,2384,0.0009870473385332687
Post_2386,Twitter,#Challenge,Post,Brazil,1.3585184405564121,0.9862876261557675,0.027369009488232232,0.9838641480176545,Medium,0.8390098060545166,0.8580336424762566,10,2385,0.000978501474130384
Post_2387,Twitter,#Music,Live Stream,India,-1.5887601918888443,1.5038677248931132,0.7935545617046907,0.26980226491784504,High,0.24461608990670114,0.0,6,2386,0.0009699556097274992
Post_2388,TikTok,#Tech,Reel,UK,-0.26913084199739856,0.33302332082351976,-1.5162877452557588,-0.07403123914168679,Low,-0.3816066263928311,0.0,5,2387,0.0009614097453246144
Post_2389,Instagram,#Music,Reel,Canada,-1.5697920784756452,-0.22783798903506522,0.765374843397466,0.659984329288395,Low,-0.09306772370621239,0.0,6,2388,0.0009528638809217296
Post_2390,TikTok,#Challenge,Live Stream,USA,0.41921754656352317,-1.6076335770658337,1.0714981080853514,0.3771320881154142,Low,0.06505354142461375,0.35010569619708853,10,2389,0.0009443180165188414
Post_2391,Twitter,#Viral,Tweet,Japan,-0.5898928023653537,1.2841222193492756,0.33920391427257585,-0.20390522611591433,High,0.20738202628514588,0.0,6,2390,0.0009357721521159566
Post_2392,TikTok,#Challenge,Video,Japan,-0.3140393803002357,-0.15617838176325793,0.24891871178398292,-0.23912173040057008,High,-0.1151051951700202,0.0,10,2391,0.0009272262877130719
Post_2393,TikTok,#Fitness,Post,India,0.7582363417881622,0.28161519107810645,-1.046935440702826,1.5027299795357143,Low,0.37391151792478927,0.564311228104249,8,2392,0.0009186804233101871
Post_2394,YouTube,#Education,Post,Canada,-1.1024457491538469,-0.9065222981457391,0.39133123202037245,-1.592121621654989,Medium,-0.8024396092335506,0.0,10,2393,0.0009101345589073023
Post_2395,Instagram,#Challenge,Tweet,USA,0.46440018064921784,-1.3900012089306688,-1.6816156408189025,-0.3267779199918008,Medium,-0.7334986472730386,0.3814457256245059,10,2394,0.0009015886945044176
Post_2396,TikTok,#Challenge,Reel,UK,0.9019529836138582,0.39056994153314284,0.18622830060478465,-1.4025266045519118,High,0.019056155299968514,0.642881244371747,10,2395,0.0008930428301015293
Post_2397,Instagram,#Dance,Video,Australia,-1.6378384122884018,-1.4711456854236986,-0.92740388832273,1.3017928676133244,High,-0.6836487796053765,0.0,6,2396,0.0008844969656986446
Post_2398,Instagram,#Comedy,Reel,India,-1.5256660836328662,-0.38423094223495946,0.7332038585168127,0.2849250580102618,Medium,-0.22294202733518775,0.0,7,2397,0.0008759511012957598
Post_2399,Twitter,#Viral,Shorts,USA,-1.1198679623517294,0.015602368763396829,-1.0866072541438883,-1.2283344322651852,Medium,-0.8548018199993516,0.0,6,2398,0.000867405236892875
Post_2400,Instagram,#Music,Tweet,Australia,-1.0017477552081853,-1.3004041828029484,1.0698121420327824,1.1911724366595349,High,-0.010291839829704164,0.0,6,2399,0.0008588593724899903
Post_2401,TikTok,#Challenge,Video,USA,1.1744453061416855,1.2604135104559058,0.8922695944561286,-1.4175793847133453,High,0.4773872565850937,0.7767736003555484,10,2400,0.0008503135080871055
Post_2402,Twitter,#Dance,Post,Germany,1.2075690962605625,-1.1308959210305385,-0.20773723616899162,0.706822980116297,Low,0.14393972979433234,0.7918919536904083,6,2401,0.0008417676436842172
Post_2403,TikTok,#Viral,Video,USA,-1.4235194934748023,0.5779394106483663,-0.8119668249274445,-1.3869837338735946,High,-0.7611326604068688,0.0,6,2402,0.0008332217792813325
Post_2404,Twitter,#Music,Tweet,Japan,0.6474070824686285,-1.0030337870074113,1.105010984313968,1.6428258544335197,Medium,0.5980525335521762,0.49920258669546425,6,2403,0.0008246759148784477
Post_2405,Twitter,#Comedy,Video,UK,-1.5234726321305487,0.6982011783196446,0.783920469975725,1.1270405918787305,Medium,0.27142240201088785,0.0,7,2404,0.000816130050475563
Post_2406,TikTok,#Music,Shorts,India,-1.59365554257068,-1.332911857299644,0.4481723732212701,0.4309720320416573,High,-0.511855748651849,0.0,6,2405,0.0008075841860726782
Post_2407,TikTok,#Comedy,Tweet,India,0.07641897049327859,0.5093906187749001,-1.35240496345196,-0.2858903682974887,Low,-0.2631214356203175,0.07363976373359436,7,2406,0.0007990383216697899
Post_2408,YouTube,#Gaming,Reel,Canada,-0.8633149948365253,0.7947126671813167,0.8927857065130375,1.5194630700407494,Low,0.5859116122246446,0.0,7,2407,0.0007904924572669052
Post_2409,YouTube,#Education,Post,USA,-0.3922176647263215,-0.11187177937485925,-0.8518106757208098,-0.7410444326206441,Low,-0.5242361381106587,0.0,10,2408,0.0007819465928640204
Post_2410,YouTube,#Fashion,Reel,UK,-1.6176635921911724,-0.020563458362082638,-0.3098242010255675,0.38630378207424104,Medium,-0.3904368673761454,0.0,8,2409,0.0007734007284611356
Post_2411,TikTok,#Comedy,Live Stream,Japan,-0.319499368294758,-0.48456686339036054,0.6039349919963692,-1.5211985225687936,Medium,-0.43033244056438574,0.0,7,2410,0.0007648548640582509
Post_2412,Twitter,#Dance,Tweet,USA,-0.22270723925481636,-0.9955234888074075,0.6622212469566118,1.7236207767883762,Medium,0.29190282392069106,0.0,6,2411,0.0007563089996553661
Post_2413,TikTok,#Tech,Live Stream,UK,0.7200458911231634,-0.8008446427539885,-0.9842450295236277,0.5492238724726387,Medium,-0.12895497717045354,0.5423509713549933,5,2412,0.0007477631352524779
Post_2414,Twitter,#Viral,Post,Canada,-0.5406275115939959,-1.3730614680644242,0.8397637945332654,1.6377849234027142,High,0.14096493456938985,0.0,6,2413,0.0007392172708495931
Post_2415,YouTube,#Comedy,Video,Australia,0.06449237774168971,0.02947979246690935,-1.003926102627086,0.32826306228899327,Medium,-0.14542271753237343,0.062498044914008975,7,2414,0.0007306714064467083
Post_2416,Twitter,#Comedy,Tweet,India,-0.17719774594806403,-1.1077830476032204,1.4444750878781667,0.23661613563170816,Low,0.09902760748964759,0.0,7,2415,0.0007221255420438236
Post_2417,TikTok,#Challenge,Video,UK,0.7059039192066284,-1.734096190575676,0.9687229938195636,-0.8952829195770987,High,-0.23868804928164564,0.5340951281438856,10,2416,0.0007135796776409388
Post_2418,YouTube,#Viral,Live Stream,UK,-0.41141601859712107,-1.0583425605596533,-0.42591500635960433,0.07145563144184144,High,-0.4560544885186342,0.0,6,2417,0.000705033813238054
Post_2419,YouTube,#Fashion,Video,Brazil,-1.0342534593367185,1.2800968657937384,0.6591589820856191,1.267486531431453,Low,0.543122229993523,0.0,8,2418,0.0006964879488351658
Post_2420,YouTube,#Fashion,Live Stream,Germany,0.895787884217935,-0.5006474926543909,0.4154164613427867,0.8952277773926561,Low,0.4264461575747467,0.6396345221618278,8,2419,0.000687942084432281
Post_2421,TikTok,#Tech,Tweet,Japan,1.1093270005293046,-1.3074433552856088,-0.10991679764952911,1.0012273549015407,Medium,0.17329855062392682,0.7463689395152258,5,2420,0.0006793962200293963
Post_2422,Instagram,#Fashion,Video,Germany,1.1991858767418646,-0.02610611386024041,1.3974400757585377,-0.2667768381390175,Low,0.5759357501252861,0.788087235850217,8,2421,0.0006708503556265115
Post_2423,YouTube,#Dance,Reel,Brazil,-1.1641008545498228,-0.8459133602733839,-0.9143634570181658,-1.4530759407219347,Medium,-1.094363403140827,0.0,6,2422,0.0006623044912236267
Post_2424,Instagram,#Dance,Shorts,Germany,-1.249478949952119,0.3691129364358996,-1.075837715889723,-1.4046970054123977,Medium,-0.8402251837045851,0.0,6,2423,0.000653758626820742
Post_2425,TikTok,#Viral,Reel,Germany,-0.7951124264275398,0.6187194984760621,0.6841732131104693,1.4519706045727412,Low,0.4899377224329332,0.0,6,2424,0.0006452127624178537
Post_2426,Instagram,#Tech,Tweet,Germany,0.8139250672307865,-0.1614785460833713,-1.4241789468327546,0.5175080147371535,Medium,-0.06355610273704648,0.5954930428082047,5,2425,0.000636666898014969
Post_2427,Instagram,#Tech,Live Stream,India,1.3516722131400878,1.5765596517514522,0.8477807351505834,-0.8279304799710573,Low,0.7370205300177665,0.8551266551626266,5,2426,0.0006281210336120842
Post_2428,YouTube,#Gaming,Tweet,Canada,1.2335609141094863,1.5547215890887107,-0.7485538568685738,1.088463466906871,Low,0.7820480283091236,0.8035971343772393,7,2427,0.0006195751692091994
Post_2429,Twitter,#Tech,Shorts,Canada,0.1193348324547414,1.6470275880911556,1.2213770494116893,1.3790171304880268,Medium,1.0916891501114032,0.1127346092848012,5,2428,0.0006110293048063146
Post_2430,Twitter,#Fashion,Tweet,Australia,-1.193133765109551,1.0923255541548986,1.0786892694116152,-0.8252699885936876,High,0.038152767465818804,0.0,8,2429,0.0006024834404034299
Post_2431,Instagram,#Fitness,Tweet,Japan,-0.22332464000570296,1.3469620760596392,1.0232932419700624,1.346531130511724,High,0.8733654521339307,0.0,8,2430,0.0005939375760005416
Post_2432,Instagram,#Comedy,Post,UK,1.6695164238995244,-0.7354898061113356,-0.3936063915971086,-1.087958505643446,High,-0.13688456986309144,0.9818973413645474,7,2431,0.0005853917115976569
Post_2433,Twitter,#Dance,Video,Canada,1.6582408086322222,-1.608977671024137,0.18863682353702607,-1.1460692383596771,Medium,-0.22704231930364147,0.9776645538668736,6,2432,0.0005768458471947721
Post_2434,Twitter,#Gaming,Video,Australia,-1.3084314709291198,-0.7026080023685147,1.176922597576605,-0.49802954917722425,Medium,-0.3330366062245635,0.0,7,2433,0.0005682999827918873
Post_2435,YouTube,#Challenge,Shorts,Japan,-0.9262987795399032,-0.1007864683785437,-1.298694902062976,-1.3738913157796968,High,-0.92491786644028,0.0,10,2434,0.0005597541183890026
Post_2436,YouTube,#Education,Shorts,India,-1.208542744782345,0.8375504658627037,-1.6041644248121103,-1.4819212682871,Medium,-0.8642694930047129,0.0,10,2435,0.0005512082539861143
Post_2437,YouTube,#Comedy,Live Stream,Brazil,-0.3222088051083048,1.4202429100646576,-1.04717629299605,0.5662370147016076,High,0.15427370666547763,0.0,7,2436,0.0005426623895832296
Post_2438,TikTok,#Music,Tweet,Canada,0.22094076868111867,0.8216361162636181,1.009323808963062,0.3211917562596688,High,0.5932731125418669,0.19962168345322104,6,2437,0.0005341165251803448
Post_2439,TikTok,#Challenge,Reel,Australia,0.06350700340231684,1.0590488362078339,0.8284437367517308,1.5138620355620767,Medium,0.8662154029809895,0.06157194087607434,10,2438,0.00052557066077746
Post_2440,TikTok,#Fashion,Live Stream,India,-1.6699309170242773,1.3430267906559472,-0.015949995821652862,-0.7797615834544704,Medium,-0.28065392641111336,0.0,8,2439,0.0005170247963745753
Post_2441,YouTube,#Dance,Shorts,Japan,0.7817585566335394,-1.3110045114431752,0.51038107981402,0.8319360877836526,High,0.2032678031970092,0.5776008297643687,6,2440,0.0005084789319716905
Post_2442,TikTok,#Viral,Reel,Germany,1.1637555706102414,0.3001969436356804,1.3392570432096769,0.1672333210271478,High,0.7426107196206867,0.771845402021544,6,2441,0.0004999330675688023
Post_2443,YouTube,#Tech,Video,USA,0.820652748221025,-1.1437756667443826,-0.49300957375775833,1.7026168974933529,Medium,0.22162110130305923,0.5991950896568329,5,2442,0.0004913872031659175
Post_2444,TikTok,#Tech,Video,Germany,1.605930313713317,0.6576497250312477,0.29031089874807486,-1.366259906302505,Low,0.29690775779753364,0.9577897376364869,5,2443,0.00048284133876303273
Post_2445,TikTok,#Tech,Shorts,Japan,-0.17292664841168634,0.6988593686600508,0.8164699370314449,-1.7109335655338376,Medium,-0.09213272706350706,0.0,5,2444,0.00047429547436014796
Post_2446,TikTok,#Education,Video,Brazil,-0.0469474299341591,0.5333141055688235,1.2070291342296227,0.4656984458094292,Medium,0.539773563918429,0.0,10,2445,0.0004657496099572632
Post_2447,YouTube,#Gaming,Reel,USA,1.3064381860951073,-0.10904502507079877,1.1899286214107085,-0.4112835276887779,High,0.49400956368655985,0.8357044237845611,7,2446,0.0004572037455543784
Post_2448,YouTube,#Fashion,Live Stream,Germany,1.2618119664486134,0.0988045561101177,0.32626670537939334,1.673351492342287,Medium,0.8400586800701029,0.816166247116049,8,2447,0.0004486578811514902
Post_2449,TikTok,#Gaming,Reel,India,-0.26746571011653897,-0.6545323942413687,0.33793083786553396,1.093924475523577,High,0.12746430225780087,0.0,7,2448,0.0004401120167486054
Post_2450,Twitter,#Tech,Reel,USA,-1.3138119711466134,1.4989901880547343,-0.32455059838270084,-1.1777850960951624,Medium,-0.3292893693924356,0.0,5,2449,0.00043156615234572065
Post_2451,YouTube,#Tech,Reel,Japan,-0.9252229535921873,-1.3403320873478026,-0.45017227303432156,-0.4605026181701159,Low,-0.7940574830361069,0.0,5,2450,0.0004230202879428359
Post_2452,Instagram,#Gaming,Shorts,UK,1.2761389530185772,1.111738705037196,0.8501548506123642,-0.02936298917427051,Low,0.8021673798734668,0.8224805658146603,7,2451,0.0004144744235399511
Post_2453,YouTube,#Tech,Tweet,Japan,-1.431467585938214,0.7974354966947867,-0.5276234890411138,0.7903484067795064,Medium,-0.09282679287625867,0.0,5,2452,0.00040592855913706635
Post_2454,YouTube,#Fashion,Live Stream,UK,-1.0655366962737072,1.0730786829375456,1.244017164974759,-0.9823089927894787,Low,0.06731253971227966,0.0,8,2453,0.0003973826947341781
Post_2455,YouTube,#Fashion,Video,Brazil,-0.3989001199123885,1.130777726673368,0.4226076226690504,-0.5059410103783497,Low,0.16213605476292003,0.0,8,2454,0.00038883683033129335
Post_2456,YouTube,#Tech,Live Stream,Germany,-0.5385450688837357,-1.3480710200871053,-1.0500665205147397,-1.196268509874783,Medium,-1.033237779840091,0.0,5,2455,0.0003802909659284086
Post_2457,TikTok,#Dance,Live Stream,Canada,1.5327871688183243,1.3250131602869346,0.1734287215934445,0.6067044888100191,High,0.9094833848771806,0.9293203441251155,6,2456,0.0003717451015255238
Post_2458,Instagram,#Gaming,Tweet,Canada,-0.09100010415502358,-0.4640105398115679,1.2782181906125871,-0.7918738205146005,Medium,-0.017166568467151228,0.0,7,2457,0.00036319923712263905
Post_2459,YouTube,#Gaming,Tweet,Brazil,0.45569010190946224,1.2989280378487296,1.4217317499037156,0.4908330880324738,Low,0.9167957444235953,0.3754800850252514,7,2458,0.0003546533727197543
Post_2460,Instagram,#Dance,Tweet,UK,0.7074285769987736,-1.3847980410817733,1.1287177314613157,0.7043725275318776,High,0.28893019872754844,0.5349884825974821,6,2459,0.00034610750831686604
Post_2461,TikTok,#Comedy,Shorts,Japan,-1.4011649266643984,-1.3128058744800766,-0.6702768615707274,1.577293751033047,Low,-0.4517384779205389,0.0,7,2460,0.0003375616439139813
Post_2462,Instagram,#Fashion,Live Stream,India,0.3491052157874777,0.900147831395023,0.6713392266286685,0.017685700446581736,Low,0.4845694935644378,0.2994415695788565,8,2461,0.0003290157795110965
Post_2463,TikTok,#Gaming,Live Stream,Germany,1.4361334581487257,0.44844219325328266,0.9630113537231054,-0.8249199239387706,Low,0.5056667702965858,0.8904121341223038,7,2462,0.00032046991510821174
Post_2464,Twitter,#Fashion,Post,Brazil,-1.3278963829487482,1.6381108410584944,-0.7183440978041742,1.4336272166550874,Medium,0.25637439424016484,0.0,8,2463,0.00031192405070532697
Post_2465,YouTube,#Comedy,Shorts,India,0.3813984956842964,-0.41710581765840776,0.11751658209498278,-0.36773548461709626,High,-0.07148155612405621,0.32309638869306073,7,2464,0.00030337818630243873
Post_2466,Twitter,#Challenge,Tweet,USA,-1.3878486682937217,0.6918825510517447,1.3511964354595023,0.5044856095742389,High,0.28992898194794103,0.0,10,2465,0.00029483232189955397
Post_2467,TikTok,#Music,Live Stream,Brazil,-1.0066924431309352,0.2981323044626166,-1.2725108170424657,1.6405154277110672,High,-0.08513888199992925,0.0,6,2466,0.0002862864574966692
Post_2468,Twitter,#Challenge,Video,Germany,-0.25086921046451466,-0.2129836723000024,-1.0001068734059604,-0.6942757947237255,Medium,-0.5395588877235507,0.0,10,2467,0.00027774059309378443
Post_2469,Twitter,#Fashion,Reel,Canada,1.6191657138280506,0.2765783028941556,1.6962001417678565,-1.2029197383182069,High,0.5972561050429639,0.9628558372268379,8,2468,0.00026919472869089967
Post_2470,Twitter,#Comedy,Post,Australia,-0.8055191580631835,0.504152809329141,-1.3283197341295458,-0.36409481220595885,Low,-0.4984452237673868,0.0,7,2469,0.0002606488642880149
Post_2471,Twitter,#Viral,Video,Australia,-0.32422615007013633,-1.290164126770102,1.37373332861119,0.6104851870831234,Medium,0.0924570597135187,0.0,6,2470,0.00025210299988512666
Post_2472,TikTok,#Music,Reel,Australia,-1.1737688980506655,0.37557705841062605,1.3647873862914361,-0.17393969165501438,High,0.09816396374909557,0.0,6,2471,0.0002435571354822419
Post_2473,Instagram,#Dance,Live Stream,Germany,-0.0991119688486926,-1.1057461217076476,-1.2553414892826305,1.6804227983716116,High,-0.19494419536683982,0.0,6,2472,0.00023501127107935713
Post_2474,Instagram,#Music,Post,Canada,0.6864499710183143,-0.025995260750277256,0.7856752509692152,-0.008919213327114475,High,0.3593026869775344,0.5226257106967159,6,2473,0.00022646540667647236
Post_2475,Twitter,#Comedy,Live Stream,UK,-1.1922628257595211,-1.0176941108000386,1.1451645023414785,0.84173789812133,High,-0.0557636340241878,0.0,7,2474,0.0002179195422735876
Post_2476,TikTok,#Fashion,Shorts,USA,-0.14235469003121304,0.4526268981543918,1.690419686730477,-0.8885616782026913,High,0.27803255416274114,0.0,8,2475,0.00020937367787070282
Post_2477,YouTube,#Viral,Shorts,Canada,-0.12784200356836323,0.7412191133047216,-1.568518285414937,-0.056247954671900365,Medium,-0.2528472825876198,0.0,6,2476,0.0002008278134678146
Post_2478,YouTube,#Fitness,Tweet,USA,0.37913720547572166,1.4640160318613586,-1.3758364508356231,-0.41905496302793654,Low,0.012065455868380148,0.321458090218309,8,2477,0.00019228194906492982
Post_2479,YouTube,#Fitness,Reel,Canada,0.5586898151916702,-1.494431766835334,-0.020904671567978084,-1.0164052901783998,Medium,-0.49326297834751043,0.4438456063230918,8,2478,0.00018373608466204505
Post_2480,TikTok,#Music,Tweet,USA,-1.5803934181171178,0.3834684141761282,-1.611183548786071,-0.4501407043845711,High,-0.8145623142779079,0.0,6,2479,0.00017519022025916028
Post_2481,Twitter,#Fashion,Shorts,Australia,0.38666319043353264,1.2056312891759888,-0.9098904858582888,-1.6694859103916582,Low,-0.24677047916010636,0.32690027870302524,8,2480,0.00016664435585627552
Post_2482,TikTok,#Tech,Shorts,India,1.064626775021439,-0.0908166168012324,-1.5344204821884908,-1.2409367598421992,Medium,-0.4503867709526208,0.72494947158942,5,2481,0.00015809849145339075
Post_2483,Twitter,#Fitness,Reel,Australia,-0.6515581863531869,-1.4875103757820094,-0.965424143181684,-0.8606265187403103,Low,-0.9912798060142975,0.0,8,2482,0.0001495526270505025
Post_2484,Twitter,#Comedy,Post,UK,-0.3987555343869311,-0.8759406964346537,-0.5701167150599447,0.7169748551088916,Medium,-0.2819595226931595,0.0,7,2483,0.00014100676264761774
Post_2485,TikTok,#Challenge,Video,India,0.0021122890000555504,-1.5821581467324262,-0.9153268661910623,-0.4163244587195835,Low,-0.7279242956607541,0.0021100612541894814,10,2484,0.00013246089824473298
Post_2486,Instagram,#Education,Shorts,Brazil,-1.5578860429077706,-0.3518271925288546,0.3905398601997788,-0.5123121870978402,Medium,-0.5078713905836716,0.0,10,2485,0.0001239150338418482
Post_2487,TikTok,#Gaming,Reel,Canada,-0.7675651150108994,-1.1632026742654256,-1.5651119458393385,1.454841134743061,Medium,-0.5102596500931507,0.0,7,2486,0.00011536916943896344
Post_2488,Instagram,#Gaming,Video,Canada,0.5433596380564477,-0.1567326473130737,0.7966168265756833,0.48985290699870604,Medium,0.41827418107944087,0.4339616233818344,7,2487,0.00010682330503607868
Post_2489,TikTok,#Fitness,Tweet,Canada,0.5228401425122748,-1.5984881954938734,0.0577508059049348,1.24690272972233,Medium,0.057251370661416556,0.4205771061665953,8,2488,9.827744063319044e-05
Post_2490,YouTube,#Comedy,Reel,Canada,-0.173568032543573,1.4043909153399265,-0.7284254866491275,0.4644382130517278,Low,0.24170890229973846,0.0,7,2489,8.973157623030567e-05
Post_2491,YouTube,#Comedy,Post,USA,-0.9474829573575057,0.6777903494476786,-0.9140193823135598,-1.2122314581390006,High,-0.5989858620905969,0.0,7,2490,8.11857118274209e-05
Post_2492,Instagram,#Gaming,Reel,USA,-0.3545137340758949,-1.185795923739791,-0.06931598250603077,1.2940914452051493,Medium,-0.07888354877914189,0.0,7,2491,7.263984742453614e-05
Post_2493,Twitter,#Fashion,Reel,Brazil,0.8967780552335078,1.7165671296349176,1.583790935773103,0.24851833389888806,Medium,1.111413613635104,0.6401566863397901,8,2492,6.409398302165137e-05
Post_2494,Instagram,#Challenge,Live Stream,Brazil,0.22845236361032967,-1.2854390129579225,-0.1388878877773474,1.6473766949474415,Medium,0.11287553945562534,0.2057551361673182,10,2493,5.55481186187666e-05
Post_2495,Twitter,#Viral,Video,UK,-0.7135867472533062,-0.6203965646920896,-1.1213932067795467,-0.4180747819941688,Medium,-0.7183628251797778,0.0,6,2494,4.7002254215878364e-05
Post_2496,Twitter,#Gaming,Reel,Japan,-0.7390851926930864,1.025065429684754,-1.4469566922776662,-1.5090862855086635,High,-0.6675156851986656,0.0,7,2495,3.8456389812993597e-05
Post_2497,TikTok,#Challenge,Reel,Brazil,-0.5895707398204961,1.1888024014197072,1.3243930159707014,0.5934720448541545,High,0.6292741806060167,0.0,10,2496,2.991052541010883e-05
Post_2498,Instagram,#Viral,Reel,Germany,-1.370578578255325,-1.462651565872772,-1.158690904758828,0.5307404586930181,Low,-0.8652951475484768,0.0,6,2497,2.1364661007224062e-05
Post_2499,YouTube,#Music,Tweet,UK,0.016174087900104703,0.7536069483431042,-0.8177128724943633,0.5862607129628631,Low,0.13458221917792715,0.016044680836550328,6,2498,1.2818796604339294e-05
Post_2500,Twitter,#Fitness,Tweet,Brazil,0.1418360405089743,-1.6099753490138053,-1.5045892052991576,-0.868257928217502,Medium,-0.9602466105053726,0.13263752869251588,8,2499,4.272932201451057e-06
Post_2501,TikTok,#Comedy,Tweet,Canada,-1.3208911799783665,-0.8878920473525563,-0.5892472686360337,0.7138942861456214,High,-0.5210340524553339,0.0,7,2500,-4.27293220143371e-06
Post_2502,Twitter,#Dance,Post,Canada,1.0918670991612789,-1.6079730647150958,-1.3041312823957496,-0.7855726567260936,High,-0.651452476168915,0.7380570160590959,6,2501,-1.2818796604318478e-05
Post_2503,Instagram,#Music,Live Stream,Japan,-0.5419986757477407,-0.37609016697204023,0.4410500268359276,-1.4704391476058205,High,-0.4868694908724185,0.0,6,2502,-2.1364661007203245e-05
Post_2504,TikTok,#Comedy,Shorts,Germany,1.576249851866588,1.4475404883930847,-0.47487683682502646,-1.0853680271970598,Medium,0.3658863690593967,0.9463347957229039,7,2503,-2.9910525410088012e-05
Post_2505,Twitter,#Comedy,Post,USA,0.8664109834507205,-0.15782732177395986,0.3813530655868008,-1.4310918803931436,Low,-0.0852887882823955,0.6240173265399154,7,2504,-3.845638981297278e-05
Post_2506,Twitter,#Challenge,Live Stream,Brazil,-0.6417530949609154,1.267036983776204,1.5233026027033825,1.5772237381020635,High,0.9314525574051836,0.0,10,2505,-4.700225421586102e-05
Post_2507,YouTube,#Challenge,Reel,Germany,0.32109673821617957,-0.8480264976820565,-0.26058711079646063,-0.0533074115705971,Medium,-0.2102060704582337,0.27846225390826695,10,2506,-5.5548118618745784e-05
Post_2508,Instagram,#Fashion,Tweet,India,1.7120944628086152,0.952983194931212,1.4233144935449027,-0.593527187038597,High,0.8737162410615331,0.9977212008906553,8,2507,-6.409398302163055e-05
Post_2509,YouTube,#Music,Reel,India,-0.541976062845655,0.2887097901157484,-0.6224848851009654,0.7942691309145774,High,-0.020370506729073673,0.0,6,2508,-7.263984742451532e-05
Post_2510,Twitter,#Comedy,Reel,UK,0.8603315389869401,0.44201271287541966,1.4653948299182065,-0.5849856094586209,Low,0.5456883680804863,0.6207547186082145,7,2509,-8.118571182740009e-05
Post_2511,Twitter,#Music,Video,UK,-0.7837251171287231,0.6662269844146469,1.1896877691174843,-1.4504854622755485,Medium,-0.09457395646803513,0.0,6,2510,-8.973157623028485e-05
Post_2512,TikTok,#Fashion,Shorts,USA,0.8753101882806478,1.1697079532285537,0.279851027728055,-0.06639982966449498,Low,0.5646173348931903,0.6287740794893992,8,2511,-9.827744063317309e-05
Post_2513,Instagram,#Tech,Tweet,Germany,-0.4653327148035714,1.109182155188671,-1.2974562331263948,1.1026760918965033,Medium,0.112267324788802,0.0,5,2512,-0.00010682330503605786
Post_2514,YouTube,#Fitness,Video,India,0.13762729976319674,-1.5425143032818527,1.3662669075212415,-1.0719955573792281,Low,-0.2776539133441607,0.12894477746103458,8,2513,-0.00011536916943894263
Post_2515,TikTok,#Fashion,Live Stream,USA,1.2843193416579606,-1.0264099365708916,1.485592015078574,1.4299165313129667,High,0.7933544878696523,0.8260680988582869,8,2514,-0.0001239150338418274
Post_2516,Instagram,#Music,Live Stream,USA,-1.5629314610307208,-1.5266553802377487,0.23068275243986927,0.16492289430469523,High,-0.6734952986309762,0.0,6,2515,-0.00013246089824471216
Post_2517,TikTok,#Dance,Shorts,UK,0.26153229840394954,-0.7847778701287037,0.7703639266142518,1.2060851909590016,Medium,0.3633008864621248,0.23232709194517892,6,2516,-0.00014100676264759693
Post_2518,Twitter,#Fashion,Tweet,Japan,1.3152181592594916,-0.5814247682206677,0.2728319037540942,-1.6860789750347267,Low,-0.16986342006045213,0.8395039203592651,8,2517,-0.00014955262705048517
Post_2519,TikTok,#Comedy,Reel,Canada,1.482343266180679,-1.213578484424307,-0.43575554291133356,-1.4448144148658921,Medium,-0.4029512940052134,0.9092029794680018,7,2518,-0.00015809849145336993
Post_2520,TikTok,#Fashion,Tweet,Japan,-0.5595003767226521,-1.3939295660149882,-1.2404086471027336,-0.8515948506434502,High,-1.011358360120956,0.0,8,2519,-0.0001666443558562547
Post_2521,TikTok,#Dance,Post,India,0.5494973278740852,0.45075625192376356,-0.9775355727838123,-0.3528927432486131,Medium,-0.08254368405864418,0.4379305737356828,6,2520,-0.00017519022025913947
Post_2522,YouTube,#Fitness,Post,Australia,-0.3948387056498968,1.7209873973946985,1.4467459809285659,-0.406522648381906,Low,0.5915930060728654,0.0,8,2521,-0.00018373608466202423
Post_2523,YouTube,#Gaming,Reel,Canada,-1.1315780194348608,-0.13504007935715873,1.2651777593080227,1.2877902814166422,Low,0.32158748548316135,0.0,7,2522,-0.000192281949064909
Post_2524,YouTube,#Viral,Video,USA,-0.888692152892391,-0.24341285098488855,-1.3888080671992662,-1.2077506305560624,Medium,-0.932165925408152,0.0,6,2523,-0.00020082781346779724
Post_2525,Twitter,#Comedy,Live Stream,Canada,0.5916162563468897,-1.4941199924635626,1.2686529138245426,0.6255379672445567,Low,0.2479217862381066,0.4647500133579389,7,2524,-0.000209373677870682
Post_2526,TikTok,#Gaming,Tweet,Canada,-0.16798333096785054,-1.7012282434716004,0.6217580616949557,0.9240030920268381,High,-0.08086260517941424,0.0,7,2525,-0.00021791954227356677
Post_2527,YouTube,#Viral,Tweet,UK,-1.2732122185502968,-0.32655961177662785,-0.49934054832250724,-0.7080683421274575,Medium,-0.7017951801942223,0.0,6,2526,-0.00022646540667645154
Post_2528,YouTube,#Gaming,Live Stream,Canada,-1.3113108471280381,-0.713125191176269,1.21095158586213,0.3765019717365635,Medium,-0.10924562017640335,0.0,7,2527,-0.0002350112710793363
Post_2529,Twitter,#Gaming,Post,Brazil,-0.5993025105908532,-0.339667992029771,-0.9638758070109573,1.7025468845623695,Low,-0.050074856267303014,0.0,7,2528,-0.00024355713548222108
Post_2530,YouTube,#Challenge,Post,Germany,0.1598475596400007,-0.17825893560404396,-0.8434840678693466,-0.857685975639007,High,-0.4298953548680992,0.14828858237923573,10,2529,-0.0002521029998851093
Post_2531,Instagram,#Tech,Post,Canada,1.1475222478705032,-0.956295344519196,-0.6845215543414125,1.6454863458108893,Medium,0.288047923705196,0.7643147347157431,5,2530,-0.0002606488642879941
Post_2532,YouTube,#Challenge,Post,UK,1.5665674183371452,0.21443820644043424,-0.7160732047537751,0.7218757602777304,Low,0.4467020450753837,0.9425693712635621,10,2531,-0.00026919472869087885
Post_2533,YouTube,#Fitness,Post,Australia,1.1091371891996757,1.2156427106695362,-0.40090077533475404,0.09084921332424631,Medium,0.5036820844646761,0.7462789487881649,8,2532,-0.0002777405930937636
Post_2534,Twitter,#Dance,Tweet,Japan,1.5516641453837232,-1.6535475495486982,1.1755118912877205,0.25278912268887616,High,0.3316044024529054,0.9367457523484521,6,2533,-0.0002862864574966484
Post_2535,Instagram,#Tech,Post,UK,0.30740428338353093,-0.5793324157701132,-1.0957596412864057,-1.5133570742986515,Medium,-0.7202612119929099,0.26804370845204833,5,2534,-0.0002948323218995366
Post_2536,TikTok,#Fashion,Post,Canada,1.0012352728410605,-0.8599293503643504,-0.7145248685830485,-1.4762502208774437,Medium,-0.5123672917459455,0.6937646263216027,8,2535,-0.0003033781863024214
Post_2537,TikTok,#Comedy,Shorts,Australia,-1.6577165237006881,1.521444871141646,-1.402226980678897,-0.3349694329168599,Low,-0.4683670165386997,0.0,7,2536,-0.00031192405070530616
Post_2538,YouTube,#Tech,Video,India,1.2109754216020248,-0.6303802729081462,-0.7922169368830648,1.7455348241861839,Low,0.38347825899924937,0.7934337853965268,5,2537,-0.0003204699151081909
Post_2539,YouTube,#Challenge,Live Stream,Australia,-1.6506941897438778,-0.6683128214736634,0.9715788138677928,-0.4146441483759817,Low,-0.44051808643143253,0.0,10,2538,-0.0003290157795110757
Post_2540,Instagram,#Music,Live Stream,Australia,-1.4338529044885318,1.1369508592344413,-0.3863808228003843,1.2706371133257066,High,0.14683856131780795,0.0,6,2539,-0.00033756164391396046
Post_2541,Twitter,#Fashion,Live Stream,Brazil,-0.09466476477182895,1.1286715175840683,0.718339831277837,-1.2318350788143557,Low,0.1301278763189302,0.0,8,2540,-0.0003461075083168487
Post_2542,Instagram,#Gaming,Reel,UK,0.6953066910018987,1.1518398175663676,1.2546490733470816,-1.701971910367961,Low,0.34995591788684677,0.5278636631091794,7,2541,-0.00035465337271973346
Post_2543,Twitter,#Viral,Video,Brazil,1.699538134995911,-1.3649276211208776,1.4578251864168763,-1.3105996261706931,Low,0.12045901853030416,0.993080697265037,6,2542,-0.00036319923712261823
Post_2544,YouTube,#Fashion,Live Stream,UK,-1.0013537425203274,0.7304802182770409,0.1469005618683282,1.5590903889773602,Medium,0.35877935665060046,0.0,8,2543,-0.000371745101525503
Post_2545,Instagram,#Comedy,Post,India,-0.4565918002882443,-1.2702036386573614,-1.2432644671509627,-1.0175955100051177,Medium,-0.9969138540254215,0.0,7,2544,-0.00038029096592838776
Post_2546,Twitter,#Tech,Post,Germany,1.0335429427664793,-0.45868959053333647,-1.5887154705753046,1.389799121859472,High,0.09398425087932755,0.709779563804562,5,2545,-0.00038883683033127253
Post_2547,Instagram,#Fitness,Post,UK,0.9582947422591407,-1.4129824442899055,-1.6361633723404607,-1.4621776217497782,Low,-0.888257174030251,0.6720740650875068,8,2546,-0.00039738269473416077
Post_2548,Twitter,#Fashion,Tweet,UK,-1.1504385502532886,-1.7209115988094332,-0.5842581854192479,-1.1208645832056492,High,-1.1441182294219048,0.0,8,2547,-0.00040592855913704554
Post_2549,Instagram,#Comedy,Reel,UK,1.3253603884646779,0.08371467651638316,-0.4166938042761657,-1.7271065525910057,Medium,-0.18368132297152756,0.8438750328184226,7,2548,-0.0004144744235399303
Post_2550,TikTok,#Challenge,Video,USA,0.6887797851726034,-0.6886335821937845,1.1411044208271286,-0.9589946867720027,High,0.045563984258486234,0.5240062475446415,10,2549,-0.00042302028794281507
Post_2551,TikTok,#Fitness,Reel,UK,-1.519244019440514,0.6365391359026393,0.16868049066988283,1.2324800659397475,Medium,0.12961391826793894,0.0,8,2550,-0.00043156615234569984
Post_2552,TikTok,#Comedy,Live Stream,Canada,-1.3279930017122055,-1.4598178832493387,0.7025123948659647,1.0440052557324049,High,-0.26032330859079367,0.0,7,2551,-0.0004401120167485846
Post_2553,TikTok,#Tech,Live Stream,Canada,0.7980473837693062,-0.2915993122219977,1.3474460211792978,-0.7306125059041159,Medium,0.28082039670562264,0.5867012893002354,5,2552,-0.00044865788115147284
Post_2554,TikTok,#Dance,Tweet,Brazil,1.507525816230716,0.5773712884598051,0.2749995743931115,-0.4868974931508619,Low,0.46824979648319265,0.9192965364064242,6,2553,-0.0004572037455543576
Post_2555,Twitter,#Challenge,Video,USA,-1.24709637235963,1.7103039289219992,1.302337827405462,0.098970713318322,Medium,0.4661290243215383,0.0,10,2554,-0.0004657496099572424
Post_2556,Twitter,#Fashion,Shorts,Australia,-1.0463486209947648,0.4135442485730068,1.4468836108104082,1.20769548837162,Low,0.5054436816900676,0.0,8,2555,-0.00047429547436012715
Post_2557,TikTok,#Tech,Post,Japan,0.6629880572451656,-0.5191530336988651,1.2518964757102344,1.6175511863485084,Medium,0.7533206714012608,0.5086160187329086,5,2556,-0.0004828413387630119
Post_2558,Twitter,#Tech,Post,Canada,-1.2349374834320692,1.6694753428586946,-0.9532094911681739,0.05808316162400992,Low,-0.11514711752938464,0.0,5,2557,-0.0004913872031658967
Post_2559,YouTube,#Tech,Tweet,UK,-0.5932401971135015,0.03394163014292636,-1.4785427501604895,-0.48542722160021023,High,-0.6308171346828187,0.0,5,2558,-0.0004999330675687849
Post_2560,TikTok,#Fitness,Post,UK,-0.33842979353781427,-0.13431953414239822,-1.6149339630662756,-0.2360411614373,Medium,-0.580931113045947,0.0,8,2559,-0.0005084789319716697
Post_2561,Instagram,#Dance,Shorts,USA,-0.8338092690513679,-0.755457222543449,0.15037571638484798,-0.9178270833537571,Low,-0.5891794646409315,0.0,6,2560,-0.0005170247963745545
Post_2562,YouTube,#Viral,Reel,UK,1.6628291720372574,0.7349974825080395,0.4536775684949648,-0.1688987606242088,Medium,0.6706513656040132,0.979389156083702,6,2561,-0.0005255706607774392
Post_2563,YouTube,#Challenge,Post,USA,0.0016538638032263082,-0.9297183114055294,-1.7102770637125755,-0.6849640749029319,Low,-0.8308263965544526,0.0016524976765374055,10,2562,-0.000534116525180324
Post_2564,TikTok,#Gaming,Tweet,USA,-0.3245180620788796,-0.7953712704495577,-0.6488754149442393,1.0366538979791466,Low,-0.1830277123733825,0.0,7,2563,-0.0005426623895832122
Post_2565,YouTube,#Music,Tweet,Australia,-0.31471297068660814,-0.18732810566290461,-1.525302502516434,-0.76435873863812,Medium,-0.6979255793760167,0.0,6,2564,-0.000551208253986097
Post_2566,Twitter,#Music,Tweet,India,0.7555536293134439,1.2332060002793237,-1.0593221300686388,-0.8487243204731303,High,0.020178294762749627,0.5627842654695805,6,2565,-0.0005597541183889818
Post_2567,TikTok,#Tech,Reel,Australia,-0.7478007533484992,0.9316993978182861,0.31240049478377485,-0.11351853221633063,Low,0.0956951517593078,0.0,5,2566,-0.0005682999827918665
Post_2568,TikTok,#Fashion,Tweet,UK,-1.6860874929448153,-0.6791764262500527,1.6301722059539807,0.2687520709530939,Medium,-0.11658491057194832,0.0,8,2567,-0.0005768458471947513
Post_2569,YouTube,#Fashion,Reel,USA,-1.5465576642022683,0.8528343383988737,0.19957839914349426,0.23920661407809438,Medium,-0.06373457814545147,0.0,8,2568,-0.0005853917115976361
Post_2570,YouTube,#Fitness,Video,Japan,0.3793208496502362,1.0052781495563308,-1.6680246899869686,-0.8170784756686286,Medium,-0.2751260416122575,0.321591240094882,8,2569,-0.0005939375760005243
Post_2571,YouTube,#Music,Shorts,Japan,0.9180362389124818,0.8607880490387301,-1.5174920067218796,0.7325177257872089,Low,0.2484625017541353,0.6513018703977089,6,2570,-0.0006024834404034091
Post_2572,TikTok,#Fashion,Post,Brazil,0.12394580876186244,-0.5667921577055312,1.2673798374175007,0.23017494598123434,High,0.2636771086137666,0.11684553746390464,8,2571,-0.0006110293048062938
Post_2573,Instagram,#Education,Shorts,Japan,-1.476994895470852,-0.5632794997835737,-0.4023458890940989,-1.0359388979227715,Low,-0.869639795567824,0.0,10,2572,-0.0006195751692091786
Post_2574,Instagram,#Education,Live Stream,Brazil,-0.15898271069826594,0.279702974931242,-0.6783282096585059,-1.1557310228353879,Low,-0.4283347420652294,0.0,10,2573,-0.0006281210336120634
Post_2575,YouTube,#Gaming,Reel,Germany,-0.8961783939616876,-0.7378939329336616,-1.70356760697276,0.6758072516906458,Medium,-0.6654581705443658,0.0,7,2574,-0.0006366668980149481
Post_2576,Instagram,#Dance,Video,India,-1.483258669348604,1.4666557215423563,-0.6609868445463676,0.4858621699326516,High,-0.04793190560499093,0.0,6,2575,-0.0006452127624178364
Post_2577,Twitter,#Fashion,Live Stream,Australia,0.45231803854085734,-1.383246097542289,-1.5103352528660765,0.6228774758671871,Medium,-0.4545964590000802,0.37316092722573607,8,2576,-0.0006537586268207211
Post_2578,Twitter,#Education,Post,Japan,1.7144996533031902,0.9798304325004137,-1.4122051471124686,-1.7259163327642877,Medium,-0.11094784851828804,0.9986076466430401,10,2577,-0.0006623044912236059
Post_2579,Instagram,#Fitness,Reel,USA,-0.5428401498011134,0.40674756726839084,0.95107196147328,1.1693284021927106,Medium,0.49607694528331703,0.0,8,2578,-0.0006708503556264907
Post_2580,Instagram,#Fitness,Reel,USA,-1.611532069528649,1.6445403214363574,1.3140707748325238,1.1528053504806257,Medium,0.6249710943052145,0.0,8,2579,-0.0006793962200293754
Post_2581,TikTok,#Music,Tweet,Brazil,-1.3180542886257909,-0.3980806526609812,-0.6427164777317934,0.9588695316565768,High,-0.3499954718404972,0.0,6,2580,-0.0006879420844322602
Post_2582,YouTube,#Dance,Shorts,Australia,0.9106486723250138,0.6126017924699705,0.9813505354786008,1.3311282856953737,Medium,0.9589323214922397,0.6474428034193855,6,2581,-0.0006964879488351484
Post_2583,YouTube,#Music,Video,USA,1.4209766465961606,1.4683739447467852,-0.6119217916695637,-0.16609824338487236,High,0.5278326390721273,0.884171031728546,6,2582,-0.0007050338132380332
Post_2584,YouTube,#Dance,Live Stream,Australia,-0.9685766835667651,-0.7212382531616975,1.676174993959792,-0.9570343247044673,Medium,-0.24266856686828442,0.0,6,2583,-0.000713579677640918
Post_2585,TikTok,#Education,Shorts,Canada,1.266035097222991,-0.6563545422363881,-0.5377048778860671,-1.1207245573436824,Low,-0.26218722006078665,0.8180316511103115,10,2584,-0.0007221255420438027
Post_2586,Instagram,#Education,Tweet,Brazil,-0.5573089809387061,-1.6244416798639971,0.8746529695803056,-0.2900911441564934,Medium,-0.39929720884472275,0.0,10,2585,-0.0007306714064466875
Post_2587,Instagram,#Education,Post,Japan,0.8668070518569496,-1.3992435869738469,1.512808324212902,-0.3755069199562549,Medium,0.15121621728493745,0.6242295125970753,10,2586,-0.0007392172708495723
Post_2588,Instagram,#Comedy,Tweet,Germany,1.7107006857527847,-0.38362817844953484,-0.33614591592792026,-0.6267833292557172,Low,0.09103581552990309,0.9972071571001974,7,2587,-0.0007477631352524605
Post_2589,Twitter,#Comedy,Video,India,0.9483498620176118,0.6747557455624372,1.0184761961055795,0.6476620534353146,Low,0.8223109642802358,0.6669827897191394,7,2588,-0.0007563089996553453
Post_2590,YouTube,#Challenge,Live Stream,Japan,0.11061173416530005,-0.10240076679238215,-0.9521428595838956,1.6137704880754042,Medium,0.16745964896610666,0.10491097537850429,10,2589,-0.0007648548640582301
Post_2591,YouTube,#Dance,Tweet,Canada,1.4828756972388797,-0.44155585672465625,1.6033687864651798,-1.0374791824044065,High,0.4018023611437491,0.9094174437501065,6,2590,-0.0007734007284611148
Post_2592,Twitter,#Fitness,Video,Canada,-1.3255932931332877,1.5788044272282062,-0.36594278534679275,-0.167568514935524,Medium,-0.07007504154684954,0.0,8,2591,-0.0007819465928639996
Post_2593,TikTok,#Fashion,Video,Brazil,-1.684103724716384,-0.4172582406846071,-0.045024308360852944,0.6864492172001243,Medium,-0.36498426414042995,0.0,8,2592,-0.0007904924572668878
Post_2594,TikTok,#Viral,Video,USA,0.6991214190598185,-1.2373564765114038,-1.2593327558560592,0.4730498035626874,High,-0.3311295024362393,0.5301113051509002,6,2593,-0.0007990383216697726
Post_2595,TikTok,#Gaming,Reel,UK,1.206204784501389,1.3137477129869288,-1.3487233641126768,-1.4597271691653586,High,-0.07212450894742933,0.7912737472124685,7,2594,-0.0008075841860726574
Post_2596,YouTube,#Challenge,Post,Canada,-0.5437186267851718,0.5684683980658892,-0.15385513742770485,0.5791193940025552,High,0.11250350696389194,0.0,10,2595,-0.0008161300504755421
Post_2597,YouTube,#Music,Reel,Australia,-1.0107264478151412,0.38111971390878385,0.8397293870628049,0.9278538032309257,Medium,0.28449411409684333,0.0,6,2596,-0.0008246759148784269
Post_2598,YouTube,#Challenge,Reel,Germany,-1.4720776171263878,0.15172305947877904,0.8719347794139188,1.3609537942943069,Low,0.22813350401515423,0.0,10,2597,-0.0008332217792813117
Post_2599,Instagram,#Comedy,Tweet,Canada,-1.095687232388037,-0.5930574164474264,-0.5797508067889103,1.2930412512403981,Low,-0.24386355109599384,0.0,7,2598,-0.0008417676436841999
Post_2600,TikTok,#Education,Live Stream,India,-1.3880275157920363,0.18454943666661844,0.7418057261319606,-1.3575082899295785,High,-0.45479516073075893,0.0,10,2599,-0.0008503135080870847
Post_2601,YouTube,#Tech,Live Stream,Germany,1.716532073533079,1.6593045700195752,-1.516528597548983,-0.6015786741016893,Medium,0.3144323429754955,0.9993560938725864,5,2600,-0.0008588593724899694
Post_2602,Twitter,#Comedy,Shorts,USA,1.535586372000757,1.4410902230571037,1.4842157162601504,0.10135115297175797,High,1.1405608660724422,0.9304249207489557,7,2601,-0.0008674052368928542
Post_2603,YouTube,#Gaming,Reel,Japan,0.9900747778025586,-0.036651015945485574,1.6704633538633338,1.4344673718268883,Low,1.0145886218868239,0.6881722148156166,7,2602,-0.000875951101295739
Post_2604,TikTok,#Music,Live Stream,USA,-1.5686127813699005,-0.8598877804481142,1.14234308976371,1.0862930660463852,Low,-0.04996610150197994,0.0,6,2603,-0.0008844969656986237
Post_2605,Twitter,#Education,Post,Canada,-1.5961861318859123,0.7940821901184013,0.7968576788689075,0.8125425059012477,Medium,0.20182406075066103,0.0,10,2604,-0.000893042830101512
Post_2606,Instagram,#Challenge,Video,USA,0.499505683278155,1.0940022074430913,1.3420784557874454,0.29283651921138726,High,0.8071057164300197,0.4051355093152194,10,2605,-0.0009015886945043967
Post_2607,Twitter,#Viral,Reel,Canada,-1.5820448452088345,-0.8311698966482842,0.6745391213815036,-1.017315458281184,High,-0.6889977696891998,0.0,6,2606,-0.0009101345589072815
Post_2608,Twitter,#Tech,Post,Brazil,-1.6615285108007793,-0.11257846795087435,-0.5505044568974073,1.7407039319483284,Medium,-0.1459768759251831,0.0,5,2607,-0.0009186804233101663
Post_2609,TikTok,#Viral,Video,India,-0.9432235088918994,-0.05421430555527301,1.6859811230410606,-0.3376999372252129,Medium,0.0877108428421688,0.0,6,2608,-0.000927226287713051
Post_2610,Instagram,#Fitness,Reel,Canada,1.130645485280507,-0.8158444541958779,1.2238887947553125,1.3606037296393898,Low,0.7248233888698328,0.7564249785451859,8,2609,-0.0009357721521159358
Post_2611,Twitter,#Gaming,Tweet,Australia,1.0728551304228224,1.215538785878946,-0.8784076503868473,0.7035323723600766,High,0.5283796595687494,0.7289269469898472,7,2610,-0.000944318016518824
Post_2612,TikTok,#Comedy,Post,India,-1.6436636329135819,0.19159553746865152,-0.4508260149730728,0.04198018749782537,Low,-0.4652284807300444,0.0,7,2611,-0.0009528638809217088
Post_2613,TikTok,#Gaming,Reel,Canada,0.762212786357968,-1.5915044495661947,-0.19342372845738542,0.06396424782661646,Medium,-0.23968778595974893,0.5665702843304038,7,2612,-0.0009614097453245936
Post_2614,Instagram,#Education,Shorts,Brazil,1.0299159703198169,0.28080457771150086,1.1911672903472899,-1.3418253933892945,Medium,0.2900156112473282,0.7079943982658189,10,2613,-0.0009699556097274784
Post_2615,TikTok,#Viral,Live Stream,Brazil,0.21996087625740293,1.2253631427494305,1.5885391666966646,-1.0715754797933277,Medium,0.4905719264775426,0.19881878958948232,6,2614,-0.0009785014741303631
Post_2616,YouTube,#Fitness,Reel,Japan,-1.0724274642547458,-1.3243900244712263,-1.1883501442958582,-1.5620160613321223,High,-1.286795923588488,0.0,8,2615,-0.0009870473385332479
Post_2617,TikTok,#Viral,Shorts,UK,-1.2174556544014152,-0.09111453453425838,-1.2433676895623444,0.4137488510197382,Low,-0.5345472568695699,0.0,6,2616,-0.0009955932029361361
Post_2618,TikTok,#Viral,Shorts,Germany,1.198764454475721,-0.6336157980551959,0.7916277433588975,-1.0897088289180312,High,0.06676689271534786,0.787895590999459,6,2617,-0.0010041390673390209
Post_2619,Instagram,#Fitness,Shorts,Japan,-0.14143509867972598,-0.3166590433930435,-0.1158004750982903,-0.9702667686603319,Low,-0.3860403464578479,0.0,8,2618,-0.0010126849317419057
Post_2620,Twitter,#Dance,Post,Brazil,0.6617649048141638,-0.6278791496146026,0.9115721853845206,1.32489713483785,High,0.5675887688554829,0.5078802332474049,6,2619,-0.0010212307961447904
Post_2621,TikTok,#Fashion,Post,Germany,1.3994169575560433,0.9445652868933848,0.8944716725656064,-0.5399672948362876,Medium,0.6746216555446868,0.8752257734889217,8,2620,-0.0010297766605476752
Post_2622,TikTok,#Tech,Tweet,Australia,-1.1248222436268795,0.9662093566136909,-1.429959401870134,-0.07137074776431716,Medium,-0.41498575916190994,0.0,5,2621,-0.00103832252495056
Post_2623,YouTube,#Dance,Post,UK,1.6084451425210349,0.7328358468637579,1.4184630402099594,-0.3022033812166235,Low,0.8643851620945322,0.9587543129816302,6,2622,-0.0010468683893534482
Post_2624,TikTok,#Music,Post,Japan,0.2820798887658653,0.5031343463813545,0.7859161032624393,0.8499994239773726,Low,0.605282440596758,0.248483672286938,6,2623,-0.001055414253756333
Post_2625,YouTube,#Gaming,Shorts,UK,-0.3140222493138071,0.5482169205394952,0.961015720436391,0.5614761353947356,Medium,0.4391716317642037,0.0,7,2624,-0.0010639601181592177
Post_2626,TikTok,#Viral,Live Stream,USA,0.41671025538983375,-0.4120481445163388,-0.330606313183765,-1.5051655613735926,Low,-0.4577774409209657,0.34833746230534574,6,2625,-0.0010725059825621025
Post_2627,Twitter,#Viral,Post,India,-1.4786696207041117,0.11799600077248898,-0.1977246622649594,-0.640365837866499,Medium,-0.5496910300157702,0.0,6,2626,-0.0010810518469649873
Post_2628,YouTube,#Education,Reel,India,-0.7250199675957515,0.9924538303974679,-0.7879160030754908,-1.4019665011040445,High,-0.48061216034445475,0.0,10,2627,-0.0010895977113678755
Post_2629,TikTok,#Challenge,Shorts,Australia,-0.006475131876871303,0.2764674497841924,1.2874393926960257,-0.3524726656627126,High,0.30123976123515855,0.0,10,2628,-0.0010981435757707603
Post_2630,TikTok,#Education,Tweet,Brazil,0.6573896508803003,0.19420751387215837,-0.6990070994053216,0.07159565730380826,Low,0.05604643066273635,0.5052438652237965,10,2629,-0.001106689440173645
Post_2631,Instagram,#Fashion,Video,Germany,-1.5910345016471048,1.5834879711241494,0.5373221291846635,-0.3056340148348106,High,0.05603539595672437,0.0,8,2630,-0.0011152353045765298
Post_2632,Twitter,#Challenge,Video,Brazil,-0.5472729638493771,1.7153823870221865,1.6533628410444197,-0.5781943551532299,Low,0.5608194772659999,0.0,10,2631,-0.0011237811689794146
Post_2633,TikTok,#Education,Video,Japan,-0.30426101324679283,-1.5864814180209892,-0.7366832795596696,-1.6808280052109708,Medium,-1.0770634290096055,0.0,10,2632,-0.0011323270333822993
Post_2634,Instagram,#Gaming,Video,Canada,1.599709024681908,1.527805068325782,-1.0115645610693376,-0.9050847299147763,High,0.3027162005058941,0.9553995251807624,7,2633,-0.0011408728977851876
Post_2635,YouTube,#Tech,Live Stream,Australia,-0.8525553648804525,-0.9695907893954019,-1.3606971638329626,0.8403376395016618,Medium,-0.5856264196517887,0.0,5,2634,-0.0011494187621880723
Post_2636,TikTok,#Fashion,Post,UK,-0.031172532391250306,-0.19391693738633967,-0.7265674832442557,1.0218111566106636,Medium,0.017538550897204463,0.0,8,2635,-0.0011579646265909571
Post_2637,YouTube,#Gaming,Post,USA,-1.3708341725728397,-1.2131281436650816,0.5872129613525215,1.4145836994275998,High,-0.14554141386444996,0.0,7,2636,-0.0011665104909938419
Post_2638,Twitter,#Education,Live Stream,Brazil,-0.7254482422564664,-1.2799171424178828,-0.34337148472464457,-0.8811403075184496,Low,-0.8074692942293609,0.0,10,2637,-0.0011750563553967266
Post_2639,Instagram,#Fashion,Live Stream,USA,1.2081124911500776,-0.45065966838038035,-0.9260964044452276,-0.3661952001354612,High,-0.13370969545274786,0.79213807419593,8,2638,-0.0011836022197996114
Post_2640,YouTube,#Comedy,Tweet,Canada,0.6836514530753387,-1.1280345251296144,0.8852848779526284,-0.16210750631881793,Medium,0.0696985748948837,0.520964918789259,7,2639,-0.0011921480842024997
Post_2641,Instagram,#Fashion,Shorts,USA,-1.6245523044538395,-1.5023300509202089,-1.526885246157621,-0.6633300792290578,Medium,-1.3292744201901818,0.0,8,2640,-0.0012006939486053844
Post_2642,Twitter,#Comedy,Shorts,Canada,-0.5408913287849962,0.6726218231956465,0.7932448944705454,-0.991060609162405,High,-0.01652130507030236,0.0,7,2641,-0.0012092398130082692
Post_2643,Twitter,#Gaming,Reel,India,0.03374294234181613,-1.4650903342919612,0.12212718313670208,-1.0866282599547612,Medium,-0.5989621171920511,0.03318614009358637,7,2642,-0.001217785677411154
Post_2644,Instagram,#Dance,Live Stream,Canada,0.04029657250994001,0.6308856272945185,1.1963972258572997,-0.061919002081556665,High,0.45141510589505035,0.0395058383761637,6,2643,-0.0012263315418140387
Post_2645,Twitter,#Fashion,Post,USA,-1.1526621522917204,-1.431896756177369,-0.5185743243099781,0.5048356742291561,High,-0.6495743896374779,0.0,8,2644,-0.0012348774062169235
Post_2646,YouTube,#Comedy,Video,Germany,-1.6290419933770461,0.9208842912775057,0.35788717073267723,1.0541571307249995,High,0.17597164983953406,0.0,7,2645,-0.0012434232706198117
Post_2647,Twitter,#Education,Post,Japan,-0.46245128288628146,0.6993443510161396,1.1328810353870473,1.6564083630443014,High,0.7565456166403017,0.0,10,2646,-0.0012519691350226965
Post_2648,YouTube,#Challenge,Post,USA,-1.7028779153632112,0.7078731121639299,0.9203116828815109,1.0259419195386847,Medium,0.23781219980522858,0.0,10,2647,-0.0012605149994255813
Post_2649,Twitter,#Gaming,Post,UK,1.2284606768299646,0.240163056271259,1.6834005627565163,-1.0065334669097388,Low,0.5363727072370004,0.8013110676710297,7,2648,-0.001269060863828466
Post_2650,Instagram,#Music,Reel,Japan,0.39737896506434833,0.15718950346383714,0.9673122875306793,0.20805085979047644,Low,0.4324829039623353,0.33459831411347696,6,2649,-0.0012776067282313508
Post_2651,TikTok,#Fitness,Video,Japan,-0.2659766847761654,-0.31307017395798636,0.20171166231205095,0.6250478767276728,High,0.06192817007639301,0.0,8,2650,-0.0012861525926342356
Post_2652,YouTube,#Music,Reel,Brazil,1.320870014302014,0.7531150376676427,-0.7240901453710931,1.007738557482998,High,0.5894083660203904,0.8419421215456421,6,2651,-0.0012946984570371238
Post_2653,Instagram,#Tech,Tweet,Germany,-1.064940537945992,-1.2947506741948276,-1.6258411312022831,1.6693607552762326,Low,-0.5790428970167174,0.0,5,2652,-0.0013032443214400086
Post_2654,Instagram,#Gaming,Shorts,Brazil,0.8244455486163162,-0.28884876943103693,-0.3057641195112177,-0.3540829630753311,Medium,-0.031062575850317353,0.6012761318977972,7,2653,-0.0013117901858428933
Post_2655,Instagram,#Challenge,Live Stream,Japan,0.5794237906859291,1.1934859453156506,0.024478781969542517,-0.37228632513101795,Low,0.356275548210026,0.45706009108422435,10,2654,-0.001320336050245778
Post_2656,Twitter,#Gaming,Tweet,Brazil,-1.1852096560271395,0.5992578493581556,0.5056328488904583,0.9793133075037328,Low,0.22474858743130183,0.0,7,2655,-0.0013288819146486629
Post_2657,Instagram,#Education,Tweet,India,-1.077735329089782,0.9410110590551911,-1.6143146285979848,-0.5485088724162637,Low,-0.5748869427622099,0.0,10,2656,-0.0013374277790515476
Post_2658,TikTok,#Tech,Video,Canada,-0.1671829712819065,-0.9438243696483409,-1.030488669822663,0.8005702947030844,Medium,-0.33523142901245656,0.0,5,2657,-0.0013459736434544359
Post_2659,Twitter,#Viral,Tweet,India,0.14521084483540783,1.327223294166825,0.7792754614635451,0.12977640295102288,High,0.5953715008542002,0.13558876401483974,6,2658,-0.0013545195078573206
Post_2660,TikTok,#Comedy,Video,UK,-1.385492129800604,0.664598829362063,1.0821988313985955,-1.6789376560744187,Medium,-0.32940803127859103,0.0,7,2659,-0.0013630653722602054
Post_2661,TikTok,#Tech,Post,USA,-1.5966438718432845,-0.058980989283688695,0.6625997291316782,0.27169261405439715,Low,-0.18033312948522448,0.0,5,2660,-0.0013716112366630902
Post_2662,Twitter,#Comedy,Tweet,Germany,-0.02415568035009718,-1.6505129456634569,1.1703507707186318,0.5352212862759564,Low,0.00772585774525858,0.0,7,2661,-0.001380157101065975
Post_2663,Instagram,#Gaming,Reel,Germany,0.01345231677632929,-0.6426156849203295,0.37822198577488697,-0.5114020189950558,Low,-0.19058585034104225,0.01336263772845953,7,2662,-0.0013887029654688632
Post_2664,YouTube,#Fitness,Reel,Australia,-0.3617217679255912,0.779858350446254,-1.3605595339511203,-1.0248068418964091,Low,-0.49180744833171663,0.0,8,2663,-0.001397248829871748
Post_2665,TikTok,#Viral,Live Stream,Germany,-0.4195518666717901,-1.5367360849250231,1.0150354490595204,-1.6632547595341347,Medium,-0.6511268155178569,0.0,6,2664,-0.0014057946942746327
Post_2666,Instagram,#Comedy,Shorts,India,-0.5500029578466382,-0.6848576481356644,-1.3260488410791467,1.7315322379895015,Medium,-0.20734430226798695,0.0,7,2665,-0.0014143405586775175
Post_2667,TikTok,#Fitness,Shorts,Australia,-1.570005873186274,0.8149780013464561,0.5995308357774135,1.7092681259367768,Low,0.3884427724685931,0.0,8,2666,-0.0014228864230804023
Post_2668,Twitter,#Tech,Reel,Australia,-0.6845901543848066,1.4268317417880927,1.4321228059828142,-1.4924232079346116,High,0.17048529636287219,0.0,5,2667,-0.001431432287483287
Post_2669,Twitter,#Education,Live Stream,Australia,-1.3640256333266583,0.5071458432981462,0.11035982823917968,0.689459773232411,High,-0.014265047139230352,0.0,10,2668,-0.0014399781518861753
Post_2670,YouTube,#Dance,Live Stream,Germany,-0.4995645371246501,0.8520930082259951,1.6393590005669587,1.2523637383390362,Low,0.8110628025018349,0.0,6,2669,-0.00144852401628906
Post_2671,Twitter,#Fashion,Live Stream,USA,-0.9932363959110012,-1.436995999235674,-0.6472926713030521,-0.9732773246926186,High,-1.0127005977855865,0.0,8,2670,-0.0014570698806919448
Post_2672,Instagram,#Fitness,Shorts,Canada,0.7463378438543162,-1.5900425741785555,-1.0668573660995087,0.591021592269735,Low,-0.32988512603850323,0.5575209346068895,8,2671,-0.0014656157450948296
Post_2673,YouTube,#Dance,Live Stream,India,0.06319796040714495,-1.4382153834452687,1.67954692606493,1.6863738975052014,High,0.4977258501330019,0.06128131006210979,6,2672,-0.0014741616094977143
Post_2674,TikTok,#Comedy,Shorts,Australia,0.919180588805912,-0.7768588010857107,1.0210911638605844,-0.43214738112183443,Low,0.18281639261473787,0.6518983182810233,7,2673,-0.001482707473900599
Post_2675,Instagram,#Dance,Live Stream,Brazil,0.08618637371540717,1.4614040554578518,-1.0316585238183231,0.7484806740514266,Low,0.31610314485159063,0.08267282162683487,6,2674,-0.0014912533383034873
Post_2676,Instagram,#Viral,Shorts,UK,-0.25184636193040183,-0.40099054679751406,-0.27868544025873193,0.3000478511026786,Medium,-0.15786862447099229,0.0,6,2675,-0.001499799202706372
Post_2677,YouTube,#Comedy,Shorts,Australia,0.9590361713517703,-0.7060513770967453,0.4999900237349214,-1.0999307168416093,Medium,-0.0867389747129157,0.6724526029837601,7,2676,-0.0015083450671092569
Post_2678,YouTube,#Music,Tweet,Brazil,1.4895348542834037,1.4322635441762874,-1.5098535482796283,1.4486099838855375,High,0.7151387085164,0.9120958875176207,6,2677,-0.0015168909315121416
Post_2679,TikTok,#Gaming,Live Stream,Brazil,-1.5938857830282804,-0.021498781477396763,0.8769238626307047,-0.5321958594971289,High,-0.31766414034302537,0.0,7,2678,-0.0015254367959150264
Post_2680,Twitter,#Comedy,Post,India,0.7841404489865715,1.3760125191893586,0.7962727518710775,-1.0908290358137658,High,0.46639917105831047,0.5789367580694192,7,2679,-0.0015339826603179112
Post_2681,Twitter,#Education,Tweet,Japan,1.2752488269637474,1.1652114739556731,1.1433753138775278,-1.254379242591014,Low,0.5823640930514836,0.8220894209115197,10,2680,-0.0015425285247207994
Post_2682,Twitter,#Gaming,Shorts,UK,-0.20562833102496278,1.5094034520718982,-1.2278499203846176,0.009844252176439694,Medium,0.021442363209689397,0.0,7,2681,-0.0015510743891236842
Post_2683,Twitter,#Viral,Tweet,Germany,0.6652911470606262,-0.1846676310237889,0.45646457360227277,-1.0735358418608634,High,-0.03411193805543833,0.5099999712451126,6,2682,-0.001559620253526569
Post_2684,TikTok,#Viral,Tweet,Germany,-0.41665878568372877,-1.595017107488152,-0.8292393750986616,1.0239815574711493,High,-0.4542334276998483,0.0,6,2683,-0.0015681661179294537
Post_2685,Instagram,#Tech,Video,India,-0.9404839215422383,-0.5561987573846772,0.001253739408643045,-0.4058225190720719,Medium,-0.47531286464758604,0.0,5,2684,-0.0015767119823323385
Post_2686,YouTube,#Education,Live Stream,India,-0.5998890755661683,-1.5290595070600745,-0.8663650357256402,1.4933482467839372,Low,-0.37549134289198643,0.0,10,2685,-0.0015852578467352232
Post_2687,Twitter,#Comedy,Shorts,Japan,0.2851011095324126,1.4320626229144793,-1.402226980678897,0.8532200188026096,High,0.2920391926426511,0.25083739971274477,7,2686,-0.0015938037111381115
Post_2688,YouTube,#Tech,Video,Japan,0.16631416439706728,-0.41145230905028685,-0.994085566075357,1.2714772684975075,High,0.008063389442232727,0.1538484893698072,5,2687,-0.0016023495755409962
Post_2689,TikTok,#Viral,Reel,Canada,-0.23708561878406598,1.3292948616592615,1.3005142314710505,-0.898573527333319,High,0.37353748675323173,0.0,6,2688,-0.001610895439943881
Post_2690,YouTube,#Viral,Post,UK,0.2237111918063513,0.8081951766805856,-0.019356335397251453,0.6606844585982291,Medium,0.4183086229219787,0.20188820184193795,6,2689,-0.0016194413043467658
Post_2691,YouTube,#Music,Reel,India,-0.5556459047762179,-1.6532219185381813,0.5726586013476912,0.7093434456316998,High,-0.23171644408375208,0.0,6,2690,-0.0016279871687496505
Post_2692,TikTok,#Gaming,Shorts,Germany,0.452402322994086,-1.7281863341507653,-0.34141025890839083,-1.6332192121422513,Medium,-0.8126033705518304,0.3732189599743396,7,2691,-0.0016365330331525388
Post_2693,TikTok,#Education,Post,Canada,-0.6831436138907759,-1.0991087917486035,-0.7451819247634358,0.13236688139740907,High,-0.5987668622513516,0.0,10,2692,-0.0016450788975554236
Post_2694,YouTube,#Fashion,Post,Australia,-1.5790188277660873,0.7057114765196484,1.1646391306221735,0.8000802041862005,Medium,0.2728529958904838,0.0,8,2693,-0.0016536247619583083
Post_2695,Instagram,#Gaming,Video,Australia,0.7418714530726526,1.0529311302017421,1.6195747050521185,0.465838471671396,Medium,0.9700539399994773,0.5549600829822658,7,2694,-0.001662170626361193
Post_2696,Twitter,#Challenge,Reel,Australia,-0.004158337272267913,1.3999567909414004,1.3380527817435564,-0.43095716129511646,Low,0.5757235185293931,0.0,10,2695,-0.0016707164907640779
Post_2697,TikTok,#Music,Reel,Brazil,-1.3190081419501352,-0.29107275994967274,-0.6568923555615572,-0.15832680804571372,High,-0.6063250163767697,0.0,6,2696,-0.0016792623551669626
Post_2698,Twitter,#Education,Live Stream,Japan,-0.20688711590773606,-0.15466800814000994,-1.7084534677781642,0.979523346296683,Medium,-0.2726213113823068,0.0,10,2697,-0.0016878082195698509
Post_2699,YouTube,#Viral,Post,USA,0.4106657581383678,-1.5648650615781738,-1.2317379645466646,0.5557350750540959,High,-0.45755054823309366,0.3440617618458814,6,2698,-0.0016963540839727356
Post_2700,Instagram,#Challenge,Video,Brazil,1.5646199677999422,0.9296763285614585,-0.5965072449032186,0.8416678851903466,Medium,0.6848642341621322,0.9418103069440749,10,2699,-0.0017048999483756204
Post_2701,YouTube,#Fashion,Reel,UK,-1.0495342992310266,-1.3012771510439083,0.2944397952033459,1.170238570295495,Low,-0.2215332711940235,0.0,8,2700,-0.0017134458127785052
Post_2702,Twitter,#Tech,Shorts,India,1.397966990864727,-0.3338689887148234,0.7300039637639776,-0.5471786267275789,High,0.3117308347965756,0.8746212912331519,5,2701,-0.00172199167718139
Post_2703,YouTube,#Fashion,Live Stream,Japan,-1.2087483166194881,-1.7158054274317553,-1.2003583514866047,0.6801480534116173,High,-0.8611910105315577,0.0,8,2702,-0.0017305375415842747
Post_2704,Twitter,#Challenge,Reel,India,1.0883367454780737,0.032916238875767174,0.4360609436191418,-0.4696042991979594,Low,0.2719274071937558,0.7363679335866831,10,2703,-0.001739083405987163
Post_2705,YouTube,#Tech,Tweet,UK,1.1377692346769748,-1.008645725699296,-0.11311669240236415,1.3054335400244619,High,0.33036008914994414,0.7597628716403816,5,2704,-0.0017476292703900477
Post_2706,TikTok,#Viral,Live Stream,UK,0.3518091706853674,-0.0983130583624908,0.6341447510607688,-0.24493280367219322,Low,0.16067701492786307,0.30144382171597073,6,2705,-0.0017561751347929325
Post_2707,Instagram,#Fashion,Reel,Canada,0.14910300495198495,0.10067520234074594,-1.5063095788221872,1.117938910850887,Medium,-0.034648115169642335,0.13898164232631732,8,2706,-0.0017647209991958172
Post_2708,TikTok,#Education,Live Stream,India,-0.4233138312915099,-0.7035571821225742,0.5239376231754932,0.21246167444243133,High,-0.09761792894903987,0.0,10,2707,-0.001773266863598702
Post_2709,Twitter,#Viral,Reel,UK,-1.6601909233804346,-0.4452832925471673,-1.2580596794490173,0.6664255189388688,Low,-0.6742770941094376,0.0,6,2708,-0.0017818127280015868
Post_2710,Instagram,#Fitness,Tweet,Brazil,-1.7005597502796936,-0.6989983479753394,-0.9540696779296887,-1.0047831436351535,Low,-1.0896027299549689,0.0,8,2709,-0.001790358592404475
Post_2711,TikTok,#Education,Reel,India,1.1461743818583012,-0.26021402546367933,0.867117733549436,1.487537173512314,Low,0.810153815864093,0.763686899927815,10,2710,-0.0017989044568073598
Post_2712,TikTok,#Dance,Video,Brazil,0.26251835798277956,-0.3928428432152221,0.44724337151883414,-1.69497061726962,High,-0.3445129327458071,0.23310842303811793,6,2711,-0.0018074503212102445
Post_2713,TikTok,#Fitness,Post,Brazil,-0.15037747359545334,-1.0690675989485885,-0.5249397063451876,0.42495091997708395,High,-0.3298584647280363,0.0,8,2712,-0.0018159961856131293
Post_2714,YouTube,#Music,Reel,USA,1.3768739498949245,1.6787315775406182,0.7729788943692568,1.3481414279243427,Medium,1.2941814624322854,0.865786157899574,6,2713,-0.001824542050016014
Post_2715,Instagram,#Tech,Post,Australia,0.7133531573452394,0.17924234402713238,-1.0947618246430486,0.19152780807839143,High,-0.002659628798071356,0.5384523611669917,5,2714,-0.0018330879144188988
Post_2716,YouTube,#Education,Shorts,Brazil,-1.203432228910966,0.05029246386249179,-1.1366701236640493,-1.2504585184559431,Medium,-0.8850671017921167,0.0,10,2715,-0.001841633778821787
Post_2717,Twitter,#Comedy,Video,India,-1.410384823560269,0.25802426361407244,-1.7213218617304253,-1.0161952513854495,Medium,-0.9724694182655179,0.0,7,2716,-0.0018501796432246718
Post_2718,TikTok,#Fitness,Video,Brazil,0.13660697821150952,-0.19948037784261552,-0.6081369699188987,-0.6293738077021035,High,-0.3250960443130271,0.12804748941113928,8,2717,-0.0018587255076275566
Post_2719,Instagram,#Challenge,Live Stream,UK,1.457574600762757,0.1535867773900346,-0.24365863532984947,-0.4564418681730781,Medium,0.227765218662466,0.899174928941718,10,2718,-0.0018672713720304414
Post_2720,Twitter,#Comedy,Video,Japan,1.1588211612793484,-1.6639815985239803,1.3575274100242511,-0.8594362989135922,High,-0.0017673315334932327,0.7695623140486366,7,2719,-0.0018758172364333262
Post_2721,Instagram,#Music,Live Stream,UK,-0.9068256446467889,1.2325270249807994,-0.04516193824269531,1.6976459793935306,Low,0.4945463553712114,0.0,6,2720,-0.0018843631008362144
Post_2722,TikTok,#Gaming,Video,USA,-0.8761310284034869,-0.9633483736406017,1.033787520460543,-1.5508139923747766,Medium,-0.5891264684895805,0.0,7,2721,-0.0018929089652390992
Post_2723,Twitter,#Music,Tweet,Japan,0.4966502904602365,-0.4771397050228291,-0.06467097399385087,-0.687554553349318,Medium,-0.18317873547644037,0.40322947124015796,6,2722,-0.001901454829641984
Post_2724,TikTok,#Fitness,Post,Germany,-0.19707585736035027,-0.9911170776863721,1.4804653019799459,-1.315010440822648,Low,-0.2556845184723561,0.0,8,2723,-0.0019100006940448687
Post_2725,YouTube,#Comedy,Shorts,UK,-0.9238545303962711,0.24602441446056084,-0.9704476338689304,0.10429169607306123,Low,-0.38599651343289487,0.0,7,2724,-0.0019185465584477535
Post_2726,YouTube,#Challenge,Tweet,India,-1.0011673573879842,1.440189541538653,0.5864559970023886,1.2504733892024842,Medium,0.5689878925888854,0.0,10,2725,-0.0019270924228506382
Post_2727,TikTok,#Viral,Post,Germany,-0.05299466814345367,0.8248577847719224,-0.166654716439045,0.7569522387004193,High,0.34054015972246077,0.0,6,2726,-0.0019356382872535265
Post_2728,Twitter,#Gaming,Tweet,USA,-0.37770018158727175,-0.9886298110315738,0.7329974136940491,1.7397237509145607,Medium,0.2765977929974411,0.0,7,2727,-0.0019441841516564112
Post_2729,YouTube,#Comedy,Post,India,1.5207619015849065,1.3002444185295419,1.1028433136749507,-0.5374468293208847,High,0.8466007011171286,0.9245611977260029,7,2728,-0.001952730016059296
Post_2730,TikTok,#Fashion,Video,Germany,-0.20505752655716195,-1.311420210605537,1.1288209538726974,-0.5707729844689884,Medium,-0.23960744193974748,0.0,8,2729,-0.0019612758804621808
Post_2731,Instagram,#Challenge,Tweet,India,-0.9204680769990661,-1.291397367618442,-0.6534860159859586,0.38833415707276,Medium,-0.6192543258826767,0.0,10,2730,-0.0019698217448650655
Post_2732,YouTube,#Education,Reel,Australia,0.9395602955008275,0.9779874995472762,-0.4275665649417127,0.7686443981746489,Low,0.56465640707026,0.6624612955821377,10,2731,-0.0019783676092679503
Post_2733,Twitter,#Challenge,Reel,Australia,0.12761937749161065,0.08640286443298968,-1.105084065781226,0.4276114113544536,Low,-0.11586260312554303,0.12010866483135196,10,2732,-0.0019869134736708385
Post_2734,Twitter,#Viral,Live Stream,UK,-0.7959559561992838,0.39378468172207437,1.023224427029141,0.6219673077644028,High,0.3107551150790836,0.0,6,2733,-0.0019954593380737233
Post_2735,Instagram,#Gaming,Live Stream,Brazil,1.2462597717292763,-0.8812824306710032,1.646756606715986,-1.1504100400806485,Medium,0.21533097692340264,0.8092665093473609,7,2734,-0.002004005202476608
Post_2736,TikTok,#Fitness,Post,Japan,0.15717444051768248,-1.5532670549482788,0.21595635508273597,0.25327921320576,High,-0.2317142615355251,0.14598120652513827,8,2735,-0.002012551066879493
Post_2737,Twitter,#Comedy,Reel,Brazil,-1.6692874771740194,-0.16553161291639917,-1.5924314773850485,1.3960302727169958,High,-0.5078050736896179,0.0,7,2736,-0.0020210969312823776
Post_2738,Twitter,#Comedy,Video,Canada,1.6663766567068912,0.4525783999187829,-1.0427033218361732,-0.838782484273486,High,0.059367312629003716,0.9807204933626942,7,2737,-0.0020296427956852624
Post_2739,YouTube,#Education,Video,Brazil,-1.6192190857588888,-0.1577511102608602,-0.7336210146886769,0.500214820784251,High,-0.5025940974810438,0.0,10,2738,-0.0020381886600881506
Post_2740,Instagram,#Dance,Shorts,Canada,0.7098282855776913,-1.3760198604365659,-1.1507083716119708,-0.11540888135288273,High,-0.48307720695593204,0.5363929476815408,6,2739,-0.0020467345244910354
Post_2741,TikTok,#Comedy,Live Stream,Australia,1.2199054622075234,-1.3846040481393378,0.523283881236742,1.091404010008174,High,0.3624973263282754,0.797464610386233,7,2740,-0.00205528038889392
Post_2742,Instagram,#Music,Reel,Canada,0.04853383602426635,-0.8046552184089719,-0.7565019825449705,-1.2116013417601499,Medium,-0.6810561766724565,0.047392841725425426,6,2741,-0.002063826253296805
Post_2743,YouTube,#Comedy,Reel,Brazil,-0.12141993937601095,0.8805268309315445,0.7002070943451051,-0.24633306229186144,High,0.30324523090219435,0.0,7,2742,-0.0020723721176996897
Post_2744,YouTube,#Gaming,Tweet,UK,0.270922819924649,-1.720890813851315,1.6448641958406534,-1.2916261218741887,Medium,-0.27418247999005035,0.23974326646476515,7,2743,-0.0020809179821025744
Post_2745,Instagram,#Fitness,Reel,Japan,-1.2076971592922294,-1.6648961366811763,0.30255995823204557,0.7423895490558698,Low,-0.4569109471713726,0.0,8,2744,-0.0020894638465054627
Post_2746,YouTube,#Fitness,Tweet,Brazil,1.712145855767901,-0.2997054458880535,-0.6495979718239118,-1.2376461520859787,Low,-0.11870092850751074,0.9977401502573016,8,2745,-0.0020980097109083475
Post_2747,Twitter,#Education,Shorts,Brazil,-0.5284727341031781,-0.034101394416333,-0.4681673800852111,-1.6670354578072388,Medium,-0.6744442416029903,0.0,10,2746,-0.0021065555753112322
Post_2748,Twitter,#Comedy,Tweet,Japan,-0.6960727119681662,-0.2595974050395093,-0.5658157812523706,-1.400356203691426,Medium,-0.730460525487868,0.0,7,2747,-0.002115101439714117
Post_2749,YouTube,#Education,Video,Brazil,1.3846411391416502,0.8897484240166045,-0.3991804018117245,0.9994770316269552,High,0.7186715482433713,0.869048647250495,10,2748,-0.0021236473041170018
Post_2750,Instagram,#Gaming,Shorts,Australia,0.08082231924488503,-0.44155585672465625,0.14958434456425437,-0.7675793334633569,Medium,-0.24468213159471844,0.07772215812132292,7,2749,-0.0021321931685198865
Post_2751,YouTube,#Fashion,Tweet,Germany,-1.214929861762383,-0.12509794105733824,-1.0671670333336538,-0.29940286397728705,Medium,-0.6766494250326656,0.0,8,2750,-0.0021407390329227748
Post_2752,Twitter,#Comedy,Video,Brazil,-1.339580400932508,0.7055313402159582,0.2217024026496548,0.01355493751856048,High,-0.09969793013708365,0.0,7,2751,-0.0021492848973256595
Post_2753,Instagram,#Comedy,Shorts,Canada,1.3233423582633892,1.147183986947915,1.5759116250376275,1.4244555226962605,Medium,1.3677233732362981,0.8430068205716947,7,2752,-0.0021578307617285443
Post_2754,YouTube,#Dance,Tweet,India,1.4222621558177624,1.4483926716759266,-1.0032035457474138,-0.3542229889372979,Medium,0.37830707320224427,0.8847018786697083,6,2753,-0.002166376626131429
Post_2755,TikTok,#Comedy,Reel,Germany,-0.11144216764053921,0.02075011005731086,0.45646457360227277,1.0989654065543826,Low,0.36618448064335674,0.0,7,2754,-0.002174922490534314
Post_2756,TikTok,#Music,Post,Germany,-0.11843777725852088,-0.7641591916755568,0.7873956244922448,-0.2896710665705929,High,-0.09621810275310645,0.0,6,2755,-0.002183468354937202
Post_2757,Instagram,#Challenge,Shorts,USA,-0.6151644335448193,1.2962259932933775,-0.14315441411446078,-0.9876999884752014,Medium,-0.112448210710276,0.0,10,2756,-0.002192014219340087
Post_2758,Instagram,#Dance,Shorts,Brazil,0.05107059249461292,-1.6213100795075381,-0.7924233817058284,0.2886357433523826,Medium,-0.5185067813415928,0.049809256617912814,6,2757,-0.0022005600837429716
Post_2759,Instagram,#Music,Tweet,Australia,-0.6108796312192987,-1.0822175491179677,-0.5975050615465758,0.47038931218531777,High,-0.4550532324246311,0.0,6,2758,-0.0022091059481458564
Post_2760,YouTube,#Challenge,Tweet,Australia,1.0611368504662053,1.4685540810504754,-1.2740591532131924,-1.0444804755027477,High,0.05278782570018514,0.7232576997360604,10,2759,-0.002217651812548741
Post_2761,TikTok,#Gaming,Video,Japan,-0.581915929844742,0.3267601201106015,1.3616218990090616,-1.1651827685181484,Low,-0.014679169810806858,0.0,7,2760,-0.002226197676951626
Post_2762,Twitter,#Music,Reel,Canada,1.5890946654907494,-0.7781336118502871,0.655546197687257,0.05871327800286062,High,0.38130513233264496,0.9513082646010319,6,2761,-0.002234743541354514
Post_2763,YouTube,#Music,Tweet,USA,-0.039165165419376285,-0.241847050806659,-0.6128852008424602,-0.3458214372192886,Medium,-0.309929713571946,0.0,6,2762,-0.002243289405757399
Post_2764,Twitter,#Challenge,Tweet,Brazil,-1.5968295717361705,-0.1870786861654875,0.16486126144875712,-1.398115789899957,Medium,-0.7542906965882146,0.0,10,2763,-0.0022518352701602837
Post_2765,YouTube,#Music,Post,Brazil,-0.059631897525349094,-1.2029850841034528,-0.7568116497791159,-0.5764440318786447,Medium,-0.6489681658216406,0.0,6,2764,-0.0022603811345631684
Post_2766,Instagram,#Education,Tweet,Germany,-1.060563228293757,1.1479045321626755,1.4010872676273605,0.00893408407365535,Low,0.3743406638924836,0.0,10,2765,-0.002268926998966053
Post_2767,Instagram,#Comedy,Reel,UK,0.8591652614308813,-1.1726113319735483,0.8790915332697219,0.44133394582720215,Medium,0.2517448521385643,0.620127602814406,7,2766,-0.002277472863368938
Post_2768,TikTok,#Tech,Video,Japan,1.1684707033148483,0.5353302465062785,1.314208404714366,0.30445866575463354,Medium,0.8306170050725316,0.7740221740866644,5,2767,-0.002286018727771826
Post_2769,TikTok,#Music,Reel,Canada,1.655286741332475,-0.4078357263377389,-0.7275308924171522,0.6895997990943779,High,0.3023799804179904,0.9765526493641417,6,2768,-0.002294564592174711
Post_2770,Twitter,#Education,Video,UK,0.7794547815786218,0.6294029669487612,0.9206557575861168,1.245852535757579,High,0.8938415104677697,0.5763070148998862,10,2769,-0.0023031104565775957
Post_2771,Twitter,#Education,Post,Canada,-1.4082633222009515,1.1598212414837148,0.38255732705292156,0.14356895035475487,High,0.06942104917260992,0.0,10,2770,-0.0023116563209804805
Post_2772,Instagram,#Challenge,Tweet,Canada,0.4104581305828532,0.8415896760569861,-0.40730056484042415,-0.4418091655975452,High,0.10073451905046747,0.34391456692351763,10,2771,-0.0023202021853833653
Post_2773,YouTube,#Dance,Video,UK,-0.6100004689957832,-0.08943788124606566,-1.0911490402446864,0.1174541270979425,Medium,-0.4182833158471482,0.0,6,2772,-0.00232874804978625
Post_2774,Instagram,#Fitness,Reel,Canada,0.7813686553824246,0.20216122451201476,-0.3979073254046826,-0.7718501222533449,Low,-0.046556891940897016,0.5773819763642676,8,2773,-0.0023372939141891383
Post_2775,Instagram,#Dance,Post,Brazil,0.8448567763262604,-0.06365760486025933,1.488963947183712,-1.6332192121422513,Low,0.1592359766268655,0.6124016464718339,6,2774,-0.002345839778592023
Post_2776,Twitter,#Dance,Live Stream,Brazil,-1.17973938944076,-0.027685770677215376,-0.919731022410018,-0.8626568937388291,High,-0.7474532690667056,0.0,6,2775,-0.002354385642994908
Post_2777,TikTok,#Music,Reel,India,-0.4946198492019,1.6786276527500277,-1.567107579126053,0.453236144094382,Low,0.01753409212911418,0.0,6,2776,-0.0023629315073977926
Post_2778,Instagram,#Education,Shorts,Japan,1.4848114987053112,-0.9923087486184761,0.4788982443425786,1.5112015441847069,Low,0.6206506346535301,0.9101968010196203,10,2777,-0.0023714773718006774
Post_2779,YouTube,#Fashion,Post,Germany,-1.6220847571686645,-0.604004161056288,0.47184471289815727,-1.4478249708981787,High,-0.8005172940562435,0.0,8,2778,-0.002380023236203562
Post_2780,YouTube,#Fitness,Shorts,India,0.6375697848218713,1.579407191013631,-0.18186281838262658,-0.5510293379316665,High,0.3710212048803022,0.4932133043043171,8,2779,-0.0023885691006064504
Post_2781,YouTube,#Gaming,Post,Germany,0.960453931788601,-0.02316850644621679,0.06772897233850643,1.0243316221260663,Low,0.5073365049517392,0.6731760442791106,7,2780,-0.002397114965009335
Post_2782,TikTok,#Comedy,Video,Japan,-1.6573142881393446,-1.1475100308862662,0.06325600117862949,1.3722958891136194,Medium,-0.34231810718334044,0.0,7,2781,-0.00240566082941222
Post_2783,Twitter,#Viral,Post,Australia,1.5906467328611804,0.7090924963735246,-0.045609235358683005,-0.05246725639879617,Medium,0.5504156843693064,0.9519075483480451,6,2782,-0.0024142066938151047
Post_2784,YouTube,#Dance,Video,India,0.4482525128416228,-1.1481682212266726,0.6236160650998277,-0.5179132215765131,Low,-0.1485532162154338,0.37035766608138593,6,2783,-0.0024227525582179894
Post_2785,Instagram,#Viral,Shorts,USA,0.5067322185931941,-0.6974186911583645,0.270664233115077,-1.6228572983567064,Low,-0.38571988445169997,0.40994321214542495,6,2784,-0.002431298422620874
Post_2786,Instagram,#Music,Tweet,Brazil,0.9115799127472723,0.5254227498033215,-1.0104635220145985,0.5926318896823535,Low,0.2547927575545872,0.6479300795829941,6,2785,-0.0024398442870237624
Post_2787,Instagram,#Viral,Shorts,Australia,-1.0206740690144986,-0.42812184546099635,-0.1540615822504684,-1.0259270487921437,Medium,-0.6571961363795267,0.0,6,2786,-0.002448390151426647
Post_2788,TikTok,#Fitness,Live Stream,USA,0.5313419084570586,-1.4945980465002786,-1.0110484490124287,-1.1438988374991914,Low,-0.77955085613871,0.42614441535916864,8,2787,-0.002456936015829532
Post_2789,Instagram,#Fashion,Tweet,USA,-1.3788788837997086,-1.3150229366793396,-1.4666033579106643,0.6616646396319968,Low,-0.8747101346894289,0.0,8,2788,-0.0024654818802324167
Post_2790,TikTok,#Music,Shorts,Brazil,-1.231807309591836,0.6331650443681358,0.7500979265129633,0.7703247085182509,Low,0.23044509245187847,0.0,6,2789,-0.0024740277446353015
Post_2791,YouTube,#Dance,Reel,Canada,1.5122923418946086,0.44114667295383253,-1.34136016543411,-1.6170462250850834,Medium,-0.2512418439176881,0.9211956199772997,6,2790,-0.0024825736090381897
Post_2792,YouTube,#Fitness,Live Stream,Canada,-0.6496381453942697,-1.619072232350157,0.564504030848531,-0.30010299328712114,Low,-0.5010773350457541,0.0,8,2791,-0.0024911194734410745
Post_2793,TikTok,#Fitness,Post,Brazil,0.6920922327084368,-1.6192592969732196,-0.5081488607604188,-1.2037598934900078,High,-0.6597689546288024,0.5259657707553536,8,2792,-0.0024996653378439593
Post_2794,Instagram,#Music,Reel,UK,0.9058759795060068,1.4615218368871876,1.422626344135691,1.1700285315025447,High,1.2400131730078574,0.6449417346501217,6,2793,-0.002508211202246844
Post_2795,YouTube,#Dance,Live Stream,India,-1.5348023813149654,-0.6147638410420867,-0.06346671252773016,-0.4048423380383041,Low,-0.6544688182307715,0.0,6,2794,-0.002516757066649729
Post_2796,YouTube,#Viral,Video,UK,-1.3680904737864357,0.31669327206207243,0.8060788809523461,-1.6976311086469895,Medium,-0.48573735735475165,0.0,6,2795,-0.0025253029310526136
Post_2797,YouTube,#Music,Tweet,Brazil,0.5012619520068147,-1.485826794174444,0.0821457024614944,0.574148475902733,Medium,-0.0820676659508505,0.40630605575043277,6,2796,-0.002533848795455502
Post_2798,Instagram,#Gaming,Video,Canada,1.2625232450051287,0.6163638698893451,0.018870364284466052,-1.5527043415113286,Medium,0.08626328441690279,0.8164806705745826,7,2797,-0.0025423946598583866
Post_2799,Twitter,#Music,Tweet,USA,0.971824110100989,1.18565001610513,-1.151121261257498,-1.4018264752420777,High,-0.09886840257336416,0.6789590585416965,6,2798,-0.0025509405242612714
Post_2800,TikTok,#Education,Reel,Canada,-0.2716792475385166,1.5154795881617535,-0.8568685738785168,0.956699130796091,Low,0.3359077243852028,0.0,10,2799,-0.002559486388664156
Post_2801,Instagram,#Music,Live Stream,Japan,-0.39137207923620604,0.6600122819373375,-0.6707585661571757,0.2637811528532717,Low,-0.03458430265069312,0.0,6,2800,-0.002568032253067041
Post_2802,TikTok,#Fashion,Tweet,Australia,-0.7320642292151903,-0.01725865002130607,-0.7598395071796479,-0.46015255351519885,High,-0.4923287349828358,0.0,8,2801,-0.0025765781174699257
Post_2803,Twitter,#Music,Live Stream,USA,-1.3110018041328664,-1.0254607568168321,0.37498768355159134,0.7212456438988797,High,-0.31005730837480683,0.0,6,2802,-0.002585123981872814
Post_2804,YouTube,#Dance,Video,Australia,-0.9036543564391272,0.9373113365101708,-0.321419518570787,-0.7411844584826109,Medium,-0.2572367492455886,0.0,6,2803,-0.0025936698462756987
Post_2805,Twitter,#Education,Video,Australia,0.8734298912102451,-0.6663313221330721,0.4418413986565212,0.7869877860923027,High,0.3589819384564992,0.6277709172598418,10,2804,-0.0026022157106785834
Post_2806,TikTok,#Challenge,Post,UK,1.6465444563382337,1.7088281968956147,0.7581836820712023,-0.5214138681256836,Medium,0.8980356167948417,0.9732548103377625,10,2805,-0.002610761575081468
Post_2807,Instagram,#Tech,Live Stream,UK,-1.2248445914677974,-1.2607672676717476,0.8363230474872063,0.3189513424681996,Low,-0.33258436729603474,0.0,5,2806,-0.002619307439484353
Post_2808,YouTube,#Viral,Live Stream,Germany,-0.19970238019958267,0.5755006422291769,-1.3291799208910606,0.6489222861930161,High,-0.07611484316711259,0.0,6,2807,-0.0026278533038872377
Post_2809,TikTok,#Fashion,Video,India,-0.3926082512168936,-0.46545163024108893,-1.2346281920653543,1.7145891086915162,Low,-0.09452474120795512,0.0,8,2808,-0.002636399168290126
Post_2810,YouTube,#Education,Post,Japan,-0.9145996862880861,1.1693268956630554,-0.7993736907388679,-0.9080252730160795,High,-0.3631679385949945,0.0,10,2809,-0.0026449450326930107
Post_2811,Instagram,#Challenge,Reel,UK,1.3075955555382233,0.41315626268813577,-0.44494233752431156,-0.9200674971452262,Low,0.08893549588920532,0.8362060973882656,10,2810,-0.0026534908970958955
Post_2812,Instagram,#Fitness,Shorts,USA,1.3204389986834706,0.21838734848287164,-0.6070703383346202,0.047581221976498264,Medium,0.24483430770205505,0.8417563913481584,8,2811,-0.0026620367614987803
Post_2813,Twitter,#Gaming,Tweet,Canada,1.5088428464673462,-0.6694906357670221,1.6538101381604073,1.1717788547771302,High,0.9162353009094654,0.9198216294988378,7,2812,-0.002670582625901665
Post_2814,TikTok,#Comedy,Post,Canada,1.0682064659455586,-1.6556052604023892,1.4546252916640414,0.6852589973734063,Medium,0.3881213736451543,0.7266817901276251,7,2813,-0.00267912849030455
Post_2815,YouTube,#Viral,Shorts,UK,0.02418179619628785,-1.3084063916784137,0.03731276845134327,-1.0808871996141214,High,-0.581949756661226,0.023894046207718497,6,2814,-0.002687674354707438
Post_2816,Instagram,#Dance,Reel,Canada,0.07852265562671024,-1.0577120834967377,1.1173288587388597,0.6873593853029087,High,0.20637470404293523,0.07559219323442185,6,2815,-0.002696220219110323
Post_2817,YouTube,#Viral,Tweet,USA,-1.4506858117532708,-1.428120822119249,1.3596950806632686,-1.2304348201946875,Medium,-0.6873865933509846,0.0,6,2816,-0.0027047660835132076
Post_2818,YouTube,#Gaming,Reel,Canada,-0.8883125302331333,1.5834879711241494,-1.579322231139563,0.2530691744128098,High,-0.15776940395893424,0.0,7,2817,-0.0027133119479160923
Post_2819,YouTube,#Challenge,Shorts,USA,-1.2393004030557042,0.4971067085271079,1.2454966862045642,-1.6765572164209828,High,-0.2933135561862537,0.0,10,2818,-0.002721857812318977
Post_2820,Twitter,#Fitness,Reel,USA,1.4062864831139106,0.1608130144957578,0.534913606252422,-0.9486327729864579,Medium,0.28834508271890813,0.8780846807525914,8,2819,-0.0027304036767218653
Post_2821,TikTok,#Fitness,Reel,Canada,1.5208715398980497,0.5699857000085099,-0.7116690485348194,0.7302072990647562,Medium,0.5273488726091241,0.9246046908971876,8,2820,-0.00273894954112475
Post_2822,Instagram,#Viral,Video,Australia,-0.9822821579490995,-1.72123722981995,-0.8084572629404642,-1.5680371733966956,Medium,-1.2700034560265525,0.0,6,2821,-0.002747495405527635
Post_2823,Instagram,#Comedy,Live Stream,USA,-1.4274698989452368,0.4635874994019988,-0.9886835932130441,0.6692260361782052,High,-0.3208349891445192,0.0,7,2822,-0.0027560412699305196
Post_2824,Instagram,#Education,Shorts,Germany,1.5294829441559765,1.4366283853810866,-1.0558813830225797,-0.7779412472489018,High,0.2830721748163954,0.9280149119542318,10,2823,-0.0027645871343334044
Post_2825,YouTube,#Education,Video,Brazil,-1.1808501626007901,-1.4959074988617185,-0.5059123751804804,-0.713949428330064,High,-0.9741548662432633,0.0,10,2824,-0.002773132998736289
Post_2826,Twitter,#Comedy,Video,USA,1.3978039038739267,1.21269817493614,-0.08039518799434134,-1.1143533806241919,Medium,0.35393837754788343,0.874553278396658,7,2825,-0.0027816788631391774
Post_2827,YouTube,#Fitness,Video,Germany,-0.8384963069382319,-1.122235521814667,-1.5876832464614867,0.851259656735074,High,-0.6742888546198278,0.0,8,2826,-0.002790224727542062
Post_2828,TikTok,#Comedy,Reel,UK,-0.5054199082859444,-1.046218001657433,1.6526402841647472,-0.8709184195948716,Low,-0.19247901134337547,0.0,7,2827,-0.002798770591944947
Post_2829,TikTok,#Music,Live Stream,India,0.23015860985861786,1.216287044371197,-1.0045454370953768,1.1942530056228051,Medium,0.4090383056893108,0.20714311217541448,6,2828,-0.0028073164563478317
Post_2830,Instagram,#Fashion,Live Stream,UK,0.5135277382896898,-0.8467378302787348,-0.7485538568685738,0.08412797194983884,High,-0.24940899422694496,0.4144431765595898,8,2829,-0.0028158623207507165
Post_2831,Instagram,#Viral,Post,Germany,0.8507655961652119,1.0397118968386359,-0.15086168749763335,-0.23695132954008435,Medium,0.37566611899153246,0.6155993892488099,6,2830,-0.0028244081851536013
Post_2832,Twitter,#Comedy,Shorts,Germany,1.3735279256256911,-1.441319270524237,-1.5736449985135654,-0.29947287690827046,High,-0.48522730508009543,0.8643774245291058,7,2831,-0.0028329540495564895
Post_2833,Twitter,#Comedy,Post,Canada,-0.6001953776035116,1.581991454139647,-0.9418550259161786,-0.23268054075009628,Low,-0.0481848725325349,0.0,7,2832,-0.0028414999139593743
Post_2834,TikTok,#Viral,Live Stream,India,1.3415813768941873,-1.4794735253096807,0.8751002666962933,-1.3890141088721135,Medium,-0.1629514976478284,0.8508265032097391,6,2833,-0.002850045778362259
Post_2835,Twitter,#Fashion,Live Stream,India,0.6334480694871509,0.9043048230186413,-0.14133081818004942,-0.8656674497711158,High,0.13268865613865674,0.4906931606060789,8,2834,-0.002858591642765144
Post_2836,Instagram,#Fashion,Video,Germany,1.4063111517343676,-1.0313983265192337,1.2511051038896408,-1.0663945229005554,Medium,0.13990585155105484,0.8780949324388236,8,2835,-0.0028671375071680286
Post_2837,Instagram,#Dance,Video,Brazil,-0.7286065109144424,0.4450542450800338,-1.7038428667364447,-1.3888040700791633,Low,-0.8440498006625041,0.0,6,2836,-0.0028756833715709133
Post_2838,Instagram,#Challenge,Reel,USA,-1.5521594967644192,0.8769656747739781,1.6445201211360476,-1.2335153891579576,High,-0.06604727250308776,0.0,10,2837,-0.0028842292359738016
Post_2839,Instagram,#Fashion,Shorts,Canada,-1.047111977750023,0.28737955279619054,0.4603870252347802,1.2197377125007667,Medium,0.2300980781954286,0.0,8,2838,-0.0028927751003766863
Post_2840,Instagram,#Gaming,Post,Germany,1.6671352167859494,0.13276717767507948,1.4081063916013212,1.4474197640588196,High,1.1638571375302924,0.9810049438719142,7,2839,-0.002901320964779571
Post_2841,TikTok,#Gaming,Shorts,India,-1.2500346791518628,0.08069392926988717,0.5091080034069781,1.1255703203280787,Medium,0.11633439346327029,0.0,7,2840,-0.002909866829182456
Post_2842,Twitter,#Fashion,Reel,Australia,0.32057047431309305,-0.8623473338254217,0.201539624959748,-1.324882264091309,Medium,-0.4162798746609724,0.2780638207463967,8,2841,-0.0029184126935853406
Post_2843,YouTube,#Fitness,Tweet,Canada,1.386097272988081,-1.6957548711671697,1.4744095871788816,1.0464557083168242,Low,0.5528019243291542,0.869659091071077,8,2842,-0.0029269585579882254
Post_2844,YouTube,#Tech,Live Stream,Brazil,0.8316830477626697,0.7355517480578553,1.6648549361782572,0.8202439283094229,Medium,1.0130834150770514,0.6052352424210071,5,2843,-0.0029355044223911136
Post_2845,Twitter,#Fitness,Shorts,Australia,0.7655752563741729,0.7641726353864674,1.6209165964000816,-0.4817865491890729,High,0.6672194847429123,0.5684765615747921,8,2844,-0.0029440502867939984
Post_2846,TikTok,#Music,Reel,USA,0.5617624289175032,-0.44204083908074504,-1.0463849211754563,-0.8034959670578468,Medium,-0.43253982459913626,0.44581494568707397,6,2845,-0.002952596151196883
Post_2847,TikTok,#Education,Reel,Brazil,1.031627013244305,-0.7560253447320102,0.5756864587482233,-1.047280992742084,High,-0.04899821637039148,0.7088369563934247,10,2846,-0.002961142015599768
Post_2848,YouTube,#Dance,Shorts,USA,-1.2632988593237966,-1.07395206410634,0.6222397662814041,-1.0684949108300577,Low,-0.6958765169946977,0.0,6,2847,-0.0029696878800026527
Post_2849,Twitter,#Viral,Post,Brazil,1.282206748411586,0.47665430973890577,-1.274437635388259,-0.2692973036544203,High,0.053781529776953135,0.8251428469904906,6,2848,-0.002978233744405541
Post_2850,Instagram,#Fitness,Video,UK,-1.5704704655382176,0.26517428920669595,0.24011039934607142,0.3260226484975241,High,-0.18479078212198152,0.0,8,2849,-0.0029867796088084257
Post_2851,Twitter,#Viral,Live Stream,UK,1.0776915505113438,-0.34343699776851827,-0.03896859355978878,-0.5126622517527573,High,0.04565592685756986,0.7312574459092842,6,2850,-0.0029953254732113105
Post_2852,YouTube,#Tech,Video,Australia,-0.8940082406009131,1.5674627684151008,-0.630949122834271,1.3324585313840585,Low,0.3437409840909938,0.0,5,2851,-0.0030038713376141953
Post_2853,TikTok,#Challenge,Post,USA,0.1756759058605667,-0.2569785003166297,0.7298319264116746,-0.3964407863202948,Medium,0.0630221364088292,0.16184322123984232,10,2852,-0.00301241720201708
Post_2854,YouTube,#Viral,Video,Australia,-1.338397677629478,-0.5134302418970172,-1.2736462635676653,-1.3528874364846735,High,-1.1195904048947085,0.0,6,2853,-0.003020963066419965
Post_2855,Instagram,#Dance,Shorts,Germany,-0.2700161713760284,0.43566637233002903,0.7176172743981646,-0.2571850665942902,High,0.15652060218946875,0.0,6,2854,-0.003029508930822853
Post_2856,TikTok,#Comedy,Live Stream,India,-1.0566087113865796,-0.6549550217231033,-1.531771106963025,-0.08439315292723162,Medium,-0.831931998249985,0.0,7,2855,-0.003038054795225738
Post_2857,Instagram,#Viral,Shorts,Brazil,-0.10721972210561874,1.4934267475984584,0.9363111566456861,-1.411418246786805,Low,0.22777498383793016,0.0,6,2856,-0.0030466006596286226
Post_2858,YouTube,#Fashion,Video,UK,-0.38192057140382074,-0.21786813745775394,1.309425766320344,0.5319306785197361,Low,0.31039193399462633,0.0,8,2857,-0.0030551465240315073
Post_2859,YouTube,#Comedy,Post,Brazil,-0.9014883145150955,-0.5771361385289682,1.0676444713937652,1.1874617513174142,Low,0.19412044241677895,0.0,7,2858,-0.003063692388434392
Post_2860,Twitter,#Challenge,Live Stream,UK,-0.5179138793080483,-0.5474136484200971,-1.5959410393720288,1.5628710872504643,Medium,-0.27459936996242756,0.0,10,2859,-0.003072238252837277
Post_2861,TikTok,#Challenge,Live Stream,UK,-0.37358805960495145,1.5854625421453683,-0.001911747873731402,0.5655368853917735,Medium,0.44387490501461474,0.0,10,2860,-0.003080784117240165
Post_2862,Instagram,#Education,Shorts,Japan,1.3339553469756333,1.2524251582191859,0.3801143966502195,0.4428042173778538,Low,0.8523247798057232,0.8475644021370665,10,2861,-0.00308932998164305
Post_2863,YouTube,#Fashion,Reel,Germany,-0.8459208764563856,1.152816710597918,-1.290884406268422,0.2007695149682017,Medium,-0.19580476428967197,0.0,8,2862,-0.0030978758460459346
Post_2864,TikTok,#Dance,Tweet,Australia,1.2960431035302349,0.4252531083128651,0.2744146473952815,0.38448344586867234,Medium,0.5950485762767634,0.8311872515956658,6,2863,-0.0031064217104488194
Post_2865,Instagram,#Viral,Reel,Australia,-0.4542777466414695,1.6649234370308326,1.2442236097975223,1.6233622596201314,High,1.0195578899517543,0.0,6,2864,-0.003114967574851704
Post_2866,YouTube,#Music,Live Stream,Japan,0.9631414409395193,0.22243348699652682,0.8693886265998351,-1.1684033633433852,Low,0.22164004779812396,0.6745459661573446,6,2865,-0.003123513439254589
Post_2867,Twitter,#Viral,Video,UK,1.324174924203819,-1.5182928987549031,-0.08772397920244739,-0.43494789836117087,High,-0.17919746302867562,0.8433651047474101,6,2866,-0.003132059303657477
Post_2868,YouTube,#Viral,Video,Brazil,0.24709704399975693,-0.5391204501309785,1.287336170284644,-0.24934361832414811,Medium,0.18649228645731858,0.22081848564246642,6,2867,-0.003140605168060362
Post_2869,Instagram,#Education,Tweet,USA,-0.046793251056301735,0.2578371989910096,1.0474816937038585,-0.1822712304420403,Low,0.26906360279913155,0.0,10,2868,-0.0031491510324632467
Post_2870,Twitter,#Fitness,Reel,Canada,-0.5915305246679275,-0.6215397373885846,1.300651861352893,-0.23086020454452758,High,-0.035819651312036675,0.0,8,2869,-0.0031576968968661315
Post_2871,Twitter,#Comedy,Tweet,USA,-1.0716504027103446,-0.3417118462447167,1.3294509141284083,0.8372570705383918,High,0.18833643392793473,0.0,7,2870,-0.0031662427612690162
Post_2872,Twitter,#Viral,Live Stream,Japan,-0.28652153418025256,-1.1615953041709597,-1.5697569543515184,-0.6774026783567234,Low,-0.9238191177648636,0.0,6,2871,-0.003174788625671901
Post_2873,TikTok,#Education,Tweet,India,-0.42629393769062857,-1.7335973515808418,1.0553265969688732,-0.3332191096422746,Medium,-0.3594459504862179,0.0,10,2872,-0.0031833344900747892
Post_2874,Twitter,#Dance,Post,USA,-1.3757528213962182,1.6773182003885878,0.9762926373208938,0.6981413766743539,Low,0.49399984824690435,0.0,6,2873,-0.003191880354477674
Post_2875,Instagram,#Challenge,Live Stream,Canada,-1.2286113527637172,0.4670308741302293,-0.17642643804985306,-0.9106857643934492,Medium,-0.4621731702691975,0.0,10,2874,-0.0032004262188805588
Post_2876,Instagram,#Tech,Post,Canada,1.2839780924083029,-1.5478421808794567,0.24513389003331784,-1.629228475076197,High,-0.41198966837850826,0.8259186999825711,5,2875,-0.0032089720832834435
Post_2877,Instagram,#Comedy,Reel,Germany,1.0133955322475354,-1.5202536131373765,1.5193457436004145,-1.3087792899651245,Medium,-0.07407290681363776,0.699822616301851,7,2876,-0.0032175179476863283
Post_2878,Instagram,#Comedy,Post,Canada,1.4429145878166212,0.5486395480212298,0.9874406577501256,-0.7826321136247902,Medium,0.5490906699907967,0.8931918296573045,7,2877,-0.003226063812089213
Post_2879,YouTube,#Music,Reel,India,-0.01829208631531717,0.9219304675027831,0.9354165624137107,-1.4040668890335468,Medium,0.10874701364190748,0.0,6,2878,-0.0032346096764921013
Post_2880,Twitter,#Gaming,Post,Brazil,-1.1472816520742268,-1.5844306354866708,-1.1679809217831878,-1.587500768210084,Medium,-1.3717984943885422,0.0,7,2879,-0.003243155540894986
Post_2881,YouTube,#Comedy,Shorts,Brazil,1.3850241879981937,0.6552178849314311,0.8060788809523461,0.8243046783064607,Low,0.9176564080471079,0.8692092660071978,7,2880,-0.003251701405297871
Post_2882,YouTube,#Education,Live Stream,USA,1.407469891656398,0.3365290504261046,1.4400365241887503,0.04282034266962631,High,0.8067139522352198,0.8785763585502174,10,2881,-0.0032602472697007556
Post_2883,TikTok,#Dance,Reel,Japan,0.6555093538098976,0.815622335048117,-1.3667184711635663,-0.6739020318075529,Medium,-0.14237220352827615,0.5041087281310911,6,2882,-0.0032687931341036404
Post_2884,TikTok,#Music,Reel,UK,0.16661909595549632,1.2846141300247371,0.816538751972366,-0.6600394714728375,Low,0.4019331266199405,0.15410990410065079,6,2883,-0.0032773389985065286
Post_2885,Twitter,#Comedy,Post,Australia,-1.1331986107510061,1.409753434534394,0.5113100815164561,-0.10392676067160331,High,0.17098453615706016,0.0,7,2884,-0.0032858848629094134
Post_2886,YouTube,#Education,Live Stream,Germany,0.6962475247765572,-1.71771764357862,1.0541911504436738,0.25677985975493056,High,0.07237522284913542,0.5284184729331917,10,2885,-0.003294430727312298
Post_2887,Instagram,#Gaming,Live Stream,India,-0.6592965955427125,0.9714055961432139,0.0380009178605551,0.3130002433346097,Medium,0.16577754044891654,0.0,7,2886,-0.003302976591715183
Post_2888,YouTube,#Comedy,Tweet,Australia,-1.623325725825552,0.3441502017360715,1.2397506386376453,1.6628495526947753,Low,0.40585616681073505,0.0,7,2887,-0.0033115224561180677
Post_2889,YouTube,#Education,Reel,Canada,-1.2990717851839917,-1.2149017934244921,0.4188916158593065,-1.4000761519674925,High,-0.8737895286791675,0.0,10,2888,-0.0033200683205209525
Post_2890,Twitter,#Education,Reel,India,-1.3909959731203834,1.6085477022951953,-1.4409353849470627,-1.4168092424725278,Medium,-0.6600482245611947,0.0,10,2889,-0.0033286141849238407
Post_2891,Instagram,#Challenge,Shorts,Germany,-1.1460859092215108,0.6332135426037447,0.9990015678248844,-0.6000383896200542,Low,-0.02847729710323396,0.0,10,2890,-0.0033371600493267255
Post_2892,YouTube,#Fitness,Post,Australia,0.01711971835096323,-0.48874463997209694,-1.2920542602640819,-0.8919923118208783,Low,-0.6639178734265234,0.016974827297557688,8,2891,-0.0033457059137296102
Post_2893,YouTube,#Fitness,Shorts,USA,0.8444154821158597,-1.0408554824629654,-1.3909069228973623,1.2721073848763582,High,-0.07880988459202748,0.6121624154356882,8,2892,-0.003354251778132495
Post_2894,Instagram,#Fitness,Tweet,Brazil,0.7688705729235777,-1.3900012089306688,0.035145097812325984,-1.374451419227564,Medium,-0.49010923935558226,0.5703412485234068,8,2893,-0.0033627976425353798
Post_2895,Twitter,#Fitness,Tweet,Canada,-0.4573880485374455,0.146346683645566,0.539042502707693,1.5450177898496944,Low,0.443254731916377,0.0,8,2894,-0.0033713435069382645
Post_2896,Instagram,#Viral,Live Stream,USA,-1.2493556068498333,1.166223008584087,0.075436245721679,-1.04658086343225,Low,-0.2635693039940793,0.0,6,2895,-0.0033798893713411528
Post_2897,TikTok,#Gaming,Shorts,Germany,1.6662601659991767,-0.8662964758678591,1.4667711287366303,0.09126929091014677,Medium,0.5895010274445237,0.9806768036416028,7,2896,-0.0033884352357440375
Post_2898,Instagram,#Tech,Live Stream,Canada,1.6670646371218636,0.876556903930989,-0.21272631938577743,0.6739169025540938,Medium,0.7512030310552923,0.9809784807974052,5,2897,-0.0033969811001469223
Post_2899,Instagram,#Comedy,Video,USA,-0.21738018771498,1.6487735245730752,1.5498307624284988,-0.37319649323380233,High,0.652006901513198,0.0,7,2898,-0.003405526964549807
Post_2900,Twitter,#Music,Post,Canada,-1.606687426566642,0.2125190619741971,1.277117151557848,0.7415493938840688,Medium,0.156124545212368,0.0,6,2899,-0.003414072828952692
Post_2901,YouTube,#Viral,Video,Germany,-0.6847648904463782,-0.5241275670084617,-1.529328176560323,0.28625530369894664,High,-0.6129913325790541,0.0,6,2900,-0.0034226186933555766
Post_2902,TikTok,#Comedy,Tweet,Canada,-0.43267146131826645,1.2425661597518376,0.7003103167564869,-0.8898219109603926,Medium,0.15509577605741637,0.0,7,2901,-0.003431164557758465
Post_2903,TikTok,#Fashion,Live Stream,Japan,0.1146429978916774,0.6206524995810446,-0.9106474502084219,-0.2151773080042435,Medium,-0.09763231518498583,0.108534172380048,8,2902,-0.0034397104221613496
Post_2904,Instagram,#Fashion,Tweet,Germany,0.7459876864917157,-0.20236255870165756,0.8122722256352526,1.369005281357399,High,0.6812256586956774,0.5573204049822991,8,2903,-0.0034482562865642344
Post_2905,TikTok,#Challenge,Live Stream,Australia,-1.194891404317125,0.021733931408233865,-1.2813191294803774,0.1880271615292209,Medium,-0.5666123602150119,0.0,10,2904,-0.003456802150967119
Post_2906,Twitter,#Tech,Reel,Brazil,-0.8781004066033183,0.2256828687823218,0.8697327013044409,-0.2933117389817303,Medium,-0.01899914387457148,0.0,5,2905,-0.003465348015370004
Post_2907,YouTube,#Dance,Tweet,India,-1.0808332966755294,0.01696724767981818,0.6332845642992541,0.4130487217099041,Low,-0.004383190746638274,0.0,6,2906,-0.0034738938797728887
Post_2908,Instagram,#Challenge,Live Stream,UK,1.373212715475405,1.6641751785385812,1.5604626708008218,1.5896160268861272,High,1.5468666479252338,0.8642446133331368,10,2907,-0.003482439744175777
Post_2909,YouTube,#Viral,Reel,Australia,0.5685887843895704,1.2771800433378329,1.2046550187678418,-1.0217262729331391,Medium,0.5071743933905264,0.4501763516940919,6,2908,-0.0034909856085786617
Post_2910,YouTube,#Music,Shorts,India,0.2294870751906169,1.6594985629620107,1.5013162290790645,-0.5635616525776971,High,0.7066850536634987,0.20659707037047623,6,2909,-0.0034995314729815465
Post_2911,YouTube,#Comedy,Post,Canada,-0.22721885584065152,-0.19697925454907184,-1.5021462748964556,-0.5048208034826152,High,-0.6077912971921985,0.0,7,2910,-0.0035080773373844312
Post_2912,Twitter,#Dance,Reel,UK,-0.08925137306039245,-0.33181820618050506,0.8910997404604685,-1.4712793027776216,High,-0.25031228538951267,0.0,6,2911,-0.003516623201787316
Post_2913,YouTube,#Gaming,Video,Japan,-0.5993004548724817,-1.4095044279648115,0.6352801975859683,-1.222873423648479,High,-0.6490995272249509,0.0,7,2912,-0.0035251690661902008
Post_2914,TikTok,#Challenge,Reel,Australia,1.6415812669501406,0.5836622024502143,1.1937822581022948,-0.7487458550288193,High,0.6675699681184576,0.9713777026042736,10,2913,-0.003533714930593089
Post_2915,TikTok,#Education,Reel,USA,0.008285611269464586,-0.2890912606090813,0.16276240575066103,0.24872837269183828,Medium,0.03267128227572065,0.00825147402805905,10,2914,-0.0035422607949959738
Post_2916,TikTok,#Music,Live Stream,Canada,0.8477430049197503,-1.1526577721801803,-0.3608160722481646,-1.2842747641209307,Medium,-0.4875014009073813,0.6139648969469692,6,2915,-0.0035508066593988585
Post_2917,TikTok,#Viral,Tweet,Germany,-1.2078383186204011,1.2549470664708475,-1.7319537701027483,-0.34883199325157527,High,-0.5084192538759693,0.0,6,2916,-0.0035593525238017433
Post_2918,Instagram,#Challenge,Shorts,Canada,1.0663357622275558,0.5567179684097947,0.519567874426998,0.9813436825022518,Medium,0.7809913218916501,0.7257768755119702,10,2917,-0.003567898388204628
Post_2919,YouTube,#Fitness,Tweet,Brazil,-1.5350977195209943,0.7270576285069285,1.5528242123585703,0.8647721524148724,Low,0.40238906843984423,0.0,8,2918,-0.0035764442526075163
Post_2920,YouTube,#Viral,Post,Japan,-0.20819797898925227,-0.0731909723170907,1.060418902597041,-0.7038675662684528,Low,0.018790596255561287,0.0,6,2919,-0.003584990117010401
Post_2921,YouTube,#Education,Tweet,Japan,0.5142773902558051,-0.031454776415962664,-0.5745208712789004,0.8131726222800983,Low,0.1803685912102601,0.41493835504671617,10,2920,-0.003593535981413286
Post_2922,YouTube,#Fitness,Shorts,Canada,-1.591149621875905,-1.315376280967347,1.005883061917003,-1.5884109363128682,Medium,-0.8722634443097793,0.0,8,2921,-0.0036020818458161706
Post_2923,Twitter,#Dance,Video,Brazil,1.4273459473503127,-1.6717066746245377,-0.9913673759089702,0.5653268465988232,High,-0.16760031414609303,0.8867984577278967,6,2922,-0.0036106277102190554
Post_2924,YouTube,#Fitness,Shorts,Australia,0.646499140187913,1.616494484615679,0.518398020431338,1.731602250920485,Medium,1.1282484740388536,0.49865130062820145,8,2923,-0.00361917357462194
Post_2925,YouTube,#Dance,Video,Japan,-0.02698366358972989,0.9332236280802795,1.5877822023465316,-0.9813288117557109,Medium,0.3781733387703426,0.0,6,2924,-0.0036277194390248284
Post_2926,TikTok,#Gaming,Tweet,India,0.6041691579623081,0.8126362293984845,-1.239376422988916,1.5467681131242799,High,0.4310492693740391,0.4726059639600518,7,2925,-0.003636265303427713
Post_2927,YouTube,#Gaming,Video,Canada,1.1786972169732632,1.505814582636841,-1.1426226160537318,0.557625424190648,Medium,0.524878651936755,0.7787270912698261,7,2926,-0.003644811167830598
Post_2928,Twitter,#Tech,Reel,Germany,1.6744953737951316,0.14056153696936383,-1.0490687038713826,-1.2503184925939763,Medium,-0.12108257142521589,0.983760717241974,5,2927,-0.0036533570322334827
Post_2929,TikTok,#Viral,Live Stream,Germany,-0.09147291938045284,-0.6652297193528132,-1.06868096203392,0.5653268465988232,Low,-0.31501418854209073,0.0,6,2928,-0.0036619028966363674
Post_2930,Instagram,#Education,Shorts,Germany,0.1807439368856027,0.17407381777510025,-1.6396385268569804,0.5565052172949134,Low,-0.182078888725341,0.16614469481211672,10,2929,-0.003670448761039252
Post_2931,Twitter,#Education,Tweet,India,-0.29525970773775106,-0.08501068516691214,1.4220414171378608,0.513867342326016,High,0.38890959163980343,0.0,10,2930,-0.0036789946254421405
Post_2932,Twitter,#Music,Reel,USA,0.9396754157296278,1.3547564353539236,-1.4701473273681052,-0.05435760553534827,High,0.19248172954502452,0.6625206475975365,6,2931,-0.0036875404898450252
Post_2933,YouTube,#Music,Live Stream,Brazil,-0.6527367982194743,1.5525668817638019,-1.60763957932863,-0.45553170007029375,Low,-0.290835298963649,0.0,6,2932,-0.00369608635424791
Post_2934,YouTube,#Comedy,Live Stream,USA,-0.7875281961158715,1.3747307801054096,-1.0985466463937137,1.2464126392054462,High,0.18376714420031764,0.0,7,2933,-0.0037046322186507948
Post_2935,Instagram,#Tech,Live Stream,Germany,0.47307120073991626,1.21709072941843,0.9029359102989121,-0.6008785447918552,High,0.49805482391635086,0.3873494735423727,5,2934,-0.0037131780830536795
Post_2936,YouTube,#Gaming,Shorts,UK,-1.511013608320759,-0.809802959702886,-0.7017252895717083,-0.8026558118860458,Medium,-0.9562994173703498,0.0,7,2935,-0.0037217239474565643
Post_2937,YouTube,#Comedy,Shorts,Japan,0.02148469369296962,0.6295761749330787,1.6322366541816162,0.7718649929998859,Low,0.7637906289518875,0.02125715101542466,7,2936,-0.0037302698118594525
Post_2938,Twitter,#Comedy,Post,UK,1.49379430274901,-1.644034967049985,0.7325157091076008,-1.4511155786543992,Low,-0.21721013346194337,0.9138053670116191,7,2937,-0.0037388156762623373
Post_2939,YouTube,#Tech,Reel,Brazil,0.6108118692598608,1.3665969331618633,-1.4893466958851154,1.2770783029761803,Low,0.44128510237819724,0.4767383185177169,5,2938,-0.003747361540665222
Post_2940,YouTube,#Fashion,Video,Germany,1.3609825616443014,-0.41173637014456743,-0.33480402457995717,-0.3892294544290035,High,0.05630317812269334,0.8590778720719914,8,2939,-0.003755907405068107
Post_2941,YouTube,#Comedy,Post,Australia,-1.1360937474574389,1.6665654487221617,0.23333212766533484,0.47991107079906165,High,0.31092872493227985,0.0,7,2940,-0.0037644532694709916
Post_2942,Instagram,#Fitness,Live Stream,Brazil,1.1117815282647938,-0.021117723911898416,0.9465301753724819,0.7596827430087724,Medium,0.6992191806835374,0.7475319174369708,8,2941,-0.0037729991338738764
Post_2943,TikTok,#Challenge,Tweet,Canada,-0.5790612222662808,-0.14138641990254938,-0.09030453948699177,-0.16112732528505017,High,-0.24296987673521803,0.0,10,2942,-0.0037815449982767646
Post_2944,Instagram,#Education,Tweet,Brazil,0.5066472489005083,-0.11713037377873643,-0.6019092177655315,-0.36143432082858923,High,-0.14345666586808722,0.40988681719508774,10,2943,-0.0037900908626796494
Post_2945,Instagram,#Fashion,Video,USA,-0.512701262757555,0.5227276335673422,0.5841162890110683,-1.5789591906301077,High,-0.24620413270231306,0.0,8,2944,-0.003798636727082534
Post_2946,YouTube,#Challenge,Reel,Brazil,1.4025443904384478,-1.302635101640957,-0.9834880651734947,0.8436982601888656,Medium,-0.00997012904678457,0.8765283384610022,10,2945,-0.003807182591485419
Post_2947,Twitter,#Viral,Post,USA,0.5994841757938155,1.525470224697183,1.2340045910707267,-1.6538730267823576,Medium,0.42627149119484187,0.4696811871380007,6,2946,-0.0038157284558883037
Post_2948,YouTube,#Viral,Live Stream,USA,-1.174838556843267,-0.45974962339735914,-0.32489467308730674,0.14531927362934013,High,-0.4535408949246483,0.0,6,2947,-0.003824274320291192
Post_2949,Instagram,#Dance,Post,India,1.4905366743697481,0.8085415926492204,-0.873797049345128,0.09287958832276523,Medium,0.3795402014991514,0.9124982191283594,6,2948,-0.0038328201846940767
Post_2950,Twitter,#Dance,Tweet,India,-1.0784137161523546,-0.641735788359997,-1.7281345408816227,-0.32908834671425335,Medium,-0.9443430980270568,0.0,6,2949,-0.0038413660490969614
Post_2951,TikTok,#Tech,Live Stream,Brazil,-1.1060048828942521,0.07822051925383426,0.21482090855753644,0.051151881456652226,Low,-0.1904528934065573,0.0,5,2950,-0.003849911913499846
Post_2952,Twitter,#Fashion,Live Stream,USA,-0.42350158690276735,-0.5812307752782322,0.019455291282296113,-0.5738535534322585,Low,-0.38978265608274054,0.0,8,2951,-0.003858457777902731
Post_2953,YouTube,#Tech,Live Stream,Canada,1.5086290517567174,0.5587964642216039,1.01675582258255,-1.2284044451961686,Medium,0.4639442233411757,0.9197364094058926,5,2952,-0.0038670036423056157
Post_2954,Instagram,#Education,Post,Australia,0.9699849273980149,0.5320254381655019,1.416295369570942,0.2575500019957481,High,0.7939639342825516,0.67802589165363,10,2953,-0.003875549506708504
Post_2955,Instagram,#Viral,Video,India,-1.650795605183535,-1.7148562476776958,0.5386640205326265,-1.240236630532365,Low,-1.0168061157152424,0.0,6,2954,-0.0038840953711113888
Post_2956,TikTok,#Fashion,Shorts,Australia,1.3769095823466961,-0.36321734957756885,-1.3838877989234015,-1.2069804883152448,Medium,-0.39429401361737976,0.865801149096178,8,2955,-0.0038926412355142735
Post_2957,Instagram,#Dance,Reel,USA,0.9422402670177172,-0.05695792002686111,-0.1805553345051241,1.129841109118067,Medium,0.45864203040094975,0.6638420836466067,6,2956,-0.0039011870999171583
Post_2958,TikTok,#Fitness,Tweet,Japan,-1.6937656010621123,0.2984094372375245,1.35164373257549,-0.16175744166390085,Medium,-0.05136746822824965,0.0,8,2957,-0.003909732964320043
Post_2959,Instagram,#Fashion,Live Stream,Japan,0.01136644786878338,-0.20388678896365095,-0.28161007524788223,-0.4325674587077349,Low,-0.22667446876262115,0.011302335165270953,8,2958,-0.003918278828722928
Post_2960,TikTok,#Music,Post,USA,-1.0210249116165562,1.542125904469147,-0.7197203966225979,0.2861152778369798,High,0.02187396851674321,0.0,6,2959,-0.003926824693125816
Post_2961,Twitter,#Viral,Video,USA,-1.5158315269439375,1.4890619063936592,1.5107438759852665,0.7358783464744125,Low,0.5549631504773502,0.0,6,2960,-0.003935370557528701
Post_2962,Twitter,#Gaming,Post,Canada,-1.410824062052298,0.6002139574315879,-0.15970440740600544,-0.9566842600495502,Low,-0.48174969301906645,0.0,7,2961,-0.003943916421931586
Post_2963,TikTok,#Comedy,Video,Canada,1.072713971094651,1.0045783892996882,1.100882087858697,-0.8248499110077872,Low,0.5883311343113122,0.7288588456870975,7,2962,-0.00395246228633447
Post_2964,Instagram,#Fashion,Tweet,USA,-0.7123540014699044,-0.36370926025303035,-0.7931803460559613,1.2756080314255287,High,-0.14840889408834185,0.0,8,2963,-0.003961008150737355
Post_2965,Instagram,#Gaming,Video,UK,1.4678100225341149,-0.9164990780424231,0.8105862595826836,1.503710160569482,Low,0.7164018411609643,0.9033311267975417,7,2964,-0.00396955401514024
Post_2966,Instagram,#Fashion,Live Stream,Brazil,-0.7372994586677695,-0.5788474334140243,-0.9949113453664112,-0.09671542878031197,High,-0.6019434165571292,0.0,8,2965,-0.003978099879543128
Post_2967,Twitter,#Tech,Tweet,Japan,1.093005967139052,0.9996869958225639,-0.6036295912885611,-1.5167176949858554,Low,-0.00691358082820015,0.7386012944579123,5,2966,-0.003986645743946013
Post_2968,TikTok,#Education,Post,UK,-0.7031039540379194,-0.23072709821347995,-1.2140869322003809,1.3972905054746971,Low,-0.18765686974427076,0.0,10,2967,-0.003995191608348898
Post_2969,Twitter,#Dance,Tweet,Germany,0.09180465202452968,-1.5277777679761257,-1.681237158643836,-0.503420544862947,Medium,-0.9051577048645947,0.08783197123254606,6,2968,-0.004003737472751782
Post_2970,YouTube,#Music,Tweet,Brazil,-0.645381437886492,-1.681122260652033,1.1227652390716332,0.23899657528514415,Low,-0.24118547104543692,0.0,6,2969,-0.004012283337154667
Post_2971,Instagram,#Fitness,Video,Australia,0.14018392817780048,0.7316580325703994,1.1293714734000668,1.1435636435908154,Medium,0.7861942694347706,0.13118958989926682,8,2970,-0.004020829201557552
Post_2972,YouTube,#Viral,Video,India,-0.07369575214376968,-0.31073533032938744,-0.5165098760823426,1.2733676176340596,High,0.09310666476963997,0.0,6,2971,-0.00402937506596044
Post_2973,TikTok,#Comedy,Video,Japan,-0.5979834246358513,-0.281158334927343,-0.047260793940791405,-0.16098729942308335,Low,-0.2718474632317673,0.0,7,2972,-0.004037920930363325
Post_2974,YouTube,#Education,Post,Germany,-1.346748005654233,1.3639433868421202,-1.0047862893886008,-1.5175578501576563,Medium,-0.6262871895895925,0.0,10,2973,-0.00404646679476621
Post_2975,Twitter,#Fashion,Shorts,Germany,-0.8814183360548089,0.5216537440645741,1.0352670416903482,0.7568822257694359,Medium,0.3580961688673873,0.0,8,2974,-0.0040550126591690945
Post_2976,Twitter,#Comedy,Reel,Canada,-0.5107517565019808,-1.294376544948702,0.5256924041689834,0.1035215538322437,High,-0.2939785858623639,0.0,7,2975,-0.004063558523571979
Post_2977,Twitter,#Education,Live Stream,Japan,0.8078716618663777,-1.464750846642699,-0.16228496769054984,0.02580720044065742,Medium,-0.19833923800655343,0.5921502759695525,10,2976,-0.0040721043879748675
Post_2978,YouTube,#Dance,Tweet,Japan,1.6747763219725607,-1.0983397482982342,-1.2290197743802778,-1.2876353848081343,High,-0.4850546463785214,0.983865758897611,6,2977,-0.004080650252377752
Post_2979,YouTube,#Challenge,Shorts,Germany,-0.879103597168577,-1.557375548336288,0.8090723308824176,-0.580924859461583,High,-0.5520829185210077,0.0,10,2978,-0.004089196116780637
Post_2980,TikTok,#Viral,Live Stream,Canada,0.9740840298306496,0.6308163441007915,-0.9250641803314098,0.18914736842495547,Medium,0.2172458905062467,0.6801045084085526,6,2979,-0.004097741981183522
Post_2981,YouTube,#Tech,Post,Australia,-0.9727216970430282,-0.2511102138079552,1.382576048519562,-1.289105656358786,Medium,-0.28259037967255185,0.0,5,2980,-0.004106287845586407
Post_2982,TikTok,#Comedy,Video,Australia,-0.8901277295551074,-0.37832108581004875,-1.1752408980503728,0.6096450319113224,Medium,-0.4585111703760516,0.0,7,2981,-0.004114833709989291
Post_2983,TikTok,#Education,Reel,UK,0.8284679042297507,1.3887606268351216,-1.174208673936555,0.5567852690188471,Medium,0.39995128153679116,0.6034784053932206,10,2982,-0.00412337957439218
Post_2984,YouTube,#Fashion,Shorts,Brazil,-0.5790591665479092,1.0612589700877242,-1.1127913391643987,0.8850058894690781,High,0.0636035884611236,0.0,8,2983,-0.004131925438795064
Post_2985,YouTube,#Gaming,Video,Brazil,-0.30597411188965246,0.7724935469530768,0.19961280661395486,-1.7093232681212192,Low,-0.26079775661096,0.0,7,2984,-0.004140471303197949
Post_2986,TikTok,#Fitness,Post,Australia,1.1845957582203575,-1.704124280969388,-1.6350967407561823,0.564626717288989,Low,-0.39749963655405585,0.7814308037520513,8,2985,-0.004149017167600834
Post_2987,Twitter,#Fitness,Post,USA,1.1351625837819994,0.26664309291370775,-0.6202139920505664,-1.0854380401280432,Medium,-0.0759615888707256,0.7585427954355302,8,2986,-0.004157563032003719
Post_2988,TikTok,#Dance,Video,India,0.7176639987701314,0.6803122576993403,-0.5484400086697718,-0.48423700177349227,Medium,0.09132481150655192,0.5409652274670671,6,2987,-0.004166108896406603
Post_2989,YouTube,#Music,Tweet,Germany,1.3198085783828983,-0.4096786592908763,-0.6323254216526947,0.8381672386411761,Medium,0.27899293402012587,0.8414846729564214,6,2988,-0.004174654760809492
Post_2990,Instagram,#Gaming,Reel,Australia,1.306908260362708,-0.6996080400801368,0.11314683334648762,1.2751879538396282,Low,0.49890875186717176,0.835908212628379,7,2989,-0.004183200625212376
Post_2991,TikTok,#Gaming,Post,Canada,0.340137487011836,-0.6973563362840102,0.3764327973109362,-0.014030157288903482,High,0.0012959476874646369,0.2927722109472082,7,2990,-0.004191746489615261
Post_2992,Instagram,#Fitness,Shorts,UK,1.048064537342272,-0.7817016963272261,0.9511751838846618,1.5874456260256415,Low,0.7012459127313373,0.7168952190549132,8,2991,-0.004200292354018146
Post_2993,YouTube,#Fitness,Live Stream,Canada,-0.8001592150294043,-0.6759478294223759,0.4230893272554987,-0.31767623896395736,Low,-0.34267348904005973,0.0,8,2992,-0.004208838218421031
Post_2994,TikTok,#Education,Live Stream,UK,0.438017091070265,0.9997839922937817,0.4431832900044843,0.5189082733568217,Low,0.5999731616813382,0.36326514453439007,10,2993,-0.0042173840828239155
Post_2995,Twitter,#Music,Shorts,Australia,1.1805035081822943,1.4767433545490034,-0.0531788788600132,0.3341441484915998,High,0.7345530330907211,0.7795558171883118,6,2994,-0.004225929947226804
Post_2996,Twitter,#Music,Video,Australia,0.06910266880935359,1.3011243150898746,-1.238275383934177,-1.159861785763409,Medium,-0.2569775464495894,0.06681966934825392,6,2995,-0.0042344758116296885
Post_2997,TikTok,#Gaming,Video,Brazil,0.5385191065311835,-0.1132158733331625,-0.25298305982466984,-1.33783465632324,High,-0.2913786207374722,0.430820334637641,7,2996,-0.004243021676032573
Post_2998,YouTube,#Challenge,Tweet,Germany,1.5493452950607485,0.4844348123944447,-1.198810015315878,1.7293618371290158,Low,0.6410829823170827,0.9358365791701716,10,2997,-0.004251567540435458
Post_2999,TikTok,#Tech,Tweet,UK,0.8544542401630173,0.4307611222141594,0.4369211303806566,-1.0681448461751406,High,0.16349791164567318,0.6175904426163925,5,2998,-0.004260113404838343
Post_3000,YouTube,#Education,Live Stream,Germany,0.7976807806597342,0.727847456915416,-1.375251523837793,0.2394166528710446,Medium,0.09742334165210048,0.5864973789410103,10,2999,-0.004268659269241228
Post_3001,YouTube,#Dance,Video,Australia,-1.5542933324339652,-0.12604712081139774,-0.1800048149777546,1.0661293419231628,Medium,-0.1985539815749887,0.0,6,3000,-0.004277205133644116
Post_3002,Twitter,#Dance,Shorts,Australia,-0.5501002618495526,-1.4273102087526433,-0.25728399363224386,0.8392874455369107,High,-0.34885175467438223,0.0,6,3001,-0.004285750998047001
Post_3003,Twitter,#Fashion,Video,Australia,-1.4842275979410056,-1.6606906468219491,-0.29127857444730854,1.1460841091062182,High,-0.5725281775260112,0.0,8,3002,-0.004294296862449885
Post_3004,Twitter,#Gaming,Reel,Japan,-0.9049234199137576,0.8258346778034726,0.2737609054565302,-0.5385670362166193,Medium,-0.0859737182175935,0.0,7,3003,-0.00430284272685277
Post_3005,Twitter,#Comedy,Live Stream,UK,0.831674824889184,-1.5524287283041824,0.3679685595776306,-0.10553705808422176,Low,-0.11458060048039741,0.6052307531661915,7,3004,-0.004311388591255655
Post_3006,Twitter,#Challenge,Live Stream,Japan,-0.20440312287558957,0.31147624757443143,0.027472231899614008,-1.026487152240011,High,-0.22298544891038877,0.0,10,3005,-0.00431993445565854
Post_3007,YouTube,#Fashion,Video,UK,0.21838482550597207,0.3846254435113686,-1.161649947218439,-0.7661790748436886,Medium,-0.33120468826119676,0.19752606807770234,8,3006,-0.004328480320061428
Post_3008,YouTube,#Tech,Video,USA,-0.7522739965247343,1.398384062443798,-0.6494603419420694,-0.3200566786173933,High,-0.08085173866009973,0.0,5,3007,-0.004337026184464313
Post_3009,TikTok,#Viral,Post,UK,1.4568112440074987,0.14204419731512102,1.3652690908778844,0.6733567991062265,High,0.9093703328266827,0.8988642668221737,6,3008,-0.004345572048867197
Post_3010,Twitter,#Education,Tweet,USA,-1.230053096581548,-0.14690136212321636,1.3729763642610568,0.8050511222860227,Low,0.2002682569605788,0.0,10,3009,-0.004354117913270082
Post_3011,Instagram,#Fitness,Tweet,Germany,1.425808270008482,-0.12085780960124753,0.3745403864356036,-0.03090327365590555,Low,0.4121468932967331,0.8861647760749274,8,3010,-0.004362663777672967
Post_3012,Twitter,#Viral,Reel,India,-0.27081995725925817,1.2194740712826377,-0.6604707324894588,0.9710517816476903,High,0.3148087907954028,0.0,6,3011,-0.004371209642075855
Post_3013,Twitter,#Tech,Live Stream,UK,-1.2270825835348291,-0.5285686197263607,0.24888430431352235,1.0318930186722748,Medium,-0.11871847006884823,0.0,5,3012,-0.00437975550647874
Post_3014,YouTube,#Education,Shorts,Japan,1.405392930861795,1.4840873730840625,-1.0188245373365223,-0.7640786869141863,Low,0.2766442699237872,0.8777132710282477,10,3013,-0.004388301370881625
Post_3015,Twitter,#Gaming,Tweet,Canada,-0.4316141368358935,0.7331476212355293,0.12777000829223914,-1.1698036219630534,Low,-0.18512503231779462,0.0,7,3014,-0.0043968472352845095
Post_3016,TikTok,#Gaming,Live Stream,UK,0.9007353130985136,-1.0452757502227463,-0.5159593565549732,1.350941945163679,Low,0.1726105378711183,0.642240818198497,7,3015,-0.004405393099687394
Post_3017,Twitter,#Fashion,Tweet,UK,-0.9741319198458304,1.6203050602706626,1.5955238832001648,1.0827224065662313,Medium,0.831104857547807,0.0,8,3016,-0.004413938964090279
Post_3018,YouTube,#Comedy,Post,UK,-0.3132006472046916,-0.8850514364097505,0.8601674245163964,-1.0838277427154246,High,-0.3554781004533676,0.0,7,3017,-0.004422484828493167
Post_3019,Twitter,#Fashion,Tweet,USA,-0.053041949665996596,-1.3656828079325016,-0.6985598022893339,-1.5301601777346703,High,-0.9118611844056257,0.0,8,3018,-0.004431030692896052
Post_3020,YouTube,#Tech,Post,Canada,-0.6925409878060468,1.7117380910321476,0.26952878658987744,-1.3826429321526232,High,-0.023479260584161277,0.0,5,3019,-0.004439576557298937
Post_3021,Instagram,#Comedy,Video,India,-1.1899967388747463,-1.3748559027819527,0.24172755045771924,0.7847473723008335,High,-0.3845944297245365,0.0,7,3020,-0.0044481224217018216
Post_3022,YouTube,#Music,Reel,India,-1.4250722460846905,-0.6637401306876833,-0.9527277865817256,1.4479798675066868,Medium,-0.39839007396185316,0.0,6,3021,-0.004456668286104706
Post_3023,TikTok,#Challenge,Shorts,Germany,0.022430324143828145,0.5050812041250824,-1.1790601272714984,-1.059533255664181,Low,-0.42777046366669225,0.022182463966381297,10,3022,-0.004465214150507591
Post_3024,Twitter,#Dance,Post,USA,0.8249677010826598,-1.2615709527189807,-1.3052667289209492,0.5132372259471654,Low,-0.30715818865252614,0.601562288840944,6,3023,-0.004473760014910479
Post_3025,Instagram,#Tech,Tweet,Germany,0.5157698417934645,0.6216155359738496,1.6396342603306435,1.7187898845505207,Medium,1.1239523806621197,0.4159234562969978,5,3024,-0.004482305879313364
Post_3026,Instagram,#Gaming,Tweet,Australia,-0.9658624500770182,1.5581996054138048,-1.4723838129480438,-0.11449871325009837,High,-0.2486363427153389,0.0,7,3025,-0.004490851743716249
Post_3027,Instagram,#Comedy,Live Stream,Germany,-0.6284635609290673,0.06291586175954612,-1.5463942819087766,-1.6783775526265514,High,-0.9475798834262122,0.0,7,3026,-0.004499397608119134
Post_3028,YouTube,#Music,Post,Japan,1.1431894787829826,-1.1579925780971572,1.4027732336799295,-0.17267945889731298,Low,0.30382266886711046,0.762295130120396,6,3027,-0.004507943472522018
Post_3029,TikTok,#Challenge,Post,USA,0.35661749595614584,-0.512910617944065,-0.9297780037845109,0.4461648380650575,Low,-0.15997657192684311,0.3049944663626041,10,3028,-0.004516489336924903
Post_3030,TikTok,#Gaming,Shorts,Australia,0.7597205704523358,1.0509496308611508,-0.4238161506615082,-0.21727769593374585,Medium,0.29239408867955813,0.5651550296568341,7,3029,-0.004525035201327791
Post_3031,Instagram,#Education,Live Stream,Canada,-0.41442353457452547,-0.2916547387769793,0.08039092146800421,0.1432888986308212,Medium,-0.12059961331316985,0.0,10,3030,-0.004533581065730676
Post_3032,YouTube,#Music,Tweet,Germany,0.3966135525907187,1.2859582239830403,0.3281247087842653,-1.3692004494038081,Medium,0.16037400898855403,0.3340504153714863,6,3031,-0.004542126930133561
Post_3033,YouTube,#Challenge,Reel,Canada,0.6751065170447548,-0.6820793920672128,1.2015583464263886,-1.6831384319334235,Medium,-0.12213824013237323,0.5158767555206526,10,3032,-0.004550672794536446
Post_3034,Instagram,#Viral,Post,India,1.054085051212738,1.3559411779666548,1.533280769136954,-1.4237405226398854,Low,0.6298916189191155,0.7198305182502337,6,3033,-0.0045592186589393305
Post_3035,TikTok,#Dance,Video,USA,0.5179283460834676,0.47116708079572955,0.4536775684949648,1.7046472724918718,High,0.7868550669665084,0.4173464750157834,6,3034,-0.004567764523342215
Post_3036,Twitter,#Tech,Reel,Australia,-0.20253927155215826,-0.25436652391312287,-0.038865371148407005,0.42229042859971433,High,-0.01837018450349344,0.0,5,3035,-0.0045763103877451035
Post_3037,Twitter,#Gaming,Shorts,USA,-0.04504520520112775,0.7646714743813017,1.2143579254377286,-1.633849328521102,High,0.0750337165242001,0.0,7,3036,-0.004584856252147988
Post_3038,TikTok,#Gaming,Video,Japan,0.8175979507210777,-0.48307034640585794,0.42370866172378935,-0.7365636050377058,Medium,0.005418165250325818,0.5975158220798638,7,3037,-0.004593402116550873
Post_3039,Instagram,#Fitness,Video,USA,-0.11445585077305791,-1.317939759135245,0.9463925454906396,0.8175834369320533,Low,0.08289509312859744,0.0,8,3038,-0.004601947980953758
Post_3040,Instagram,#Viral,Reel,Australia,-1.0654243170027355,-1.342743142489501,1.0646166139932332,0.3226620278103204,Medium,-0.2552222044221708,0.0,6,3039,-0.0046104938453566426
Post_3041,Instagram,#Comedy,Video,Canada,-0.52287501297777,-0.007600572815766146,1.292634920735575,1.4573616002584637,Medium,0.5548802338001256,0.0,7,3040,-0.004619039709759527
Post_3042,YouTube,#Viral,Tweet,India,-1.3935717882397871,-0.055655395984794034,-0.7307307871699873,-1.2200028934781593,High,-0.8499902162181818,0.0,6,3041,-0.0046275855741624156
Post_3043,YouTube,#Gaming,Tweet,Japan,-1.0052465878763617,0.5148501344405855,-0.04860268528875449,0.27729364853307004,Medium,-0.06542637254786515,0.0,7,3042,-0.0046361314385653
Post_3044,TikTok,#Tech,Tweet,Canada,-0.57960119095851,-1.7288653094492896,-1.1067012168928738,0.812262454177314,Low,-0.6507263157808398,0.0,5,3043,-0.004644677302968185
Post_3045,Twitter,#Fashion,Reel,Canada,0.69919062824499,0.48882043855736207,1.4732397331832214,0.16807347619894872,High,0.7073310690461306,0.5301520366577293,8,3044,-0.00465322316737107
Post_3046,TikTok,#Dance,Tweet,USA,1.083546236433181,1.6091366094418746,-1.5346269270112542,-0.39111980356555553,Medium,0.1917340288245615,0.7340713633467285,6,3045,-0.004661769031773955
Post_3047,TikTok,#Education,Live Stream,Germany,0.9285313664380971,0.13907887662360663,0.17308464688883857,0.38896427345161066,High,0.4074147908505382,0.6567587632152858,10,3046,-0.004670314896176843
Post_3048,YouTube,#Gaming,Tweet,UK,0.1677470001019551,1.3990768943810676,-0.807459446297107,0.5467734198882193,Low,0.3265344670185337,0.1550762514410581,7,3047,-0.004678860760579728
Post_3049,YouTube,#Fashion,Shorts,UK,-0.778437809477401,-1.4666214928733274,0.1262560795919731,-0.7086284455753248,High,-0.70685791708352,0.0,8,3048,-0.004687406624982612
Post_3050,TikTok,#Gaming,Reel,UK,1.3248745536895628,-0.29081641213288295,0.1477263411593824,-1.7146442508759585,Medium,-0.13321494203997408,0.843666082181336,7,3049,-0.004695952489385497
Post_3051,Instagram,#Challenge,Live Stream,USA,0.3935087326103998,1.409940499157457,-1.0424280620724884,-0.5433279155234912,High,0.05442331354296928,0.3318248345943601,10,3050,-0.004704498353788382
Post_3052,Instagram,#Music,Tweet,Canada,0.02356919212160124,-0.038930433019102956,1.5531338795927156,0.6155961310449124,High,0.5383421924350316,0.02329572727494131,6,3051,-0.004713044218191267
Post_3053,Instagram,#Comedy,Post,Canada,-0.941787932229183,-0.9802604012293555,1.0394303456160798,-1.125275397857604,Medium,-0.5019733464250157,0.0,7,3052,-0.004721590082594155
Post_3054,YouTube,#Fitness,Live Stream,Canada,1.492065443598636,0.7151755607827528,0.6154270871302069,-1.427381195051023,Low,0.34882172411514323,0.9131118620565584,8,3053,-0.00473013594699704
Post_3055,TikTok,#Comedy,Shorts,Germany,-0.3008779860468736,0.20646371084245974,0.09694091475954887,1.671461143205735,Medium,0.4184969456902175,0.0,7,3054,-0.0047386818113999245
Post_3056,Twitter,#Challenge,Post,Australia,-1.208771614761031,0.6048420747725496,-1.513741592441675,1.1946030702777222,Low,-0.23076701553810852,0.0,10,3055,-0.004747227675802809
Post_3057,YouTube,#Fitness,Shorts,USA,-0.05518743440631402,0.5920870388074141,0.23790832123659356,-1.0326482901665512,Low,-0.0644600911322144,0.0,8,3056,-0.004755773540205694
Post_3058,YouTube,#Dance,Video,Germany,-1.4409622638563995,0.42664570050677725,-0.8848074398925174,-1.2961769623881105,Low,-0.7988252414075625,0.0,6,3057,-0.004764319404608579
Post_3059,TikTok,#Challenge,Reel,India,-1.1712965540892903,0.21185394331441817,-1.0799322048745335,0.3654399286411846,High,-0.41848372175205517,0.0,10,3058,-0.004772865269011467
Post_3060,Twitter,#Tech,Video,Germany,-1.6747077212800272,-1.3371034905201256,-0.5385306571771213,-0.5701428680901377,Medium,-1.030121184266853,0.0,5,3059,-0.004781411133414352
Post_3061,Instagram,#Challenge,Video,Brazil,-1.5191323254089995,-0.12257603280567644,1.1926468115770952,-1.1798854840246646,Low,-0.40723675766556133,0.0,10,3060,-0.0047899569978172366
Post_3062,Twitter,#Education,Reel,Japan,0.048905235810038326,1.5693195580069836,-0.6022188849996768,0.17276434257483728,Medium,0.2971925628480456,0.047746987688129267,10,3061,-0.004798502862220121
Post_3063,Instagram,#Fashion,Shorts,India,-0.617978026755852,-0.6953817652627915,-1.0035820279224803,1.26783659608637,Medium,-0.26227630596368845,0.0,8,3062,-0.004807048726623006
Post_3064,Twitter,#Music,Tweet,Brazil,1.6255391260189458,-0.9788193107998345,1.6235315641550865,1.5896160268861272,Low,0.9649668515650813,0.9652862562962776,6,3063,-0.004815594591025891
Post_3065,Twitter,#Viral,Post,Canada,-0.06181027375960943,-0.3790277743860639,-0.2563549919298079,0.8649821912078226,Low,0.041947287783085374,0.0,6,3064,-0.004824140455428779
Post_3066,Twitter,#Music,Live Stream,UK,-1.6878739122095894,0.7281523029678146,-0.44893360409774025,0.02195648923656981,Medium,-0.3466746810257363,0.0,6,3065,-0.004832686319831664
Post_3067,TikTok,#Comedy,Video,Japan,-1.592241208331135,-0.09974722047263912,-0.17381147029484809,1.4185044235626707,Medium,-0.11182386888398788,0.0,7,3066,-0.004841232184234549
Post_3068,TikTok,#Tech,Reel,India,-0.5298007281711229,-0.22564864011329291,1.375591332016062,-0.9949813332974761,High,-0.09370984239145747,0.0,5,3067,-0.004849778048637433
Post_3069,Instagram,#Music,Reel,Brazil,-1.0499070694957129,1.6330115980001891,-1.3140406338884,0.6424110836115587,Low,-0.022131255443091274,0.0,6,3068,-0.004858323913040318
Post_3070,TikTok,#Fitness,Shorts,USA,0.07061293657289866,-0.29096190683970957,0.3222066238650435,0.3094995967854391,High,0.10283931259591791,0.06823132238340192,8,3069,-0.004866869777443203
Post_3071,YouTube,#Challenge,Post,UK,-0.4634202114786829,0.3716140597294433,0.6279858138483229,0.21750260547323694,Low,0.18842056689308007,0.0,10,3070,-0.004875415641846091
Post_3072,TikTok,#Comedy,Post,Germany,0.8511342549931553,0.1456469233889236,-0.08996046478238585,0.25656982096198033,Low,0.2908476336404183,0.615798562021702,7,3071,-0.004883961506248976
Post_3073,YouTube,#Education,Shorts,Australia,-0.5509753126363254,-1.1339513098738978,-1.1367045311345099,-1.5409421691061156,High,-1.0906433306877124,0.0,10,3072,-0.004892507370651861
Post_3074,YouTube,#Challenge,Tweet,UK,1.1809461728716093,0.4459479982791117,1.666816161994511,-1.5566250656463996,Medium,0.43427131687470816,0.7797588068927479,10,3073,-0.0049010532350547455
Post_3075,TikTok,#Comedy,Reel,India,-0.14454265961787338,-0.8565206172329833,-0.6779841349539,-0.5162329112329112,Medium,-0.548820080759417,0.0,7,3074,-0.00490959909945763
Post_3076,YouTube,#Gaming,Video,Australia,-0.0036923744414100877,-1.1361129455181793,-0.6978716528801221,-0.3832783552954135,Low,-0.5552388320337812,0.0,7,3075,-0.0049181449638605185
Post_3077,YouTube,#Fashion,Video,Germany,0.5801590526234445,0.694349032748425,-1.2358324535314749,-0.49312864400838546,Medium,-0.1136132530419977,0.4575255081897417,8,3076,-0.004926690828263403
Post_3078,Twitter,#Comedy,Live Stream,UK,0.9135588842995038,0.4926933690866998,-0.29926110759416585,-0.6756523550821382,Low,0.10783469767747492,0.648964798495847,7,3077,-0.004935236692666288
Post_3079,YouTube,#Fitness,Live Stream,India,0.9459556353543512,0.5156953894040546,0.6193495387627144,-1.5124469061958672,Low,0.1421384143313132,0.6657531856387536,8,3078,-0.004943782557069173
Post_3080,YouTube,#Dance,Live Stream,India,1.48406321721811,-0.6121241513610891,-0.898157538431227,-1.3563180701028605,Low,-0.34563413566926665,0.9098956135131373,6,3079,-0.0049523284214720575
Post_3081,TikTok,#Tech,Video,Australia,-0.29958082775450023,1.6097116599498085,0.1288710473469781,-1.0283074884455796,Low,0.10267359777417667,0.0,5,3080,-0.004960874285874942
Post_3082,TikTok,#Challenge,Live Stream,Japan,-0.5241858760592861,-0.2576089773795452,1.2023497182469822,-0.08460319172018185,High,0.08398791827199228,0.0,10,3081,-0.0049694201502778305
Post_3083,YouTube,#Gaming,Post,India,-1.2260362228837705,1.2122686191350327,-1.6173080785280565,-1.2765733417127554,High,-0.7269122559973874,0.0,7,3082,-0.004977966014680715
Post_3084,Instagram,#Tech,Shorts,Germany,1.6099430759743514,-0.8712294392612195,-1.5098535482796283,-0.9818189022725947,High,-0.4382397034597728,0.9593284111252482,5,3083,-0.0049865118790836
Post_3085,Twitter,#Tech,Shorts,Japan,0.07336348775387412,1.3331747205079718,0.41861635609562176,-0.003738256434342056,High,0.4553540769807814,0.0707971646742012,5,3084,-0.004995057743486485
Post_3086,Twitter,#Challenge,Post,Australia,0.7955442040323596,0.477929120503482,1.3779654474778427,1.1084871651681265,Low,0.9399814842954527,0.5853081537250651,10,3085,-0.00500360360788937
Post_3087,Twitter,#Education,Live Stream,India,0.4062473341187042,1.2020424197409316,0.7935889691751513,1.6707610138959008,Medium,1.018159934232672,0.34092469123098595,10,3086,-0.005012149472292254
Post_3088,YouTube,#Fitness,Post,Germany,-0.12787626554122042,0.9177873325179101,-1.3272531025452674,-0.9232880919704631,Low,-0.3651575318847602,0.0,8,3087,-0.005020695336695143
Post_3089,Instagram,#Tech,Tweet,Canada,0.7940462705790432,0.44982785712782214,1.4444750878781667,-1.225603927956832,Low,0.36568632190705,0.5844735551540802,5,3088,-0.005029241201098027
Post_3090,Instagram,#Fitness,Post,Brazil,1.4076069395478268,0.5217299555776739,0.6332845642992541,-0.676982600770823,Medium,0.4714097146634829,0.8786332830381416,8,3089,-0.005037787065500912
Post_3091,Instagram,#Challenge,Shorts,Brazil,-1.1563343505425543,-1.3915877940670165,0.6483894438314538,-0.523864320710103,Medium,-0.605849255372055,0.0,10,3090,-0.005046332929903797
Post_3092,YouTube,#Comedy,Tweet,UK,0.5967206050631544,0.7396463848071193,0.1317268673952072,1.4881672898911646,Low,0.7390652867891614,0.4679519040608341,7,3091,-0.005054878794306682
Post_3093,TikTok,#Tech,Post,Australia,-1.0779100651513538,-1.208181323632976,1.2057560578225808,-1.1600018116253759,High,-0.5600842856467813,0.0,5,3092,-0.0050634246587095665
Post_3094,Instagram,#Music,Live Stream,USA,0.011619986467926608,-1.3092031484062738,0.39267312336833554,-1.478700673461863,High,-0.5959026780079687,0.011552992901939195,6,3093,-0.005071970523112455
Post_3095,TikTok,#Dance,Post,Australia,-0.7302689018374734,0.8155807651318808,-0.46895875190580466,1.0549972858968004,Medium,0.16783759932135078,0.0,6,3094,-0.0050805163875153395
Post_3096,YouTube,#Comedy,Reel,Brazil,-1.2761539515398153,-0.6597147771321462,0.04883927105564152,-0.8842908894127032,Low,-0.6928300867572558,0.0,7,3095,-0.005089062251918224
Post_3097,Instagram,#Tech,Video,Germany,0.9208813531385431,0.4496061509078958,0.5197743192497616,0.17059394171435152,Medium,0.5152139412526381,0.6527841188069271,5,3096,-0.005097608116321109
Post_3098,TikTok,#Comedy,Post,USA,1.4652465417249396,-1.3648029113721691,0.49063119176964043,0.4490353682353774,High,0.2600275475894471,0.9022918194202473,7,3097,-0.005106153980723994
Post_3099,TikTok,#Tech,Shorts,USA,0.793169164073899,1.1249302251228117,-1.2051409898806271,1.01270947558282,Low,0.4314169687247259,0.5839845371184471,5,3098,-0.0051146998451268785
Post_3100,YouTube,#Education,Tweet,Canada,-1.1782613279317007,0.41817236591396856,-1.6299700276575542,-0.054707670190265324,Low,-0.6111916649663879,0.0,10,3099,-0.005123245709529767
Post_3101,TikTok,#Comedy,Video,Canada,-1.2562271881260718,1.097258517548259,0.6420240617962444,-1.5179779277435568,Medium,-0.2587306341312813,0.0,7,3100,-0.0051317915739326515
Post_3102,Instagram,#Dance,Live Stream,Canada,-1.6014837181290915,1.0879745695888448,-1.4849425396661597,0.40142657516665786,Medium,-0.39925627825993715,0.0,6,3101,-0.005140337438335536
Post_3103,Instagram,#Fitness,Live Stream,UK,0.4559491224242626,1.4510254330375514,0.07192668373469863,-0.2926816226028796,Medium,0.42155490414840824,0.37565800577403025,8,3102,-0.005148883302738421
Post_3104,YouTube,#Comedy,Live Stream,Germany,-0.4249522388335409,-0.5803231654404089,0.017734917759266524,0.7172549068328252,High,-0.06757139492046452,0.0,7,3103,-0.005157429167141306
Post_3105,YouTube,#Education,Shorts,Canada,1.5131413535820097,0.499323770726371,-0.16637945667536025,-1.7180748844941456,High,0.032002695784718704,0.9215335059178675,10,3104,-0.005165975031544194
Post_3106,Twitter,#Gaming,Post,Japan,0.1384249184913122,0.7723896221624863,-0.518746361662281,-1.73417785862033,Low,-0.33552741990720314,0.12964565660112604,7,3105,-0.005174520895947079
Post_3107,Instagram,#Fitness,Tweet,USA,-0.5715379782662983,-1.19673574002928,1.1534222952520206,0.09680031245783625,Medium,-0.12951277764643038,0.0,8,3106,-0.005183066760349964
Post_3108,TikTok,#Music,Video,India,-1.541760302762804,-0.5022617910682293,0.32027980551925034,0.9202924066847173,High,-0.20086247040676636,0.0,6,3107,-0.005191612624752848
Post_3109,Twitter,#Challenge,Live Stream,Brazil,0.2670279188502433,-1.1222008802178034,-0.5353995773652075,0.8299057127851336,Medium,-0.14016670648690846,0.23667393649499752,10,3108,-0.005200158489155733
Post_3110,Twitter,#Gaming,Shorts,Germany,1.6358560912857036,0.7314293980311004,-1.0683712947997746,-1.609834893193792,Low,-0.07773017466919069,0.9692080215557819,7,3109,-0.005208704353558618
Post_3111,Instagram,#Music,Reel,Australia,0.4384529033650085,-0.2591124226834205,-0.5874924876425435,-0.10672727791093975,High,-0.12871982121797382,0.3635681633727032,6,3110,-0.005217250217961506
Post_3112,YouTube,#Gaming,Tweet,Brazil,-1.6262153806163278,-1.272524625647215,-1.1962294550313337,1.337989552931748,High,-0.6892449770907823,0.0,7,3111,-0.005225796082364391
Post_3113,Instagram,#Education,Tweet,Brazil,1.0998693255418048,-0.21461875567195893,-0.8493333378476472,-1.1210746219985994,High,-0.27128934749410016,0.7418751168607898,10,3112,-0.005234341946767276
Post_3114,TikTok,#Music,Reel,USA,-1.5691568614988727,-0.713035123024424,1.6981269601136495,0.404857208784845,Medium,-0.044801953906200565,0.0,6,3113,-0.0052428878111701605
Post_3115,TikTok,#Gaming,Shorts,Japan,-1.6092289797131885,0.2070041197535301,0.9519665557052553,0.09659027366488601,Low,-0.08841700764737923,0.0,7,3114,-0.005251433675573045
Post_3116,TikTok,#Dance,Post,USA,0.06932879783021106,-0.23972005675924093,-0.2501616472469013,-0.4637232129953528,High,-0.221069029792821,0.06703115989656286,6,3115,-0.00525997953997593
Post_3117,TikTok,#Education,Shorts,Australia,-0.14293303213304245,1.3651558427323423,-0.3154670261811046,-0.8200190187699318,Medium,0.021684191412065873,0.0,10,3116,-0.005268525404378818
Post_3118,YouTube,#Education,Tweet,Canada,1.6817691906327137,-1.0295068953304873,0.9951823386037587,0.600543350883479,Medium,0.5619969961973661,0.9864767224808774,10,3117,-0.005277071268781703
Post_3119,Instagram,#Fashion,Live Stream,Australia,1.4350816155820099,1.436094904789389,0.6436068054374315,-1.5966724621689108,Medium,0.47952771590997983,0.889980273665665,8,3118,-0.005285617133184588
Post_3120,TikTok,#Education,Live Stream,Brazil,0.38330894329081344,-0.2134409413786004,-1.4054956903726532,1.1147883289566334,Medium,-0.030209839875951716,0.3244784140630246,10,3119,-0.0052941629975874725
Post_3121,TikTok,#Fashion,Live Stream,Germany,-0.5234334831353422,0.8663930594112421,-0.8650575518481377,0.8107921826266624,Medium,0.07217355176360615,0.0,8,3120,-0.005302708861990357
Post_3122,YouTube,#Viral,Post,USA,1.1837542841669848,-0.14595911068852954,-1.4960561526249307,0.9175619023763643,Medium,0.11482523080747217,0.7810455443036942,6,3121,-0.005311254726393242
Post_3123,YouTube,#Music,Tweet,UK,0.8691224759826388,-0.03885422150600329,0.4087414120734319,-0.3710260923733166,Low,0.2169958935441877,0.6254690565471952,6,3122,-0.00531980059079613
Post_3124,TikTok,#Education,Post,UK,1.475184569571897,0.748486920326681,-1.7341214407417656,0.7040224628769606,Medium,0.2983931280084433,0.9063149668045865,10,3123,-0.005328346455199015
Post_3125,Instagram,#Fashion,Reel,Japan,-0.19947693641818234,-1.466351288417792,-0.37530161731207373,0.6069145276029694,Low,-0.3585538286362696,0.0,8,3124,-0.0053368923196019
Post_3126,TikTok,#Viral,Video,Canada,-0.4225360845076516,-0.979976340135075,-1.6673021331072964,-0.1948735580190543,High,-0.8161720289422694,0.0,6,3125,-0.005345438184004785
Post_3127,Instagram,#Tech,Live Stream,UK,-0.12199759623838323,1.5390358740289243,0.5832216947790929,1.0202708721290286,Low,0.7551327111746656,0.0,5,3126,-0.005353984048407669
Post_3128,TikTok,#Viral,Reel,Germany,-1.0274750706266513,0.15688465741143848,-1.2398237201049036,-0.7159798033285829,Medium,-0.7065984841621749,0.0,6,3127,-0.005362529912810554
Post_3129,TikTok,#Music,Video,Japan,1.0978855573133735,0.7201708790504674,-0.5230817029403156,-1.1282859538898906,Medium,0.041672194883408675,0.7409299600179201,6,3128,-0.005371075777213442
Post_3130,YouTube,#Fashion,Live Stream,Canada,1.364739044348364,1.2270744376344866,-0.5297223447392099,0.07824688574723232,Medium,0.5350845057477184,0.8606676751998353,8,3129,-0.005379621641616327
Post_3131,TikTok,#Comedy,Live Stream,Brazil,1.120361411507692,-1.6676189661946463,-0.025824939843842713,1.7306920828177006,Low,0.2894023970717259,0.7515865512806169,7,3130,-0.005388167506019212
Post_3132,Twitter,#Fashion,Live Stream,Germany,-1.2326933242099232,1.3419736861112972,1.1072474698939063,-0.17793042872106882,Medium,0.2596493507685529,0.0,8,3131,-0.005396713370422097
Post_3133,TikTok,#Dance,Reel,Brazil,0.9159229604266501,0.40441965195916457,-0.09088946648482184,0.06333413144776576,High,0.32319681933718963,0.6501994701946938,6,3132,-0.0054052592348249814
Post_3134,TikTok,#Fitness,Shorts,Germany,0.3287631972627051,1.7213199567245878,-0.4109477567092469,-0.41086345010287745,High,0.30706798679379216,0.2842485827132811,8,3133,-0.005413805099227866
Post_3135,Twitter,#Fitness,Reel,Canada,1.5244388965119406,-1.2121512506335312,-1.6401546389138892,-1.02872756603148,High,-0.58914863976674,0.9260188188297858,8,3134,-0.0054223509636307544
Post_3136,TikTok,#Challenge,Live Stream,Australia,-0.9493879230483656,-0.6565069652625874,-1.1901049252893485,0.17059394171435152,High,-0.6563514679714875,0.0,10,3135,-0.005430896828033639
Post_3137,YouTube,#Dance,Shorts,Canada,0.11664526758545175,-0.5747320117066422,-0.06229685853207003,-1.6796377853842528,Medium,-0.5500053470093783,0.11032889362893405,6,3136,-0.005439442692436524
Post_3138,TikTok,#Challenge,Reel,Brazil,1.33362985823349,-0.10375871738943081,-0.4228527414886116,1.2141366780220937,Low,0.5052887693443853,0.8474249344130247,10,3137,-0.005447988556839409
Post_3139,TikTok,#Challenge,Post,Japan,0.41257415002651343,-0.6495578609317721,-0.6187000633503003,0.7087833421838324,High,-0.036725108017931635,0.3454136782546053,10,3138,-0.0054565344212422935
Post_3140,Instagram,#Tech,Live Stream,UK,-0.47516178957684296,1.353031283830122,1.6336473604705004,-1.0590431651472971,Low,0.3631184223941205,0.0,5,3139,-0.005465080285645182
Post_3141,TikTok,#Viral,Shorts,Brazil,-0.6493496595828122,-0.04558854793626498,0.40055243410381103,-0.5078313595149019,Medium,-0.200554283232542,0.0,6,3140,-0.0054736261500480665
Post_3142,Twitter,#Dance,Post,India,0.8157765842439892,-1.168821541276683,-0.6115777169649578,-1.2475879882856231,High,-0.5530526655708187,0.5965132463133831,6,3141,-0.005482172014450951
Post_3143,TikTok,#Gaming,Reel,Canada,0.2344351893106527,-1.4895265167194642,0.11971866020446066,-1.4667984751946832,Low,-0.6505427855997585,0.2106135288791014,7,3142,-0.005490717878853836
Post_3144,Twitter,#Challenge,Video,Brazil,-0.3885488926727733,-0.6294588064315775,1.4752697739403964,-1.3416853675273277,Low,-0.22110582317282051,0.0,10,3143,-0.005499263743256721
Post_3145,Twitter,#Education,Post,Germany,0.1486116882612128,-0.624505058080099,-1.3373000839197602,0.2275144546038647,Medium,-0.39641974978369543,0.1385539854899734,10,3144,-0.005507809607659606
Post_3146,TikTok,#Fitness,Tweet,Japan,-0.7300503104506445,-1.4655198900930684,0.681076540769016,-0.6830037128353963,Low,-0.5493743431525233,0.0,8,3145,-0.005516355472062494
Post_3147,Twitter,#Tech,Live Stream,Japan,-1.5917286492171914,-0.20284061273837367,0.11170171958714276,0.6067745017410026,High,-0.26902326015685496,0.0,5,3146,-0.005524901336465379
Post_3148,TikTok,#Education,Post,Brazil,-0.06377759624106945,-0.7088088482070787,1.229669249792692,-0.16119733821603358,Low,0.07397136678212757,0.0,10,3147,-0.005533447200868263
Post_3149,YouTube,#Fashion,Shorts,USA,-1.2407373501973349,-0.871880701282253,0.6494904828861927,1.2152568849178285,High,-0.061967670918891715,0.0,8,3148,-0.005541993065271148
Post_3150,YouTube,#Dance,Reel,UK,-0.9656541372820465,-0.10519980781895183,-0.06277856311851833,-0.3261478036129501,Low,-0.3649450779581167,0.0,6,3149,-0.005550538929674033
Post_3151,TikTok,#Fashion,Post,Germany,-1.1708175717087468,-0.0010810242860580664,1.3859823880951607,1.452810759744542,High,0.41672363796122447,0.0,8,3150,-0.005559084794076918
Post_3152,Instagram,#Fitness,Shorts,Japan,-0.2778292716663827,-1.510380758031283,-0.6576493199116902,0.9032792644557485,Low,-0.38564502128840183,0.0,8,3151,-0.005567630658479806
Post_3153,YouTube,#Fitness,Reel,Australia,-0.42222978247030835,0.7449326924884873,-0.3694867548042337,-1.3042284494512026,Medium,-0.3377530735593144,0.0,8,3152,-0.005576176522882691
Post_3154,YouTube,#Viral,Reel,Brazil,0.01648792757147659,-1.2076409147219054,-0.8177816874352846,-1.5359012380753099,Medium,-0.8862089781652558,0.016353477548917618,6,3153,-0.0055847223872855754
Post_3155,YouTube,#Tech,Post,Brazil,-0.30012833408075823,1.5903608639418652,1.5172124804318579,0.020486217685918177,Medium,0.7069828069947208,0.0,5,3154,-0.00559326825168846
Post_3156,YouTube,#Tech,Tweet,Brazil,-1.342346712620998,-0.3174765850790218,0.8308866671544328,1.4435690528547318,Medium,0.1536581055772862,0.0,5,3155,-0.005601814116091345
Post_3157,TikTok,#Fashion,Tweet,India,0.9505487954355865,0.4938988966575491,0.6411638750347295,1.4621224795653358,Low,0.8869335116733001,0.6681107665373718,8,3156,-0.00561035998049423
Post_3158,YouTube,#Gaming,Post,USA,1.3735662990352913,1.3714606133614966,0.14118892177186995,0.7487607257753602,High,0.9087441399860045,0.8643935916443072,7,3157,-0.005618905844897118
Post_3159,Instagram,#Fashion,Video,Germany,0.35234297222248245,-1.3988556010889759,-1.5776706725574545,-1.2230834624414293,High,-0.9618166909663444,0.3018386231293813,8,3158,-0.005627451709300003
Post_3160,YouTube,#Gaming,Reel,Brazil,-0.3469226513696553,-1.4569079891128058,-1.5769825231482428,0.08531819177655683,Low,-0.8238737429635368,0.0,7,3159,-0.0056359975737028875
Post_3161,TikTok,#Dance,Tweet,USA,1.3653852251564507,-1.5523386601523372,0.27647909562291695,-1.5244891303250139,Low,-0.35874086742449585,0.8609408945806759,6,3160,-0.005644543438105772
Post_3162,TikTok,#Gaming,Live Stream,Brazil,-1.3687654346517224,0.05993668442928631,-0.08889383319810751,-1.2435272382885854,High,-0.6603124554272822,0.0,7,3161,-0.005653089302508657
Post_3163,YouTube,#Music,Tweet,UK,1.5329399772172674,0.2027639882974394,1.5959711803161525,-0.4888578552183974,Medium,0.7107043226531155,0.9293806744171286,6,3162,-0.005661635166911542
Post_3164,Twitter,#Viral,Post,Brazil,-1.5632795626749498,1.2457739716213965,-0.42027218120406723,1.5210033545223844,High,0.19580639556619095,0.0,6,3163,-0.00567018103131443
Post_3165,Twitter,#Fashion,Reel,USA,-0.8082635420890447,0.5033006260462992,-0.729492118233406,-1.2022896219393562,High,-0.5591861640538769,0.0,8,3164,-0.005678726895717315
Post_3166,TikTok,#Education,Video,UK,-0.6010190354309985,0.04676594930178891,-0.9940511586048963,-1.2571797598303505,Medium,-0.7013710011411141,0.0,10,3165,-0.0056872727601202
Post_3167,Instagram,#Education,Post,USA,0.8214873698798262,0.5669372394845231,0.47748753805369437,1.1424434366950809,High,0.7520888960282812,0.599653403530735,10,3166,-0.005695818624523084
Post_3168,Twitter,#Tech,Live Stream,UK,-0.5643847635731736,-1.272586980521569,0.07928988241326528,0.3902245062093121,Medium,-0.3418643388680413,0.0,5,3167,-0.005704364488925969
Post_3169,Twitter,#Fashion,Shorts,India,0.979359003171743,1.3214866457262315,0.7060563643234057,-1.438793302801319,Medium,0.3920271776050152,0.6827730565208594,8,3168,-0.005712910353328854
Post_3170,TikTok,#Viral,Shorts,Canada,-0.5053232895224871,-1.7213065130136769,-0.19848162661509242,-1.3892241476650637,Medium,-0.95358389420408,0.0,6,3169,-0.005721456217731742
Post_3171,Twitter,#Tech,Tweet,Japan,-0.8437589459690967,1.5603958826549498,-0.563338443379208,-1.2846948417068311,Low,-0.2828490871000465,0.0,5,3170,-0.005730002082134627
Post_3172,Instagram,#Fashion,Tweet,Brazil,-1.2618365583222515,-1.2648480477822663,-0.06178074647516115,-1.56607681132916,High,-1.03863554097721,0.0,8,3171,-0.005738547946537512
Post_3173,TikTok,#Fashion,Live Stream,Japan,-0.1899507374849684,1.7159505092107477,-1.3390548649132503,-1.4265410398792218,Low,-0.30989903326667323,0.0,8,3172,-0.005747093810940396
Post_3174,TikTok,#Tech,Video,India,0.9277275805548674,0.9107828016321132,-0.5746585011607428,0.7306973895816401,High,0.4986373176519695,0.6563418898123745,5,3173,-0.005755639675343281
Post_3175,TikTok,#Tech,Live Stream,UK,-1.4133861723825591,0.331187316189755,1.2903984351556366,-0.1757600278605831,Medium,0.008109887775562319,0.0,5,3174,-0.005764185539746169
Post_3176,YouTube,#Music,Reel,USA,1.1257597279510714,0.9233992712097948,0.6015608765345883,0.42250046739266456,High,0.7683050857720297,0.7541292575174766,6,3175,-0.005772731404149054
Post_3177,Twitter,#Education,Tweet,Brazil,1.5441498094966837,1.4029983231460144,0.03201401800041213,-0.8964031264728333,Medium,0.5206897560425692,0.9337965311248538,10,3176,-0.005781277268551939
Post_3178,YouTube,#Challenge,Reel,Canada,-0.06995365946830706,1.339742767273289,-0.15223798631605703,1.3632642210167594,Low,0.620203835626421,0.0,10,3177,-0.005789823132954824
Post_3179,Twitter,#Dance,Shorts,USA,0.11586409460430774,-0.3147052573299429,-0.6102358256169947,0.5553149974681955,High,-0.0634404977186086,0.10962907751505319,6,3178,-0.0057983689973577085
Post_3180,Twitter,#Fashion,Reel,Australia,-1.0699736217587137,-0.33794976882534206,1.3815782318762049,-1.723605906041835,High,-0.43748776618742147,0.0,8,3179,-0.005806914861760593
Post_3181,Twitter,#Comedy,Reel,USA,-0.8212152530685208,0.922754937508134,-0.25432495117263293,0.05430246335090572,High,-0.024620700845528518,0.0,7,3180,-0.0058154607261634815
Post_3182,TikTok,#Tech,Shorts,Japan,0.9736728861563632,0.044853733154924476,-1.6897702113180628,1.173109100465815,Medium,0.12546637711475994,0.6798962161126881,5,3181,-0.005824006590566366
Post_3183,Instagram,#Gaming,Live Stream,Brazil,1.0349977061339957,-1.5419184678158007,0.5978792771953051,1.008088622137915,Medium,0.2747617844128538,0.7104946916870413,7,3182,-0.005832552454969251
Post_3184,Twitter,#Fitness,Post,India,0.022357003521913752,-1.5799826544493991,0.42243558531674746,0.23913660114711097,Medium,-0.22401336611590672,0.02211074929859771,8,3183,-0.005841098319372136
Post_3185,Twitter,#Gaming,Reel,UK,0.5074366447551379,-0.6855227667954433,-0.26103440791244836,-0.628603665461286,Low,-0.26693104885350993,0.4104106220396312,7,3184,-0.005849644183775021
Post_3186,Twitter,#Challenge,Shorts,Australia,-0.557242512711363,0.3827686539194858,-0.821291249422265,-0.15657648477112845,Low,-0.2880853982463177,0.0,10,3185,-0.005858190048177905
Post_3187,YouTube,#Dance,Live Stream,Japan,0.7061471792139146,-0.32187606788068457,-0.01419521482816268,1.5046903416032498,Low,0.4686915595270793,0.5342377168687795,6,3186,-0.005866735912580794
Post_3188,Twitter,#Comedy,Tweet,Australia,-1.1526806537570633,0.11363808788706242,1.6899379821440288,0.6207770879376847,Low,0.31791812605292813,0.0,7,3187,-0.005875281776983678
Post_3189,Instagram,#Tech,Shorts,USA,0.1433106758207479,0.0977791648429585,-1.363105686765204,1.3113846391580517,Low,0.047342198264138546,0.13392815524697696,5,3188,-0.005883827641386563
Post_3190,Twitter,#Fashion,Shorts,Canada,1.666999539373435,1.5608185101366843,0.8084529964141269,0.3902245062093121,Medium,1.1066238880333894,0.9809540724864896,8,3189,-0.005892373505789448
Post_3191,Instagram,#Gaming,Live Stream,USA,0.07641348857762144,0.3033908988664938,-0.23994262852010556,-0.44054893283984375,High,-0.07517179347895853,0.07363467098647039,7,3190,-0.005900919370192333
Post_3192,Instagram,#Dance,Video,Canada,-1.2462350263620001,-0.11343065123371611,-1.170905556772338,-0.4195450535448204,Low,-0.7375290719782187,0.0,6,3191,-0.005909465234595217
Post_3193,YouTube,#Tech,Post,Brazil,0.06133685004154223,-0.9306051362852347,-0.07977585352605068,1.4040117468491047,High,0.11374190176984039,0.05952929278988993,5,3192,-0.005918011098998106
Post_3194,YouTube,#Fashion,Shorts,Canada,1.0229326950120639,-0.495402754889259,-0.9569599054483784,-0.2802193208878324,Low,-0.1774123215533515,0.7045482877419229,8,3193,-0.00592655696340099
Post_3195,YouTube,#Fashion,Post,India,1.4271109102165125,-0.8029716368014066,-0.646879781657525,0.7905584455724566,Low,0.19195448433250936,0.8867016241826083,8,3194,-0.005935102827803875
Post_3196,Instagram,#Fitness,Shorts,India,0.5033142441809605,0.09239586069037277,-0.7937308655833308,-0.03321370037835812,High,-0.05780861527258893,0.4076721668817967,8,3195,-0.00594364869220676
Post_3197,Instagram,#Education,Reel,Australia,0.6302075720943177,-0.484442153641652,-0.9991778717035246,-1.4999145915498366,Low,-0.5883317612001739,0.4887073515541444,10,3196,-0.005952194556609645
Post_3198,Twitter,#Fashion,Post,India,-1.0651776307981637,-0.1301348292412891,-1.4338818535026414,0.7895782645386888,High,-0.4599040122508514,0.0,8,3197,-0.0059607404210125295
Post_3199,Instagram,#Dance,Post,Canada,-0.9238517894384425,0.24988348835115318,1.3687098379239435,1.2205778676725676,High,0.4788298511273055,0.0,6,3198,-0.005969286285415418
Post_3200,Twitter,#Challenge,Video,Canada,-1.3059029373322588,0.7188960682858911,1.2055840204702777,-1.626497970767844,Medium,-0.2519802048359835,0.0,10,3199,-0.0059778321498183025
Post_3201,YouTube,#Fitness,Shorts,USA,0.9372880414609385,-1.4117630600803108,0.8966049357341632,0.8927773248082368,Low,0.3287268104807569,0.6612890783053276,8,3200,-0.005986378014221187
Post_3202,Twitter,#Education,Post,Brazil,1.3250129720599058,-0.9866829532878459,1.0469311741764888,1.0967950056938969,High,0.6205140496606114,0.8437256184043596,10,3201,-0.005994923878624072
Post_3203,YouTube,#Education,Video,UK,1.5847207820358002,0.5744891076007631,-0.14783383009710127,1.1320115099785526,Low,0.7858468923795037,0.9496174874400419,10,3202,-0.006003469743026957
Post_3204,Twitter,#Dance,Live Stream,Canada,1.5902122910453511,1.1254844906726273,1.1991498234941471,-0.7268318076310116,High,0.7970036993952785,0.9517398380070213,6,3203,-0.006012015607429845
Post_3205,TikTok,#Music,Tweet,Brazil,0.9954936514296523,0.9902367681982048,0.13165805245428602,-1.3043684753131695,Medium,0.20325499919224344,0.6908914640581691,6,3204,-0.00602056147183273
Post_3206,YouTube,#Fashion,Video,Australia,-0.8389663812058326,0.12914366664315882,-0.26172255732166017,-0.9365205359263278,High,-0.4770164519526654,0.0,8,3205,-0.006029107336235615
Post_3207,Twitter,#Tech,Post,UK,1.0864454845763567,0.242130698973105,0.9089228101590551,-0.9798585402050592,Medium,0.3144101133758644,0.7354618930188751,5,3206,-0.006037653200638499
Post_3208,Instagram,#Challenge,Post,India,1.3273366190590807,1.4839210934191178,-0.5799228441412133,-1.3913945485255494,Medium,0.20998507995285898,0.8447245318122545,10,3207,-0.006046199065041384
Post_3209,YouTube,#Challenge,Live Stream,Germany,1.0459649636455832,-1.5642415128346312,-0.1989977386720013,1.6961056949118956,Low,0.24470785176271156,0.7158695430649151,10,3208,-0.006054744929444269
Post_3210,Instagram,#Education,Video,Australia,0.3347042233561423,-0.19195622300386633,1.2697883603497422,-0.9334399669630578,High,0.11977409843474013,0.2887097117666886,10,3209,-0.006063290793847157
Post_3211,YouTube,#Viral,Video,USA,-1.3275654122909477,0.6820374092231419,1.5980700360142486,-1.295896910664177,Low,-0.08583871942943352,0.0,6,3210,-0.006071836658250042
Post_3212,Instagram,#Dance,Tweet,Germany,-0.004738735092468762,0.3997568930213394,-1.606710577626194,-0.7575674843327291,High,-0.4923149760075131,0.0,6,3211,-0.006080382522652927
Post_3213,Instagram,#Challenge,Live Stream,Germany,-1.142029291635219,-1.0593610235074398,1.236826003648495,-0.2019448640483788,High,-0.2916272938856356,0.0,10,3212,-0.006088928387055811
Post_3214,YouTube,#Music,Tweet,UK,-1.2122457788087504,-1.2695315916782097,-0.7262234085396497,0.19551854514444586,Medium,-0.753120558470541,0.0,6,3213,-0.006097474251458696
Post_3215,Twitter,#Music,Video,UK,-0.7025413724436043,-0.697772035446372,1.6880111637982356,-1.6384701819660072,High,-0.33769310651443696,0.0,6,3214,-0.006106020115861581
Post_3216,YouTube,#Comedy,Shorts,UK,0.4741593609978607,-0.22328608320720314,1.1195309368483377,0.23913660114711097,Medium,0.40238520394652655,0.3880879025757284,7,3215,-0.006114565980264469
Post_3217,TikTok,#Tech,Live Stream,Germany,1.3806537307405302,-1.1386209971310959,-1.3547790789137408,-1.6400104664476423,High,-0.6881892029379872,0.8673751267483579,5,3216,-0.006123111844667354
Post_3218,Instagram,#Viral,Video,USA,1.304370133413447,1.1425281563294625,1.299963711943681,1.5822646691328692,Medium,1.332281667704865,0.8348073781140269,6,3217,-0.006131657709070239
Post_3219,YouTube,#Education,Post,Germany,0.7589106174139918,1.5268766735298405,-0.7495172660414704,1.4627525959441865,Medium,0.7497556552116371,0.5646946500322558,10,3218,-0.0061402035734731235
Post_3220,Twitter,#Viral,Video,USA,0.9232844879147466,0.6693724414098514,0.36724600269795815,-0.6963061697222445,High,0.31589919057507787,0.6540343952979079,6,3219,-0.006148749437876008
Post_3221,YouTube,#Viral,Shorts,Brazil,-1.0003162899822116,-0.3868914168740752,-1.1925822631625111,-0.301433238975806,Low,-0.7203058022486509,0.0,6,3220,-0.006157295302278893
Post_3222,Instagram,#Tech,Reel,Australia,-1.294867155874957,0.20810572253378898,-0.7247094798393837,0.2852751226651789,Medium,-0.38154894762884317,0.0,5,3221,-0.006165841166681781
Post_3223,YouTube,#Gaming,Post,USA,-0.31913756186138603,-0.5450649481527527,-1.6621066050677469,-0.4558817647252108,Medium,-0.7455477199517742,0.0,7,3222,-0.006174387031084666
Post_3224,Instagram,#Fashion,Video,India,1.5607271224439079,0.2133019620633119,0.5616826182707625,-0.5744136568801258,Low,0.44032451147446416,0.9402912503666124,8,3223,-0.006182932895487551
Post_3225,YouTube,#Dance,Video,Brazil,0.6288254441092586,-0.229376075935804,-0.20859742293050643,-1.4494352683107974,High,-0.3146458307669623,0.48785916863543966,6,3224,-0.0061914787598904356
Post_3226,TikTok,#Gaming,Reel,Brazil,1.0846309704938397,1.256422798497232,-1.3988206411032984,1.0081586350688985,Low,0.48759794073916796,0.7345918470168298,7,3225,-0.00620002462429332
Post_3227,YouTube,#Education,Post,UK,0.18103858985217455,1.254663005376567,-1.0146612334107907,0.7669640878310471,Medium,0.29700111241224947,0.16639421225478115,10,3226,-0.006208570488696205
Post_3228,TikTok,#Fashion,Reel,Japan,1.0308389878685895,0.9522141514808425,-0.16689556873226913,-1.1107127082130546,Medium,0.17636121560102708,0.7084490021875884,8,3227,-0.006217116353099093
Post_3229,Twitter,#Comedy,Tweet,Brazil,-0.9944759940889744,1.6428428831900466,1.2809707882494343,1.4094027425348272,High,0.8346851049713335,0.0,7,3228,-0.006225662217501978
Post_3230,Instagram,#Education,Post,USA,1.6304762763076672,-1.0689983157548615,-1.0803795019905211,-0.10952779515027619,High,-0.1571073341469979,0.9671649234473024,10,3229,-0.006234208081904863
Post_3231,YouTube,#Tech,Post,India,-1.040376759125756,0.47782519571289156,1.269960397702045,1.3741862382501715,Medium,0.5203987681348381,0.0,5,3230,-0.006242753946307748
Post_3232,Instagram,#Music,Reel,USA,-0.8682199388707611,-1.1142679545360652,1.5838253432435636,0.41913984670546084,Medium,0.005119324135549566,0.0,6,3231,-0.006251299810710632
Post_3233,Instagram,#Challenge,Live Stream,Brazil,0.30598857866507173,1.146955352408616,-1.4580358977659769,-1.0112243332856274,Medium,-0.2540790749944791,0.26696028553657475,10,3232,-0.006259845675113521
Post_3234,Twitter,#Fashion,Live Stream,Germany,0.4070072646766767,1.0931015259246406,-0.07877803688269351,0.7177449973497091,Low,0.5347689377670832,0.3414649413574987,8,3233,-0.006268391539516405
Post_3235,Twitter,#Viral,Post,India,-0.7089031355637279,0.20292333964301146,1.1607854939305873,1.5515990053621351,High,0.5516011758430015,0.0,6,3234,-0.00627693740391929
Post_3236,Instagram,#Tech,Video,Australia,1.375409593175008,0.867404594039656,-0.13950722224563805,1.2670664538455525,High,0.8425933547036447,0.8651698829012532,5,3235,-0.006285483268322175
Post_3237,YouTube,#Fashion,Tweet,UK,0.31017470650876355,-1.0377377387452518,0.9858579141089383,-0.9375007169600955,Medium,-0.16980145877191136,0.270160492068054,8,3236,-0.00629402913272506
Post_3238,Twitter,#Music,Post,UK,-1.0751252519975212,0.47695915579130443,-1.1562823818265866,0.8474789584619699,High,-0.22674237989270837,0.0,6,3237,-0.0063025749971279445
Post_3239,Twitter,#Fashion,Post,India,-0.398559555902188,0.5944426673941311,-0.4770100999935831,-1.4404036002139373,Medium,-0.43038264717889435,0.0,8,3238,-0.006311120861530833
Post_3240,Instagram,#Fitness,Shorts,India,-0.3226555812343626,0.587923118864423,1.4517694716158123,1.4523906821586416,Medium,0.7923569228511286,0.0,8,3239,-0.0063196667259337175
Post_3241,Twitter,#Tech,Shorts,Australia,-0.8492415468657047,0.12330309341197504,-1.4648829843876348,-1.4184895528161297,Low,-0.9023277476643736,0.0,5,3240,-0.006328212590336602
Post_3242,Twitter,#Viral,Live Stream,USA,1.6347179085473877,-1.4798060846395702,-0.8495397826704107,-1.3792823114654194,Low,-0.5184775675570031,0.968776120682729,6,3241,-0.006336758454739487
Post_3243,Instagram,#Comedy,Video,UK,-0.8067299761839568,-1.7071450282158838,-1.0316585238183231,-1.4742198458789249,Medium,-1.2549383435242722,0.0,7,3242,-0.006345304319142372
Post_3244,YouTube,#Dance,Reel,India,0.10688471675789461,-0.34920828780597507,-0.9538288256364645,-0.4350179112921543,Medium,-0.4077925769941748,0.10154950806675797,6,3243,-0.0063538501835452565
Post_3245,YouTube,#Viral,Post,Japan,1.4597303640949315,1.2636421072835826,1.5903971701015367,-1.4292015312565916,Low,0.7211420275558649,0.9000517358453743,6,3244,-0.006362396047948145
Post_3246,TikTok,#Music,Reel,Australia,-1.6621493377489518,-1.6689838451110677,-0.5452745213873974,-1.061073540145816,High,-1.2343703110983082,0.0,6,3245,-0.0063709419123510296
Post_3247,Instagram,#Education,Post,Brazil,1.255470075272747,-0.03216839331135048,-0.37987781088333245,0.11213314434320328,High,0.2388892538553168,0.8133584103310588,10,3246,-0.006379487776753914
Post_3248,Twitter,#Education,Tweet,Canada,-1.5706273853739035,-1.356960053842276,-1.2670400292392316,-0.2908612863973109,High,-1.1213721887131805,0.0,10,3247,-0.006388033641156799
Post_3249,YouTube,#Comedy,Reel,Germany,0.9699636849748435,0.08605644846435481,-1.0922156718289646,0.6394705405102555,Low,0.1508187505301223,0.6780151085570664,7,3248,-0.006396579505559684
Post_3250,YouTube,#Education,Video,Australia,1.5172993866079587,0.6305946378808651,1.6149296965399387,0.07222577368265896,High,0.9587623736778553,0.9231866548913509,10,3249,-0.006405125369962569
Post_3251,Instagram,#Music,Video,Canada,-1.5467166397563257,-1.222820862467485,-1.4137190758127347,0.12088476071612965,Low,-1.0155929543301039,0.0,6,3250,-0.006413671234365457
Post_3252,Instagram,#Education,Reel,India,1.420078297667845,-0.7591569450884693,1.2524125877671433,-0.8383624066875855,Low,0.2687428834147334,0.8837998940534029,10,3251,-0.006422217098768342
Post_3253,YouTube,#Fitness,Post,Germany,0.9589388673488559,0.6391926822223823,1.5669656827178735,-0.1241604977258091,High,0.7602341836408256,0.6724029324258962,8,3252,-0.006430762963171226
Post_3254,TikTok,#Challenge,Live Stream,Australia,-0.4837259123122269,-0.9690988787199404,0.7225375426740291,-0.36514500617071005,High,-0.27385806363221205,0.0,10,3253,-0.006439308827574111
Post_3255,YouTube,#Dance,Post,India,-0.6311366800513855,-0.35364241220450127,1.6197467424044214,0.21610234685356872,Low,0.21276749925052585,0.0,6,3254,-0.006447854691976996
Post_3256,TikTok,#Fashion,Shorts,Germany,1.4207004950949316,1.2042109837045858,0.48171965692034713,0.37874238552803263,Medium,0.8713433803119742,0.8840569590659348,8,3255,-0.006456400556379881
Post_3257,YouTube,#Tech,Video,Australia,-1.5150482982444222,-0.16571867753946198,-1.264665913777451,-0.1259808339313778,Low,-0.7678534308731783,0.0,5,3256,-0.006464946420782769
Post_3258,Instagram,#Tech,Reel,Australia,-1.5193934016421713,1.0962954811554542,-0.31488209918327453,-1.62313735008064,Medium,-0.590279342437658,0.0,5,3257,-0.006473492285185654
Post_3259,Instagram,#Fitness,Live Stream,UK,0.2590750297106316,1.181008042125423,-1.035718605332673,-0.6320342990794731,Medium,-0.05691745814402285,0.23037734797327794,8,3258,-0.0064820381495885385
Post_3260,YouTube,#Tech,Tweet,Japan,-0.9458157697582746,-0.19352895150146862,0.3048652587529052,0.8436282472578822,Low,0.002287196187761076,0.0,5,3259,-0.006490584013991423
Post_3261,YouTube,#Comedy,Tweet,USA,1.5591284587903913,0.11528009957839166,-0.5489561207266807,-0.37221631220003454,Medium,0.1883090313605169,0.9396667547416452,7,3260,-0.006499129878394308
Post_3262,Twitter,#Dance,Shorts,Brazil,0.8198777423949952,-1.282064921423419,-0.9826966933529011,-0.27167774330785627,High,-0.4291404039222953,0.5987693243241513,6,3261,-0.006507675742797193
Post_3263,YouTube,#Viral,Reel,India,-0.44742261111220233,-0.23063703006163488,1.5110535432194119,-1.2482881175954572,Low,-0.10382355388747064,0.0,6,3262,-0.006516221607200081
Post_3264,YouTube,#Viral,Live Stream,Japan,-1.1718769519094914,1.2413675605003611,-0.45185823908689055,0.7643035964536774,Low,0.09548399148941415,0.0,6,3263,-0.006524767471602966
Post_3265,Twitter,#Challenge,Reel,India,1.1274406203394454,1.2965239110264035,-1.2911596660321065,0.3909246355191462,Low,0.38093237521322215,0.7549196705421353,10,3264,-0.0065333133360058505
Post_3266,Instagram,#Gaming,Live Stream,Australia,1.4541854064077235,0.3644917474143105,-0.8102808588748756,-0.12339035548499158,Low,0.22125148486554175,0.8977948961681393,7,3265,-0.006541859200408735
Post_3267,Twitter,#Fitness,Post,UK,-1.0255694196963343,-1.1179191788454765,-0.3289547546016566,1.0470158117646915,High,-0.356356885344694,0.0,8,3266,-0.00655040506481162
Post_3268,TikTok,#Gaming,Reel,Australia,1.5691569382456918,-0.5826649373883805,-1.5752965570956738,0.5067260233657082,Low,-0.020519633218163608,0.9435778054972555,7,3267,-0.006558950929214508
Post_3269,TikTok,#Gaming,Reel,USA,0.9735406349411344,1.1454380504659953,-1.3691958090367289,1.4615623761174685,Medium,0.5528363131219673,0.679829206200723,7,3268,-0.006567496793617393
Post_3270,YouTube,#Education,Post,Canada,-0.0383654909728894,-0.21010149144096035,0.3355911298742137,-0.9690065359026305,Medium,-0.22047059711056666,0.0,10,3269,-0.006576042658020278
Post_3271,TikTok,#Challenge,Reel,India,-0.6812496120312302,1.5730262088713767,1.4535930675502235,-1.5937319190676076,High,0.18790943633069063,0.0,10,3270,-0.006584588522423163
Post_3272,Instagram,#Fashion,Reel,Germany,-1.2814981340660803,-0.23469009689466278,1.4369398518472971,-0.641556057693217,Low,-0.18020110920166574,0.0,8,3271,-0.006593134386826047
Post_3273,TikTok,#Dance,Live Stream,UK,-0.8152228340157978,1.1816385191883383,0.5142347165056064,-1.1677032340335511,Low,-0.07176320808885106,0.0,6,3272,-0.006601680251228932
Post_3274,YouTube,#Challenge,Tweet,Germany,0.3810284663774387,0.39678464401045227,0.04319644590010447,1.1978936780339424,Low,0.5047258085804844,0.3228284870875865,10,3273,-0.00661022611563182
Post_3275,Instagram,#Tech,Post,Brazil,-1.4458637816933495,-0.8298119460512355,-1.1416936143512957,-1.6807579922799873,Low,-1.274531833593967,0.0,5,3274,-0.006618771980034705
Post_3276,YouTube,#Education,Video,USA,0.24532844096086864,-1.1339998081095068,1.4523199911431817,0.006063553903335495,Low,0.14242804447446974,0.2193993031261567,10,3275,-0.00662731784443759
Post_3277,TikTok,#Comedy,Reel,Canada,0.20042675505260293,1.552012616213986,0.09071316260618176,-0.28547029071158825,Low,0.3894205607902956,0.18267712278337778,7,3276,-0.006635863708840475
Post_3278,Twitter,#Comedy,Post,Brazil,-1.5750149736179957,-0.5800321760267556,-0.25029927712874367,0.04562085990896275,High,-0.5899313917161331,0.0,7,3277,-0.0066444095732433595
Post_3279,Twitter,#Challenge,Shorts,Canada,-0.5520764924439555,0.20839671194744225,1.0627930180588216,1.4213749537329905,High,0.5351220478238248,0.0,10,3278,-0.006652955437646244
Post_3280,Instagram,#Fitness,Video,India,-0.31351517211552066,-1.6263331110527435,-1.404669911081599,1.3210464236337625,High,-0.5058679426540251,0.0,8,3279,-0.0066615013020491325
Post_3281,YouTube,#Comedy,Reel,USA,1.6269822403156906,-0.20816849033597784,0.3483563014150933,-0.8254800273866378,High,0.235422506002042,0.9658357502373421,7,3280,-0.006670047166452017
Post_3282,Twitter,#Dance,Post,Germany,0.0031243876782570314,-0.3885126436072864,-1.0334477122822738,-0.7560271998510941,High,-0.5437157920155993,0.0031195169218587327,6,3281,-0.006678593030854902
Post_3283,Instagram,#Education,Post,Canada,-1.0096088222605395,1.263565895770483,0.9157698967807129,0.48740245441428665,High,0.41428235617623577,0.0,10,3282,-0.006687138895257787
Post_3284,TikTok,#Tech,Live Stream,Brazil,0.5314501762912874,-0.568032326873244,-0.8866654432973894,-1.393845001109969,Low,-0.5792731487473287,0.42621511414072355,5,3283,-0.0066956847596606715
Post_3285,Instagram,#Viral,Live Stream,India,-1.6817732253226376,1.1918439336243214,0.01463824541781326,0.6952708465040341,Low,0.0549949500558828,0.0,6,3284,-0.006704230624063556
Post_3286,Instagram,#Fashion,Post,Japan,-1.6420916935988938,1.1178702676820331,0.8643651359125887,-0.9232180790394797,Low,-0.14576859226093794,0.0,8,3285,-0.0067127764884664445
Post_3287,Twitter,#Viral,Post,Brazil,1.3619473787999599,0.4857373364365118,-0.968796075286822,-0.7004369326502657,Low,0.044612926824845994,0.8594864392882092,6,3286,-0.006721322352869329
Post_3288,Twitter,#Education,Reel,Japan,0.8188485127303652,-1.0149574246478232,-1.017172978754414,-0.38670898891360067,Low,-0.3999977198963682,0.5982036155459057,10,3287,-0.006729868217272214
Post_3289,Instagram,#Fashion,Shorts,Brazil,-1.6703845455449067,0.8697948642232365,-1.699610747869792,1.7519760138366576,High,-0.1870561038387012,0.0,8,3288,-0.006738414081675099
Post_3290,TikTok,#Gaming,Live Stream,Brazil,0.20851395112581475,-1.2998776305306234,1.6991247767570068,-1.0075836608744901,High,-0.09995564088057302,0.18939146526176334,7,3289,-0.006746959946077984
Post_3291,Instagram,#Viral,Reel,Japan,-0.5106407477099234,0.5233234690333942,-1.1080431082408368,-0.24696317867071213,Medium,-0.3355808913970195,0.0,6,3290,-0.006755505810480868
Post_3292,Twitter,#Dance,Video,India,-1.1694409256393448,-0.26492528263711346,0.15006604915070265,1.6829432638870143,Low,0.09966077619031471,0.0,6,3291,-0.006764051674883757
Post_3293,Instagram,#Fitness,Reel,Japan,1.6372505535809914,-1.1348519913923485,-1.2351787115927237,0.11563379089237383,Medium,-0.15428658962792677,0.9697369174881831,8,3292,-0.006772597539286641
Post_3294,TikTok,#Music,Post,Japan,-0.7654011288052391,1.0633028243026699,1.1380077484856754,0.10912258831091659,Medium,0.3862580080735057,0.0,6,3293,-0.006781143403689526
Post_3295,Instagram,#Music,Video,Canada,-0.9831441891861864,1.4353535746165103,-0.7376810962030268,0.9592896092424773,High,0.1684544746174436,0.0,6,3294,-0.006789689268092411
Post_3296,Twitter,#Gaming,Tweet,India,-0.8149343482043402,0.6687281077081906,-0.7613190284094533,-0.9941411781256752,Low,-0.4754166117578195,0.0,7,3295,-0.006798235132495296
Post_3297,TikTok,#Dance,Live Stream,Germany,0.4353515095819753,-0.13765205576066558,-0.6219343655735959,-1.1889871650525081,Low,-0.3783055192011986,0.36140977362767707,6,3296,-0.0068067809968981804
Post_3298,TikTok,#Education,Shorts,USA,-1.1816196865111628,-1.6792446861020323,-1.4870758028347164,-0.9900104151976539,High,-1.3344876476613914,0.0,10,3297,-0.006815326861301069
Post_3299,TikTok,#Dance,Video,India,-0.8516871664882512,-1.4702103623083844,-0.9252018102132522,1.1413232297993463,Low,-0.5264440273026354,0.0,6,3298,-0.0068238727257039535
Post_3300,Twitter,#Music,Shorts,USA,0.7477384733047182,-0.966840246604441,-0.43926510489831394,-1.020676078968388,Medium,-0.4197607392916062,0.5583226512256965,6,3299,-0.006832418590106838
Post_3301,TikTok,#Challenge,Reel,UK,-1.5162803587883669,-0.08981201049219131,-0.4906010508255169,1.6080294277347644,High,-0.12216599809282763,0.0,10,3300,-0.006840964454509723
Post_3302,YouTube,#Dance,Live Stream,Brazil,0.21327293915567888,0.3846462284694867,-1.4742418163529156,-1.4695289795030362,Medium,-0.5864629070576965,0.19332161632055844,6,3301,-0.006849510318912608
Post_3303,Instagram,#Challenge,Video,Germany,-1.381119616824569,-0.31938880122588625,1.3140363673620632,-1.1604919021422597,High,-0.38674098820766295,0.0,10,3302,-0.006858056183315496
Post_3304,YouTube,#Gaming,Reel,Australia,0.8244907744204877,1.3185351816734625,-0.8431399931647406,1.2353505961100673,Medium,0.6338091397598193,0.6013009203841778,7,3303,-0.006866602047718381
Post_3305,Twitter,#Dance,Shorts,Japan,-0.30321944927193417,1.6792165598967068,0.6612922452541757,-1.6780975009026178,Low,0.08979796374408267,0.0,6,3304,-0.0068751479121212655
Post_3306,Instagram,#Comedy,Reel,Japan,0.7668360969753176,-0.13819246467173596,0.8673585858426601,-1.270552229648182,High,0.056362497124514965,0.5691904312397699,7,3305,-0.00688369377652415
Post_3307,TikTok,#Fashion,Shorts,Germany,-0.6085511875439239,-1.1295379704334898,-1.0502385578670428,1.4103129106376115,Low,-0.3445037013017112,0.0,8,3306,-0.006892239640927035
Post_3308,TikTok,#Gaming,Live Stream,Japan,0.24418203534906696,0.15887308507140258,-0.6700016018070427,0.38630378207424104,Low,0.029839325171916967,0.2184783142781526,7,3307,-0.00690078550532992
Post_3309,TikTok,#Challenge,Video,Germany,-0.9940573127806596,-0.8070870585087887,-0.5303416792075005,1.2556543460952565,Medium,-0.2689579261004231,0.0,10,3308,-0.006909331369732808
Post_3310,Instagram,#Fitness,Live Stream,Germany,-0.7229861768869486,0.4028884933777985,-1.0806891692246665,-0.3812479802968946,High,-0.4455087082576778,0.0,8,3309,-0.006917877234135693
Post_3311,Instagram,#Viral,Live Stream,Brazil,-1.3813841192550265,-0.8096713216348047,-0.5391843991158726,-0.39188994580637304,Low,-0.7805324464530192,0.0,6,3310,-0.006926423098538578
Post_3312,Twitter,#Tech,Shorts,Japan,-0.37022833054657506,0.7633204521036256,0.9599834963225733,0.3239222605680218,High,0.41924946961191145,0.0,5,3311,-0.006934968962941462
Post_3313,YouTube,#Viral,Live Stream,Brazil,-0.5881276255237511,1.410806539079044,-0.45378505743268366,-0.4337576785344529,High,-0.016215955602960894,0.0,6,3312,-0.006943514827344347
Post_3314,TikTok,#Viral,Reel,Brazil,0.9171968205774805,0.8780534209154915,-1.565077538368878,1.0610183979613739,Medium,0.322797775271367,0.6508641299342823,6,3313,-0.006952060691747232
Post_3315,TikTok,#Viral,Tweet,Canada,-0.7966638085585135,1.0723373527646671,-1.002928285983729,-0.7687695532900749,High,-0.37400607376691253,0.0,6,3314,-0.00696060655615012
Post_3316,Twitter,#Tech,Reel,Australia,0.9054785406208634,-1.387299164375317,-0.3111660923735306,1.645766397534823,High,0.21319492035170967,0.6447331794582679,5,3315,-0.006969152420553005
Post_3317,Twitter,#Comedy,Live Stream,UK,-0.10887800159190689,0.8569497601062559,-1.3728085934350909,0.18746705808135358,High,-0.10931744420984707,0.0,7,3316,-0.00697769828495589
Post_3318,Instagram,#Education,Reel,Canada,-1.1523757221986342,1.7170936819072427,1.506752609411838,-1.302758177900551,Low,0.19217809780497386,0.0,10,3317,-0.0069862441493587744
Post_3319,YouTube,#Challenge,Reel,Canada,-0.4576696819543316,-0.06755132034771516,1.1954682241548638,-0.5296753939817261,Medium,0.035142956967772726,0.0,10,3318,-0.006994790013761659
Post_3320,Instagram,#Music,Post,UK,0.02990354566343908,-0.9126677174293215,-0.22311737546487617,-0.015220377115621471,High,-0.280275481086595,0.029465152869626508,6,3319,-0.007003335878164544
Post_3321,YouTube,#Fitness,Live Stream,Germany,0.9858413684363239,-1.1366394977905043,0.6470819599539513,1.11163774706238,Low,0.4019803944155377,0.6860426875266293,8,3320,-0.007011881742567432
Post_3322,YouTube,#Fitness,Post,India,1.403502355199535,0.061994395282977385,-1.4905853648216967,-0.7451751955486654,Medium,-0.19256595247196245,0.876926988255511,8,3321,-0.007020427606970317
Post_3323,TikTok,#Tech,Tweet,Brazil,0.7210031706447934,1.1894813767182315,-1.3791051605293794,-1.673686686250663,Medium,-0.28557682485425434,0.5429073595547206,5,3322,-0.007028973471373202
Post_3324,YouTube,#Music,Shorts,India,1.080050144722833,0.6786979592855019,-1.214912711491435,-0.946952462642856,Medium,-0.10077926753148903,0.7323920014624561,6,3323,-0.0070375193357760865
Post_3325,Instagram,#Dance,Shorts,UK,-1.617552583399115,1.719532450326432,-0.04760486864539733,-1.0914591521926165,Low,-0.2592710384776742,0.0,6,3324,-0.007046065200178971
Post_3326,YouTube,#Challenge,Tweet,Germany,1.2526708720903144,-1.2348899948147236,-0.053488546094158526,-0.5873660491120568,High,-0.15576842948265615,0.8121165664868424,10,3325,-0.007054611064581856
Post_3327,Instagram,#Education,Post,USA,-0.016234312225514157,-1.1078454024775748,0.5980857220180686,-0.627763510289485,Low,-0.2884393757436263,0.0,10,3326,-0.007063156928984744
Post_3328,Twitter,#Music,Video,UK,-1.6110839229236769,0.17512692231975024,0.6514173012319859,0.8775145058538532,Medium,0.02324370162047812,0.0,6,3327,-0.007071702793387629
Post_3329,YouTube,#Challenge,Live Stream,Brazil,-0.3100910305481728,-0.8480888525564108,-1.1761354922823481,-0.11673912704156754,Medium,-0.6127636256071247,0.0,10,3328,-0.007080248657790514
Post_3330,TikTok,#Tech,Shorts,India,-0.8947846169058571,1.44799082915231,1.011009775015631,-0.4007115751102829,High,0.2908761030379503,0.0,5,3329,-0.007088794522193399
Post_3331,Instagram,#Dance,Video,Canada,0.34308470191701174,1.3557679699823375,-1.2569930478647389,0.6314190534471632,Low,0.2683196693704434,0.29496898473848215,6,3330,-0.007097340386596283
Post_3332,TikTok,#Comedy,Video,Australia,0.7361853360572728,0.9123693867684609,-0.13441491661747046,-0.36647525185939483,Medium,0.28691613858721715,0.5516903709413271,7,3331,-0.007105886250999172
Post_3333,Twitter,#Viral,Post,Japan,-0.5486454984820363,-1.7130964545570309,-0.32898916207211715,0.70360238529106,Medium,-0.471782182455031,0.0,6,3332,-0.007114432115402056
Post_3334,Twitter,#Fitness,Live Stream,Brazil,-1.3884318070717512,-0.6294103081959687,-1.0784182761742673,0.8738038205117323,Medium,-0.5556141427325637,0.0,8,3333,-0.007122977979804941
Post_3335,Instagram,#Tech,Post,Germany,0.2612314782822634,-1.609046954217864,-0.2057416028822773,1.5793941389625492,Low,0.006459265036167783,0.23208860737052958,5,3334,-0.007131523844207826
Post_3336,TikTok,#Fitness,Tweet,Germany,0.0855682877250634,0.6566797603190702,-0.23120313102311524,-0.40771286820862396,High,0.025833012203098582,0.08210361736264621,8,3335,-0.007140069708610711
Post_3337,Twitter,#Dance,Tweet,UK,1.558707036524248,0.03194627416358956,1.0986111948082977,-1.6703260655634593,High,0.254734609983169,0.9395020670460434,6,3336,-0.007148615573013595
Post_3338,Twitter,#Fashion,Tweet,USA,1.3130452649408884,-1.2464949297639913,-1.5524499967098409,-1.3295031175362142,Medium,-0.7038506947672896,0.8385649528550009,8,3337,-0.007157161437416484
Post_3339,TikTok,#Fashion,Video,India,-1.4936071556303907,0.9033348583064638,-1.0311080042909537,-1.2030597641801737,High,-0.7061100164487636,0.0,8,3338,-0.0071657073018193684
Post_3340,Twitter,#Gaming,Tweet,Japan,-0.07403220471722731,-0.6558557032415538,1.6622399684232523,0.9689513937181881,Low,0.4753258635456648,0.0,7,3339,-0.007174253166222253
Post_3341,TikTok,#Dance,Live Stream,Brazil,0.5670661823157966,1.6653391361931944,-0.9278167779682571,1.4213749537329905,Low,0.6814908735684311,0.4492051975271891,6,3340,-0.007182799030625138
Post_3342,YouTube,#Fashion,Shorts,USA,0.6855022848490843,1.5573820637278264,1.4507372475019944,1.0703301177821674,Low,1.190987928465268,0.5220636112823288,8,3341,-0.007191344895028023
Post_3343,Twitter,#Gaming,Post,Brazil,0.6919634076904938,0.6126156491087159,1.0491676597564275,1.5244339881405717,Medium,0.9695451761740522,0.5258896342897073,7,3342,-0.0071998907594309075
Post_3344,TikTok,#Music,Live Stream,Australia,1.2621600680928424,-1.3061893294791507,-0.12529693694541363,-1.6827883672785064,Low,-0.46302864140255706,0.8163201391570512,6,3343,-0.007208436623833796
Post_3345,TikTok,#Comedy,Tweet,Japan,-0.9146894526569719,0.6407169124843758,-1.2562704909850664,-1.2954768330782764,Medium,-0.7064299660589848,0.0,7,3344,-0.0072169824882366805
Post_3346,TikTok,#Fitness,Post,UK,0.23066157562016146,1.1317754046630364,0.4747005329463864,-0.9203475488691598,Low,0.22919749109010615,0.2075518911439189,8,3345,-0.007225528352639565
Post_3347,TikTok,#Comedy,Tweet,India,-1.0978943886794974,-0.19972286902065992,1.0665778398094867,-0.7423046653783455,High,-0.243336020817254,0.0,7,3346,-0.00723407421704245
Post_3348,Instagram,#Music,Shorts,Australia,-0.18127971739427,-0.1918245849357851,-0.763211439284786,-0.7622583507086177,High,-0.47464352308086466,0.0,6,3347,-0.007242620081445335
Post_3349,Instagram,#Challenge,Tweet,Japan,1.3435123816844186,-1.358214079648734,0.9553040803399327,-1.024106712586575,Low,-0.020876082552739456,0.8516508217822495,10,3348,-0.00725116594584822
Post_3350,YouTube,#Challenge,Post,Germany,0.7009729360730212,1.3201633367260464,0.867117733549436,-0.5485788853472471,Medium,0.5849187802503142,0.5312004026892787,10,3349,-0.007259711810251108
Post_3351,YouTube,#Fashion,Reel,Brazil,0.04191305238934238,-1.5851442523820587,-1.0772484221786074,-1.6913299448584824,Medium,-1.0779523917574516,0.041058496845144114,8,3350,-0.007268257674653993
Post_3352,Instagram,#Viral,Shorts,Brazil,0.07766336534745184,-1.2182897415977412,0.054447688740717995,-0.8732288463173242,High,-0.4898518834567239,0.0747951466749963,6,3351,-0.007276803539056877
Post_3353,TikTok,#Comedy,Live Stream,UK,-1.443813545237575,-0.07562974073628011,-1.2216909831721716,-1.4609173889920768,Medium,-1.050512914534526,0.0,7,3352,-0.007285349403459762
Post_3354,Instagram,#Challenge,Tweet,UK,0.7311906256541512,-1.086790239903948,-0.985655735812512,1.584785134648272,Medium,0.0608824461464908,0.5488093947143705,10,3353,-0.007293895267862647
Post_3355,Twitter,#Gaming,Post,USA,-0.3964051630489277,-1.0503195667260699,-0.44786697251346186,1.4987392424696597,High,-0.0989631149546999,0.0,7,3354,-0.007302441132265532
Post_3356,Instagram,#Music,Reel,Canada,0.84361169623263,0.6777834211283059,-0.9680735184071496,-0.24066201488220512,Low,0.0781648960178953,0.6117265260796253,6,3355,-0.00731098699666842
Post_3357,YouTube,#Music,Shorts,India,0.7487498867434625,-0.6108424122771401,1.6795813335353906,1.62210202686243,Medium,0.8598977087160358,0.5589011822332702,6,3356,-0.007319532861071305
Post_3358,YouTube,#Fitness,Reel,UK,-0.5047490588574005,1.4226955351225925,1.4653260149772853,-1.3235520184026242,Medium,0.26493011820996326,0.0,8,3357,-0.007328078725474189
Post_3359,YouTube,#Comedy,Shorts,Canada,0.8439954303286306,1.3021774196345244,-1.1828449490221635,0.4762003854569409,Low,0.35988207159948304,0.6119346470015217,7,3358,-0.007336624589877074
Post_3360,Twitter,#Comedy,Reel,Japan,-0.21525046348217686,1.1838001548326198,-1.713270513642647,-1.4058172123081323,Medium,-0.537634508650084,0.0,7,3359,-0.007345170454279959
Post_3361,TikTok,#Dance,Video,Japan,-0.027259129851501723,0.7151963457408709,0.9812129055967584,-0.634064674077992,High,0.25877136185203387,0.0,6,3360,-0.007353716318682847
Post_3362,Instagram,#Comedy,Post,Japan,-0.5288071309582643,-0.10531758924828767,-0.16342041421574938,1.1110076306835293,Low,0.07836562406530698,0.0,7,3361,-0.007362262183085732
Post_3363,YouTube,#Fitness,Reel,Canada,-0.4165628521597286,-0.634710472516082,-0.00036341170300477034,-0.5153927560611102,Medium,-0.3917573731099814,0.0,8,3362,-0.007370808047488617
Post_3364,Instagram,#Music,Shorts,Brazil,-0.056349600525630004,0.2969198485723946,-0.39164516578085484,1.178430083220554,High,0.25683879137161597,0.0,6,3363,-0.0073793539118915015
Post_3365,Instagram,#Tech,Reel,Brazil,-1.3471283135529477,0.7314571113085913,-0.8716293787061107,-1.6469417466149998,Medium,-0.7835605818913667,0.0,5,3364,-0.007387899776294386
Post_3366,TikTok,#Gaming,Reel,India,-0.6080304055564946,0.39717955821469597,-1.0965510131069993,-0.04567600209340529,High,-0.3382694656355508,0.0,7,3365,-0.007396445640697271
Post_3367,Instagram,#Gaming,Post,Japan,-0.8506867168808211,-1.4753373186441805,1.6565971432677153,-0.8479541782323128,Low,-0.37934526762239973,0.0,7,3366,-0.007404991505100159
Post_3368,YouTube,#Challenge,Tweet,USA,0.36993512480573676,-0.4707656511999477,0.8199450915479646,-1.002822781567618,Low,-0.07092705410346611,0.31476338456239356,10,3367,-0.007413537369503044
Post_3369,TikTok,#Fitness,Tweet,USA,0.2106594358661322,-0.9515702307070164,-0.5285180832730891,-0.4835368724636582,Low,-0.43824143764440787,0.1911651994755673,8,3368,-0.007422083233905929
Post_3370,YouTube,#Tech,Post,Brazil,-0.10704293032567563,-0.30234513556905107,0.10740078577956878,-1.4344525010803473,High,-0.4341099452988763,0.0,5,3369,-0.007430629098308814
Post_3371,Instagram,#Music,Shorts,Brazil,-0.7457498316532676,0.865824937222681,-0.19201302216850116,1.7042271949059713,Low,0.40807231957672085,0.0,6,3370,-0.007439174962711698
Post_3372,TikTok,#Tech,Video,Japan,-0.9947960009154606,0.12750165495182958,-0.7306275647586055,1.2223982038781362,Medium,-0.0938809267110251,0.0,5,3371,-0.007447720827114583
Post_3373,YouTube,#Viral,Post,Australia,1.5849222424362006,1.4827571357645046,-0.2998804420624565,-0.0042983598822093445,Low,0.69087514406401,0.9496954272124977,6,3372,-0.007456266691517471
Post_3374,Twitter,#Fitness,Live Stream,USA,-0.08638912784790255,1.3796083169437885,0.9442936897925435,-1.0346086522340867,Low,0.30072605666358565,0.0,8,3373,-0.007464812555920356
Post_3375,Instagram,#Viral,Live Stream,USA,-1.0541343117068334,0.4448810370957163,0.9128452617915626,1.5149122295268278,Medium,0.45462605417681834,0.0,6,3374,-0.007473358420323241
Post_3376,Instagram,#Fitness,Live Stream,USA,-1.6038498499746092,0.7718977114870248,-0.159153887878636,1.5216334709012351,High,0.1326318611337537,0.0,8,3375,-0.007481904284726126
Post_3377,TikTok,#Music,Reel,India,1.670401753278154,-0.7378523630174254,1.3745247004317835,-1.2459076779420213,Medium,0.26529160318762274,0.9822289304853417,6,3376,-0.00749045014912901
Post_3378,Instagram,#Music,Reel,UK,-0.21187428867682906,-1.6531249220669637,-0.6135389427812116,1.5637812553532486,Medium,-0.22868922454293888,0.0,6,3377,-0.007498996013531895
Post_3379,YouTube,#Viral,Live Stream,Germany,-0.10560735366295924,-0.897716404223041,-0.8799903940280345,0.6340795448245329,Low,-0.31230865177237543,0.0,6,3378,-0.007507541877934783
Post_3380,TikTok,#Education,Post,Japan,0.46073689051132677,-0.7924198063967887,-1.1789224973896562,0.8794048549904052,High,-0.15780013957117822,0.37894102792049145,10,3379,-0.007516087742337668
Post_3381,TikTok,#Fashion,Reel,Canada,1.3050855234067054,0.18048251319484518,-1.6884283199700996,1.3132049753636204,Medium,0.2775861729987678,0.8351177791905375,8,3380,-0.007524633606740553
Post_3382,Twitter,#Comedy,Shorts,Australia,0.9942526827727648,0.10046042444019232,1.2735731821004073,0.22331367874486005,Medium,0.6478999920145562,0.6902693850621846,7,3381,-0.007533179471143438
Post_3383,Twitter,#Education,Live Stream,India,-0.9703535094791391,-1.2117355514711694,-0.05648199602423001,-0.43991881646099307,Medium,-0.6696224683588828,0.0,10,3382,-0.0075417253355463225
Post_3384,Instagram,#Viral,Live Stream,Japan,0.7998447668653945,0.9573480361360112,0.4445251813524474,1.748475367287487,Medium,0.987548337910335,0.5877004205528457,6,3383,-0.007550271199949207
Post_3385,Instagram,#Comedy,Post,USA,-0.5693993459205523,1.5271745912628665,-1.7052191655548685,-0.020121282284460248,Low,-0.19189130062425364,0.0,7,3384,-0.0075588170643520955
Post_3386,Instagram,#Fitness,Tweet,UK,-0.8026788405133223,-0.4579967585960667,-0.81344634615725,-0.34869196738960845,Medium,-0.6057034781640619,0.0,8,3385,-0.00756736292875498
Post_3387,YouTube,#Gaming,Post,India,1.6675819929120073,0.17728855796403176,0.9580910854472408,0.491043126825424,Medium,0.8235011907871759,0.9811724414578369,7,3386,-0.007575908793157865
Post_3388,YouTube,#Viral,Live Stream,USA,-0.4056230042264269,1.0806582643312765,0.1153489114559655,1.7160593802421678,High,0.6266108879507457,0.0,6,3387,-0.00758445465756075
Post_3389,Twitter,#Gaming,Tweet,UK,-1.635024819077369,-1.315701911977864,1.16966262130942,-0.5898165016964763,Medium,-0.5927201528605723,0.0,7,3388,-0.0075930005219636346
Post_3390,Instagram,#Challenge,Tweet,UK,-0.4133634691343239,-0.9764706105324902,0.16345055515987286,-0.847814152370346,Medium,-0.5185494192193218,0.0,10,3389,-0.007601546386366519
Post_3391,YouTube,#Education,Live Stream,Canada,1.544632218074513,-0.03302057659419223,0.6266095150298993,-0.44467969576786504,Medium,0.4233853651855888,0.9339861279976067,10,3390,-0.007610092250769408
Post_3392,YouTube,#Tech,Post,Canada,-0.9238771432983568,1.0259037563288504,-0.20605127011642263,-0.1462145709855836,Low,-0.06255980701787814,0.0,5,3391,-0.007618638115172292
Post_3393,TikTok,#Dance,Tweet,India,1.4575862498335284,-0.5257557220610456,0.5751359392208538,-0.9206976135240769,High,0.14656721336731496,0.8991796689985038,6,3392,-0.007627183979575177
Post_3394,TikTok,#Fashion,Reel,UK,1.1672112331926179,1.282923620097799,1.0997810488039579,1.5371763415795525,High,1.2717730609184819,0.7734411950498712,8,3393,-0.007635729843978062
Post_3395,TikTok,#Fashion,Shorts,India,1.4278256149703135,0.632998764703191,1.0976133781649406,-1.3178109580619846,Low,0.4601566999441151,0.8869960481180217,8,3394,-0.007644275708380947
Post_3396,Instagram,#Tech,Live Stream,USA,1.0685113975039877,-0.20425398989040391,0.20473951971258303,-1.3884540054242462,Low,-0.07986426952451986,0.7268292169375006,5,3395,-0.007652821572783835
Post_3397,YouTube,#Fitness,Shorts,USA,-1.045720941652021,-0.19911317691586256,0.26570955736875174,0.08650841160327483,Medium,-0.22315403739896422,0.0,8,3396,-0.00766136743718672
Post_3398,Instagram,#Gaming,Live Stream,Canada,1.3956591043730664,-0.843966502529656,1.4455073119919846,1.2568445659219745,Medium,0.8135111199393423,0.8736583931580305,7,3397,-0.007669913301589604
Post_3399,TikTok,#Fashion,Video,Canada,-1.0266925271665932,-1.5154938577283334,0.5573472769927279,-0.09237462705934048,Low,-0.5193034337403848,0.0,8,3398,-0.007678459165992489
Post_3400,TikTok,#Viral,Video,Brazil,-1.225838188680656,-1.3129444408675304,0.5818798034311299,1.3517120874044966,High,-0.15129768467813998,0.0,6,3399,-0.007687005030395374
Post_3401,TikTok,#Education,Reel,Australia,-1.1719893311804628,-0.4534171394907139,1.4994238182037318,-0.329368398438187,High,-0.11383776272640794,0.0,10,3400,-0.007695550894798259
Post_3402,Instagram,#Tech,Tweet,Brazil,0.2252550363032964,1.1688904115425756,-0.7627985496392589,0.6396805793032058,Medium,0.31775686937745473,0.20314901522820603,5,3401,-0.007704096759201147
Post_3403,Twitter,#Tech,Reel,UK,0.21656003283159797,0.3208987619212997,-0.10004185362733926,-0.5615312775791781,High,-0.03102858411340491,0.19602723083730725,5,3402,-0.007712642623604032
Post_3404,Instagram,#Challenge,Tweet,UK,-0.5392255116646796,-0.3854156848476907,0.3673492251093399,-0.9747475962432702,High,-0.3830098919115751,0.0,10,3403,-0.0077211884880069165
Post_3405,Twitter,#Viral,Shorts,USA,-0.765567641993325,-0.9442192838525847,0.04202659190444435,-0.7098186654020427,Low,-0.594394749835877,0.0,6,3404,-0.007729734352409801
Post_3406,Instagram,#Viral,Video,Canada,1.4618217149181347,-0.5225686951496049,0.07027512515259021,-0.8433333247874076,Low,0.041548705033428085,0.9009016104034435,6,3405,-0.007738280216812686
Post_3407,YouTube,#Tech,Post,Japan,0.19318445923004945,-1.250028372644067,-1.727343169061029,1.124940203949228,High,-0.41481171963145463,0.17662574912681342,5,3406,-0.007746826081215571
Post_3408,Twitter,#Viral,Reel,Brazil,-0.24395514434193316,0.45699866767856373,-1.6201638985762854,0.43559288548656244,Medium,-0.24288187243827308,0.0,6,3407,-0.007755371945618459
Post_3409,TikTok,#Fashion,Video,Japan,-0.6468190702675799,0.23958107744395243,0.26564074242783053,1.1781500314966205,Medium,0.2591381952752059,0.0,8,3408,-0.007763917810021344
Post_3410,Twitter,#Music,Reel,India,0.7955202206513596,-1.2314189068090022,-1.5085804718725861,0.9149014109989947,High,-0.2573944367578085,0.5852947964704107,6,3409,-0.0077724636744242286
Post_3411,Twitter,#Education,Shorts,USA,0.5679371216658265,0.0968022718114082,-1.6092567304402778,0.5340310664492385,High,-0.10262156762845115,0.44976082014572344,10,3410,-0.007781009538827113
Post_3412,Instagram,#Challenge,Video,Canada,-0.6822418387651746,-1.0179227453393376,-0.20556956552997432,0.37503170018591186,High,-0.3826756123621437,0.0,10,3411,-0.007789555403229998
Post_3413,Twitter,#Music,Reel,USA,1.3144075209816903,-0.4988392012981168,0.7679209962115497,-1.364229531303986,High,0.05481494614778426,0.839153724320935,6,3412,-0.007798101267632883
Post_3414,TikTok,#Education,Reel,Japan,-0.4414569163983079,-1.4955125846574748,1.3232919769159623,1.2468327167913467,High,0.15828879816288155,0.0,10,3413,-0.007806647132035771
Post_3415,Twitter,#Tech,Reel,Australia,0.24756711826735764,-0.2022309206335763,-1.6477930973561408,-0.1083375753235582,Medium,-0.4276986187614794,0.221195349414572,5,3414,-0.007815192996438656
Post_3416,YouTube,#Education,Live Stream,Germany,1.6497061511934954,-0.413530804862096,-0.5702543449417871,-0.10966782101224301,Medium,0.13906329509434232,0.9744487475077087,10,3415,-0.00782373886084154
Post_3417,YouTube,#Dance,Live Stream,India,1.174851653139772,-1.302337183907931,-1.1081119231817582,1.0390343376325828,Low,-0.04914077907933362,0.7769604567615713,6,3416,-0.007832284725244425
Post_3418,YouTube,#Music,Tweet,Canada,-0.6467669920688369,-0.23158620981569442,1.4663582390911032,0.349336954515,Medium,0.23433549793039296,0.0,6,3417,-0.00784083058964731
Post_3419,YouTube,#Fashion,Shorts,Australia,-0.4640170550458552,0.5182865808494433,-0.14074589118221936,1.4858568631687121,Low,0.34984512444752025,0.0,8,3418,-0.007849376454050195
Post_3420,TikTok,#Tech,Shorts,Japan,1.498166815725045,-0.9614985123680915,-0.5948556863211102,0.8743639239595996,High,0.20404413524886073,0.9155571891875092,5,3419,-0.007857922318453083
Post_3421,Instagram,#Tech,Shorts,Brazil,-1.5134605984222198,-1.2638919397088342,-1.3225048716217058,0.9341549670194327,Low,-0.7914256106833317,0.0,5,3420,-0.007866468182855968
Post_3422,Instagram,#Viral,Live Stream,Brazil,-0.3259543239810531,0.4508948183112175,0.35946991437386444,-1.5333807725599071,High,-0.26224259096396957,0.0,6,3421,-0.007875014047258853
Post_3423,YouTube,#Education,Tweet,USA,-1.4066927533651779,-1.579802518145709,0.5674286658376813,0.2287046744305827,Medium,-0.5475904828106558,0.0,10,3422,-0.007883559911661737
Post_3424,YouTube,#Fashion,Tweet,UK,-0.809755993626704,-1.3699021544304741,0.054447688740717995,-0.9908505703694548,High,-0.7790152574214787,0.0,8,3423,-0.007892105776064622
Post_3425,TikTok,#Music,Live Stream,Australia,1.5189131255295325,-0.44951649568388535,1.0709819960284426,-1.3546377597592587,Low,0.1964352165287077,0.9238275090939541,6,3424,-0.007900651640467507
Post_3426,TikTok,#Tech,Live Stream,Brazil,1.4193430357303296,-0.33873266891445686,-0.34034362732411244,1.2135765745742264,Low,0.4884608285164967,0.8834960304744669,5,3425,-0.007909197504870395
Post_3427,Instagram,#Gaming,Post,India,-0.02316345361615287,-0.9923572468540849,0.7990253495079248,0.6349897129273172,High,0.10462359049125106,0.0,7,3426,-0.00791774336927328
Post_3428,TikTok,#Dance,Shorts,Canada,1.4935955833064383,1.6295474383138406,0.8561073430020466,0.5737283983168325,Low,1.1382446907347894,0.913725678257695,6,3427,-0.007926289233676165
Post_3429,YouTube,#Fitness,Live Stream,India,1.180931097603552,-1.199389286349023,1.5945948814977289,-0.32796813981851874,Low,0.3120421382334348,0.77975189460837,8,3428,-0.00793483509807905
Post_3430,Instagram,#Gaming,Post,UK,1.3771891600452109,0.3153699630618873,-0.6491850821783847,0.6046741138115003,Low,0.41201203868505343,0.8659187645324515,7,3429,-0.007943380962481934
Post_3431,Instagram,#Gaming,Reel,Australia,-1.3572773951527055,1.4155801511268324,1.6311356151268772,0.31503061833312856,Medium,0.5011172473585331,0.0,7,3430,-0.007951926826884823
Post_3432,TikTok,#Viral,Post,Brazil,-0.60789472814398,-1.1191108497775804,1.1921995144611075,0.5356413638618569,Medium,0.00020882510035097335,0.0,6,3431,-0.007960472691287707
Post_3433,YouTube,#Fitness,Tweet,Brazil,0.14571449583640855,-0.23480095000462592,-0.3592333286069774,1.4318068804495188,Low,0.245871774418581,0.1360284562214546,8,3432,-0.007969018555690592
Post_3434,YouTube,#Fitness,Shorts,Germany,0.6644222634289677,0.7687661111305657,-1.3043721346889738,-0.3339192389521087,Low,-0.05127574977038725,0.5094780742862673,8,3433,-0.007977564420093477
Post_3435,Instagram,#Challenge,Reel,Canada,0.163583485160349,-0.924716064818442,-1.0824439502181566,0.5260495923171296,High,-0.32938173438978,0.1515044546543369,10,3434,-0.007986110284496362
Post_3436,YouTube,#Dance,Shorts,Germany,-0.5514714260032975,0.8301371641339176,1.58943376092864,0.08188755815836969,High,0.48749676430440747,0.0,6,3435,-0.007994656148899246
Post_3437,YouTube,#Gaming,Live Stream,India,0.2769899300782007,-1.372971399912579,-0.6211774012234629,0.8633718937952041,Low,-0.21344674431565921,0.24450569141101053,7,3436,-0.008003202013302135
Post_3438,TikTok,#Viral,Video,Japan,-1.5721849346599914,1.6215937276739842,0.2006794381982332,-0.24458273901727615,Low,0.0013763730487374656,0.0,6,3437,-0.00801174787770502
Post_3439,TikTok,#Fashion,Video,USA,1.2670156748861638,-0.4262789125078589,1.1562093003593286,1.6132803975585204,High,0.9025566150740385,0.8184642858756227,8,3438,-0.008020293742107904
Post_3440,TikTok,#Tech,Reel,USA,0.45350761423845903,-0.18906018550607892,-0.022521822679625898,-1.6711662207352602,Medium,-0.3573101536706265,0.3739796795572238,5,3439,-0.008028839606510789
Post_3441,TikTok,#Challenge,Shorts,USA,1.1187812493195184,0.981354662762407,-1.0485869992849344,-0.6675308550880625,High,0.09600451442723212,0.7508410409792244,10,3440,-0.008037385470913674
Post_3442,TikTok,#Education,Reel,USA,1.6873669117581218,1.5993053242520172,-0.7883288927210179,-0.05855838139435293,High,0.609946240473692,0.9885618710212856,10,3441,-0.008045931335316558
Post_3443,YouTube,#Music,Shorts,Germany,1.165006817858986,1.24580861321826,1.3323067341766375,-0.9487727988484248,Medium,0.6985873416013648,0.7724235105760472,6,3442,-0.008054477199719447
Post_3444,YouTube,#Tech,Tweet,Japan,1.5126514073701518,0.5505379075293488,1.148914916621683,1.1934128504510042,High,1.101379270493047,0.9213385332093958,5,3443,-0.008063023064122331
Post_3445,YouTube,#Viral,Tweet,Brazil,0.3007944635799213,1.0163218906364102,-1.4667409877925066,-0.7129692472962963,High,-0.21564847021811784,0.26297520363685445,6,3444,-0.008071568928525216
Post_3446,Instagram,#Education,Live Stream,Germany,-1.0740131083585767,1.195377376504397,-1.6047149443394797,1.0687898333005323,Low,-0.10364021072328178,0.0,10,3445,-0.008080114792928101
Post_3447,TikTok,#Tech,Shorts,Canada,-0.3019921854041895,0.8081328218062312,-0.9448140683757895,0.7298572344098392,High,0.07279595060902286,0.0,5,3446,-0.008088660657330986
Post_3448,Twitter,#Comedy,Video,USA,-0.7123039789895329,-0.3316727114736784,1.1383518231902814,1.0714503246779021,Medium,0.29145636435124306,0.0,7,3447,-0.00809720652173387
Post_3449,TikTok,#Dance,Shorts,Brazil,0.12468381165720636,0.26719735846352355,-0.5981932109557876,-0.7448951438247318,Low,-0.23780179616494734,0.11750193984795278,6,3448,-0.008105752386136759
Post_3450,Twitter,#Viral,Video,Brazil,0.9221983833751736,0.5230186229809956,1.153043813076954,1.038404221253732,High,0.9091662601717138,0.6534695223782746,6,3449,-0.008114298250539644
Post_3451,TikTok,#Tech,Shorts,Canada,0.6464552848626557,-1.4829169000379112,-0.023209972088837735,1.265596182294901,Low,0.10148114875770192,0.498624664775044,5,3450,-0.008122844114942528
Post_3452,TikTok,#Tech,Video,USA,-1.6801005558077493,-1.0236524654605583,0.896536120793242,0.3729313122564095,Medium,-0.3585713970546641,0.0,5,3451,-0.008131389979345413
Post_3453,Instagram,#Fashion,Post,India,1.0654339871019545,-1.391075098433437,1.4412063781844104,-1.1542607512847363,High,-0.009673871107952092,0.7253403675772935,8,3452,-0.008139935843748298
Post_3454,TikTok,#Viral,Live Stream,Australia,-1.2258464115541416,-0.8638923490455331,0.5672566284853783,0.768154307657765,Low,-0.18858195611413286,0.0,6,3453,-0.008148481708151183
Post_3455,Instagram,#Challenge,Post,Brazil,0.5203602609168712,-1.2875036521309862,-1.006128180736564,-0.7376137990024569,Low,-0.627721342738284,0.41894732053596034,10,3454,-0.00815702757255407
Post_3456,Instagram,#Fitness,Tweet,India,-1.6730117536235962,0.40325569430455144,1.3062602790379694,-1.5354811604894094,Low,-0.37474423519262123,0.0,8,3455,-0.008165573436956956
Post_3457,YouTube,#Education,Reel,Australia,1.024649219852209,-0.6633313598446942,-0.699144729287164,-0.11239832532059604,High,-0.11255629865006128,0.7053964607890189,10,3456,-0.00817411930135984
Post_3458,YouTube,#Education,Tweet,Germany,-1.1824241576338497,0.6765086103637296,-1.072465783784585,-0.5457783681079107,High,-0.531039924790654,0.0,10,3457,-0.008182665165762725
Post_3459,Instagram,#Tech,Post,Germany,-1.621463930220492,-1.4628178455377165,1.03654011809739,-0.08894399344115334,Low,-0.534171412775493,0.0,5,3458,-0.00819121103016561
Post_3460,YouTube,#Comedy,Post,Brazil,1.6946249680881897,0.15926107095627362,0.4904247469468769,-0.639175618039781,Medium,0.4262837919878898,0.9912590362686957,7,3459,-0.008199756894568498
Post_3461,YouTube,#Music,Reel,Canada,0.6384537437215869,1.1498098199901674,1.1574135618254493,0.037359334052920246,Medium,0.745759114897531,0.4937529578895044,6,3460,-0.008208302758971383
Post_3462,TikTok,#Music,Post,USA,1.3360747926165792,-0.12811868830383422,0.6578514982081166,1.246552665067413,Medium,0.7780900668970686,0.8484720818406692,6,3461,-0.008216848623374268
Post_3463,Twitter,#Dance,Video,India,0.5937727049185215,-0.10695267262024422,-0.633736127941579,-0.14285395029837988,Low,-0.07244251148542039,0.4661039760465088,6,3462,-0.008225394487777152
Post_3464,Instagram,#Comedy,Shorts,Brazil,-1.5814219625422907,0.43010293187375315,-0.5109702733381873,0.320211575225901,Medium,-0.33551943219520597,0.0,7,3463,-0.008233940352180037
Post_3465,TikTok,#Challenge,Live Stream,Canada,-1.083912762795934,-0.9729163826942965,0.15254338702386525,-1.6940604491668356,Medium,-0.8995865519083002,0.0,10,3464,-0.008242486216582922
Post_3466,Instagram,#Fashion,Tweet,Canada,-0.6353632370230489,-0.24092558433009026,1.584031788066327,-0.020401334008393893,High,0.1718354081761985,0.0,8,3465,-0.00825103208098581
Post_3467,TikTok,#Dance,Post,UK,-1.2278760908262019,0.8996074224839526,0.3491132657652263,0.19334814428396013,High,0.0535481854267343,0.0,6,3466,-0.008259577945388695
Post_3468,YouTube,#Gaming,Reel,USA,0.6521667557379498,-0.769965123309877,1.2074764313456103,1.4160539709782514,Low,0.6264330086879837,0.5020876117345066,7,3467,-0.00826812380979158
Post_3469,Instagram,#Comedy,Shorts,UK,-0.48330106384879773,0.35971813536652214,-0.7510311947417364,1.3018628805443078,Low,0.10681218933007394,0.0,7,3468,-0.008276669674194465
Post_3470,Twitter,#Viral,Video,USA,1.541301954312794,0.3081506542755368,0.9162171938967005,0.41605927774219076,High,0.7954322700568055,0.9326765301440746,6,3469,-0.00828521553859735
Post_3471,TikTok,#Education,Live Stream,UK,0.8213133190577117,0.47312779517820286,-1.336474304628706,0.50840633370931,Medium,0.11659328582912962,0.5995578447356709,10,3470,-0.008293761403000234
Post_3472,YouTube,#Comedy,Tweet,Canada,0.024818383651974495,1.129295066327611,0.831540409093184,0.07453620040511152,Medium,0.5150475148694702,0.024515410209956533,7,3471,-0.008302307267403122
Post_3473,Twitter,#Viral,Post,Brazil,0.24179740203820632,-1.6187188880621493,0.12071647684781782,-0.1506253856375385,High,-0.35170759870341595,0.2165598478528982,6,3472,-0.008310853131806007
Post_3474,YouTube,#Viral,Video,Australia,0.5129027999047746,-0.4046348427875528,0.6787024253072352,0.8285754670964488,High,0.40388646238022646,0.41403018945421227,6,3473,-0.008319398996208892
Post_3475,YouTube,#Gaming,Live Stream,USA,-1.3050525551659433,-0.8825710980743249,-1.2514534451205837,0.28807563990451535,Low,-0.7877503646140842,0.0,7,3474,-0.008327944860611777
Post_3476,YouTube,#Challenge,Shorts,Germany,-0.14321398031047144,-1.3677682320636835,-0.39030327443289176,-0.5268748767423896,Medium,-0.6070400908873591,0.0,10,3475,-0.008336490725014661
Post_3477,YouTube,#Fashion,Reel,India,-0.2843315088752208,0.6497029427107641,0.19875261985244005,-0.26656679934606725,Medium,0.07438931358547902,0.0,8,3476,-0.008345036589417546
Post_3478,TikTok,#Music,Video,Japan,-1.495647113494308,1.2601017360841342,1.2941832569063016,0.4490353682353774,High,0.37691831193287634,0.0,6,3477,-0.008353582453820434
Post_3479,YouTube,#Fashion,Reel,Brazil,1.2823067933723291,-1.4546562853166793,0.6447422519626311,1.3723659020446028,Low,0.46118966551572094,0.8251866829698751,8,3478,-0.00836212831822332
Post_3480,Instagram,#Tech,Post,UK,0.6226658266289924,1.401016823805423,-0.8588297996947706,-1.613265526811979,High,-0.11210316901808348,0.48407036876742676,5,3479,-0.008370674182626204
Post_3481,TikTok,#Fitness,Live Stream,India,-0.3393651453968156,-0.7587689592035983,-1.528158322564663,-0.03895476071899783,Medium,-0.6663117969710187,0.0,8,3480,-0.008379220047029089
Post_3482,Twitter,#Music,Live Stream,Canada,1.3102083735883128,-1.3678098019799196,1.3269047613143246,-1.0470009410181504,High,0.05557559797614181,0.83733772548206,6,3481,-0.008387765911431973
Post_3483,TikTok,#Music,Reel,UK,0.5450206585005645,0.8232157730805931,1.0090829566698378,1.3108945486411678,Low,0.9220534842230408,0.43503728145809145,6,3482,-0.008396311775834858
Post_3484,Instagram,#Tech,Video,UK,-1.0592852567061837,0.19381952798728733,-1.0837858415661197,0.24564780372856818,Low,-0.42590094163911196,0.0,5,3483,-0.008404857640237746
Post_3485,Instagram,#Viral,Post,India,-0.30873905309922794,1.5921137287431575,0.11892728838386704,0.0573130193831924,Medium,0.3649037458527472,0.0,6,3484,-0.008413403504640631
Post_3486,Instagram,#Fitness,Video,Canada,-0.5779141314150219,-0.2640592427155263,-1.1649530643826558,0.2867453942158305,Medium,-0.4300452610743434,0.0,8,3485,-0.008421949369043516
Post_3487,Twitter,#Music,Post,Brazil,1.388798486928142,0.08007038052634442,0.6588149073810131,1.5661616950066846,Medium,0.9234613674605461,0.8707905144001026,6,3486,-0.0084304952334464
Post_3488,YouTube,#Dance,Shorts,Japan,0.5602329744491581,0.35384292053847494,-0.34258011290405094,0.7045825663248279,High,0.31901958710210254,0.44483515270656454,6,3487,-0.008439041097849286
Post_3489,TikTok,#Fitness,Tweet,UK,-1.219312653330275,-0.39945938821614796,-0.3591301061955956,0.12627575640185232,High,-0.4629065978350415,0.0,8,3488,-0.008447586962252174
Post_3490,TikTok,#Dance,Live Stream,USA,0.682800385669566,0.08127590809719373,-0.5138260933864165,1.3279777038011202,High,0.3945569760453659,0.5204593019174483,6,3489,-0.008456132826655059
Post_3491,Twitter,#Dance,Video,Canada,0.49244908734848747,-1.2990462322058998,0.7348210096284604,-0.49214846297461773,Low,-0.14098114955089242,0.4004184533734597,6,3490,-0.008464678691057943
Post_3492,Twitter,#Tech,Video,Brazil,-0.24920407858365512,1.3050665288129393,1.6498188715869786,-0.9956114496763268,Medium,0.427517468034984,0.0,5,3491,-0.008473224555460828
Post_3493,Instagram,#Viral,Video,UK,0.46949904744982535,-0.1721758711948158,-1.7272399466496473,-0.5308656138084441,Low,-0.49019559605077045,0.3849215586628279,6,3492,-0.008481770419863713
Post_3494,TikTok,#Fashion,Shorts,USA,0.9816257752959748,0.19643843271016687,-0.7774561320554709,-1.206490397798361,High,-0.20147058046192257,0.6839176064237065,8,3493,-0.008490316284266598
Post_3495,YouTube,#Tech,Tweet,India,-1.2202836376410477,0.547925931125842,-0.8904502650480545,-0.5094416569275203,Medium,-0.5180624071226951,0.0,5,3494,-0.008498862148669486
Post_3496,Instagram,#Viral,Shorts,Australia,-0.4871555357952319,-0.21986349343709072,0.16654722750132614,0.9653107213070506,Medium,0.10620972989401353,0.0,6,3495,-0.00850740801307237
Post_3497,TikTok,#Comedy,Post,UK,1.1029576997751522,-1.0575180905543022,-0.46221488769552865,-1.6848187422770253,Low,-0.525398505187926,0.7433447822886694,7,3496,-0.008515953877475255
Post_3498,YouTube,#Dance,Reel,Canada,-1.0352826890013485,0.9067505197572034,0.7925567450613336,-1.6708161560803432,High,-0.25169789506578866,0.0,6,3497,-0.00852449974187814
Post_3499,Instagram,#Challenge,Video,Australia,1.4151418326185807,1.5665828718547683,0.4767305737035613,-0.11498880376698226,High,0.835866618602482,0.8817580152427715,10,3498,-0.008533045606281025
Post_3500,TikTok,#Dance,Tweet,Australia,1.0797739932216042,-0.15942083522968023,-1.7358418142647951,1.5849251605102388,Low,0.1923591260593419,0.7322592307046177,6,3499,-0.00854159147068391
Post_3501,TikTok,#Gaming,Post,Japan,1.0906610777167058,0.6059713908302993,1.6900412045554105,-1.6024135225095504,High,0.4460650376482163,0.7374803210904094,7,3500,-0.008550137335086798
Post_3502,TikTok,#Viral,Shorts,Brazil,0.9992898780222292,-0.845040392032424,-0.12987313051667235,0.6917701999548636,Medium,0.1790366388569991,0.6927920565219824,6,3501,-0.008558683199489683
Post_3503,TikTok,#Fitness,Shorts,India,0.6268930688401129,0.5734567880142313,0.3108865660835088,1.4738846519705489,Low,0.7462802687271004,0.4866721031760808,8,3502,-0.008567229063892567
Post_3504,Twitter,#Fashion,Shorts,USA,0.5686223611229704,-0.3625175893209264,1.656941217972321,-0.1007061658463664,Low,0.44058495598199965,0.4501977571601851,8,3503,-0.008575774928295452
Post_3505,Twitter,#Tech,Tweet,Australia,1.165250077866272,0.7234133325168898,-0.1732953582379392,1.154555673755211,High,0.7174809314751084,0.7725358641908093,5,3504,-0.008584320792698337
Post_3506,Instagram,#Music,Live Stream,UK,0.49194063967128676,-1.4106545289806793,0.6591245746151585,-0.10154632101816734,High,-0.09028390892810036,0.40007771524699004,6,3505,-0.008592866657101222
Post_3507,Twitter,#Music,Video,UK,-0.2757906842813797,-0.002868530684213948,0.12945597434480816,-1.1532105573199851,Medium,-0.32560344948519265,0.0,6,3506,-0.00860141252150411
Post_3508,TikTok,#Viral,Reel,Japan,-1.4111488655549844,-1.633164433954223,-1.319442606750713,-0.5869459715261564,Medium,-1.2376754694465193,0.0,6,3507,-0.008609958385906995
Post_3509,TikTok,#Gaming,Shorts,Germany,-0.7062348131176097,1.3345257427856478,1.1822557554979964,-1.411418246786805,Medium,0.09978210959480738,0.0,7,3508,-0.00861850425030988
Post_3510,TikTok,#Viral,Video,UK,0.5794923146316434,-0.34556399181593633,-1.7242464967195756,1.0432351134915874,Medium,-0.11177076510307027,0.45710347555120007,6,3509,-0.008627050114712764
Post_3511,Instagram,#Fashion,Tweet,Japan,-1.103107690469448,0.9343183025411657,1.0639972795249424,-1.1101526047651873,Low,-0.05373617829213179,0.0,8,3510,-0.008635595979115649
Post_3512,Instagram,#Gaming,Reel,Japan,0.31697776383928783,-0.14293836344203356,-1.3470373980601076,-0.862796919600796,High,-0.5089487293159123,0.2753395386697003,7,3511,-0.008644141843518534
Post_3513,YouTube,#Tech,Tweet,Australia,1.1495683728895347,0.9397154633324968,0.38107780582311607,0.9240030920268381,Low,0.8485911835179965,0.7652670651896633,5,3512,-0.008652687707921422
Post_3514,Twitter,#Music,Post,UK,0.7899053685395229,-0.9007717930664004,-0.7330704951613075,-1.157131281455056,Medium,-0.5002670502858103,0.5821627517174717,6,3513,-0.008661233572324307
Post_3515,YouTube,#Gaming,Post,Brazil,1.685762766188948,1.0848914674679944,0.6830377665852698,-1.0470709539491339,Medium,0.6016552615732695,0.9879647718582343,7,3514,-0.008669779436727192
Post_3516,Instagram,#Viral,Live Stream,India,-0.9479681068931635,0.26763384258400347,0.2364976149477093,-0.08306290723854681,High,-0.13172488914999939,0.0,6,3515,-0.008678325301130076
Post_3517,YouTube,#Fashion,Live Stream,Brazil,1.5114748512222358,-0.13358513228889232,0.1993719543207307,1.6490570052910434,Medium,0.8065796696362794,0.9208701707085882,8,3516,-0.008686871165532961
Post_3518,Twitter,#Dance,Tweet,UK,1.2316059259382548,-1.2224259482632414,-0.563510480731511,-1.4423639622814728,Low,-0.4991736163344926,0.802721472451858,6,3517,-0.008695417029935846
Post_3519,Twitter,#Music,Tweet,Brazil,-0.4834771703892837,0.4592780847521811,0.7542612304386949,0.05955343317466155,High,0.19740389449406345,0.0,6,3518,-0.008703962894338734
Post_3520,Twitter,#Education,Live Stream,Brazil,-0.11735921035297645,-0.12625497039257866,-0.85879539222431,0.4411239070342519,Low,-0.1653214164839033,0.0,10,3519,-0.008712508758741619
Post_3521,Twitter,#Gaming,Tweet,India,-0.30619407375539565,-0.41522824310840684,0.33669216892895265,0.06102370472531318,Medium,-0.08092661080238417,0.0,7,3520,-0.008721054623144504
Post_3522,YouTube,#Music,Reel,Brazil,0.19448572895916566,0.8594439550804268,-1.4759277824054846,-1.1955683805649489,Low,-0.40439161973271026,0.17771574041990534,6,3521,-0.008729600487547388
Post_3523,Twitter,#Dance,Live Stream,Australia,-0.25557612029563587,-0.2868534134517001,-0.07764259035749399,1.0655692384752955,Medium,0.1113742785926164,0.0,6,3522,-0.008738146351950273
Post_3524,Twitter,#Fitness,Reel,Australia,0.47314178040400207,1.3051288836872934,0.7743207857172199,-1.6470817724769666,Low,0.2263774193328872,0.3873973856685842,8,3523,-0.008746692216353161
Post_3525,Twitter,#Tech,Shorts,Australia,0.5202554192799281,-0.315779146832711,-1.3384011229744992,-0.058278329670419286,Medium,-0.29805079504942533,0.41887835974116644,5,3524,-0.008755238080756046
Post_3526,TikTok,#Challenge,Shorts,Japan,-1.306094119140802,1.4617573997458595,1.3909026563710252,0.923653027371921,Medium,0.6175547410870009,0.0,10,3525,-0.008763783945158931
Post_3527,Instagram,#Fitness,Tweet,India,-0.8424206733092947,-0.16508127215717386,-0.7283566717082064,-0.11113809256289466,High,-0.4617491774343924,0.0,8,3526,-0.008772329809561816
Post_3528,Instagram,#Challenge,Reel,Australia,-0.6995598955655714,-0.10136151888647757,-0.20966405451478476,-0.3603141139328547,Low,-0.3427248957249221,0.0,10,3527,-0.0087808756739647
Post_3529,Twitter,#Education,Shorts,USA,-0.552026469963584,-1.5212305061689269,-0.628334155079266,1.0229313635063981,High,-0.4196649419263446,0.0,10,3528,-0.008789421538367585
Post_3530,Instagram,#Comedy,Shorts,Germany,-0.9277843786829911,-1.4789192597598648,-1.4584831948819645,-1.2307848848496046,High,-1.2739929295436063,0.0,7,3529,-0.008797967402770474
Post_3531,Instagram,#Viral,Post,Japan,-0.7083638521109556,1.5478625529097405,-0.6187344708207609,-0.5419976698348065,Medium,-0.08030835996419564,0.0,6,3530,-0.008806513267173358
Post_3532,TikTok,#Fitness,Reel,USA,-1.1458481311298818,1.6391362323256535,0.20845552652232696,1.5583202467365427,Low,0.5650159686136603,0.0,8,3531,-0.008815059131576243
Post_3533,TikTok,#Viral,Video,USA,0.991215016259246,0.371620988048816,1.0712572557921274,-1.6967909534751886,Medium,0.18432557665625016,0.6887450133542028,6,3532,-0.008823604995979128
Post_3534,Instagram,#Fashion,Post,India,1.6159252164352174,1.4733415497370093,-0.9734410837990018,-1.3550578373451592,High,0.19019196125701637,0.9616178461967407,8,3533,-0.008832150860382013
Post_3535,Twitter,#Music,Tweet,India,-1.463238028129232,-0.768821950613382,-1.624086350208793,1.4059020959856567,Low,-0.6125610582414376,0.0,6,3534,-0.008840696724784897
Post_3536,Twitter,#Viral,Video,Japan,0.6394110232432169,-0.48598024054239075,1.225884428042027,1.114368251370733,Low,0.6234208655283965,0.49433704516393556,6,3535,-0.008849242589187786
Post_3537,TikTok,#Fashion,Post,Canada,-0.6237210186461747,-1.6967248358793472,-1.7364611487330859,0.6097850577732893,High,-0.8617804863713295,0.0,8,3536,-0.00885778845359067
Post_3538,TikTok,#Dance,Video,Australia,0.29053300270919197,0.5233996805464939,0.20938452822476294,-0.3523326398007458,Low,0.16774614291992573,0.2550553134327891,6,3537,-0.008866334317993555
Post_3539,Twitter,#Dance,Post,India,-0.008262921620559634,-0.19197700796198444,1.0584576767807872,-0.4900480750451154,Low,0.09204241803828192,0.0,6,3538,-0.00887488018239644
Post_3540,Instagram,#Fitness,Post,Canada,0.2777409525232304,0.25442846585964257,1.6166156625925077,0.2943768036930223,Low,0.6107904711671006,0.24509363785325922,8,3539,-0.008883426046799325
Post_3541,TikTok,#Music,Post,UK,1.080259827996719,-0.3051233916375027,0.417756169334107,0.5180681181850207,High,0.427740180969586,0.7324928032178245,6,3540,-0.00889197191120221
Post_3542,Instagram,#Fitness,Live Stream,Brazil,1.0575715495706859,-0.3456956298840176,1.4308841370462329,0.6730767473822928,Medium,0.7039592010287985,0.7215264279684299,8,3541,-0.008900517775605098
Post_3543,Twitter,#Viral,Post,UK,-0.9533677938154571,-0.15285278846436326,-0.6719284201528358,0.4592572561589554,Low,-0.3297229365684252,0.0,6,3542,-0.008909063640007982
Post_3544,YouTube,#Gaming,Live Stream,Germany,1.5965548674606747,0.8320216670032913,0.6147045302505344,-1.6969309793371554,Low,0.3365875213443362,0.9541855153944654,7,3543,-0.008917609504410867
Post_3545,Twitter,#Viral,Video,Germany,-0.46069501415762176,0.9418909556155237,-1.1998766469001565,-0.05239724346781276,High,-0.19276948722751683,0.0,6,3544,-0.008926155368813752
Post_3546,Twitter,#Gaming,Tweet,Brazil,-0.005188937415812278,0.02549600882760845,1.086637395088012,-0.7901234972400153,High,0.07920524231494819,0.0,7,3545,-0.008934701233216637
Post_3547,Instagram,#Tech,Post,UK,0.14766057589469714,1.6069749737975931,-0.5107638285154238,-1.3195612813365698,High,-0.018922390039925796,0.13772558858273093,5,3546,-0.008943247097619521
Post_3548,Instagram,#Music,Live Stream,India,-0.5048025075350577,-1.5846661983453425,-0.49631269092197516,0.9137111911722767,Low,-0.4180175514075247,0.0,6,3547,-0.00895179296202241
Post_3549,YouTube,#Fashion,Shorts,India,0.9119252734336728,1.4396768459050735,0.8347058963755585,1.479905764035122,High,1.1665534449373567,0.6481107309332723,8,3548,-0.008960338826425295
Post_3550,TikTok,#Dance,Live Stream,Brazil,1.3185511639790393,-0.7155916728729492,1.2481804689004905,-0.8753992471778099,Low,0.24393517820719265,0.8409424923130454,6,3549,-0.00896888469082818
Post_3551,YouTube,#Fashion,Tweet,UK,-0.9397904592116086,-1.3535790339883995,1.1931629236340042,0.7349681783716282,Medium,-0.09130959779859393,0.0,8,3550,-0.008977430555231064
Post_3552,Twitter,#Fashion,Tweet,Germany,-1.0585451980924683,1.3062374147869251,0.12322822219144101,-0.6768425749088561,Medium,-0.07648053400573956,0.0,8,3551,-0.008985976419633949
Post_3553,Instagram,#Fitness,Live Stream,Australia,-0.09487718900354354,0.5800802613345297,1.3305519531831473,1.5596504924252275,High,0.8438513794848402,0.0,8,3552,-0.008994522284036834
Post_3554,TikTok,#Education,Reel,India,1.6327457893897277,-0.12195941238150639,1.6295528714856902,-1.1715539452376387,Medium,0.49219632581406825,0.9680273279570846,10,3553,-0.009003068148439722
Post_3555,TikTok,#Fitness,Tweet,Canada,1.5218356718142512,0.22659740693951785,-0.41899910479702535,-0.732012764523784,High,0.14935530235823988,0.9249870775349484,8,3554,-0.009011614012842607
Post_3556,Twitter,#Fashion,Live Stream,India,-0.9809452557682118,0.5459652167433687,-0.6761605390194886,-0.8158882558419105,Low,-0.48175720847156056,0.0,8,3555,-0.009020159877245491
Post_3557,TikTok,#Comedy,Video,Brazil,0.010032286645724284,-0.23033218400923622,1.1984616740849352,0.6521428810182529,Low,0.40757616443491906,0.009982297318199834,7,3556,-0.009028705741648376
Post_3558,TikTok,#Challenge,Tweet,USA,-0.40450400819291094,1.6323118377435468,1.1329498503279685,-1.7010617422651766,Low,0.16492398440335698,0.0,10,3557,-0.009037251606051261
Post_3559,TikTok,#Comedy,Tweet,Germany,1.2331223608569142,0.43313753575899455,-1.4238348721281486,0.7691344886915328,Medium,0.25288987829482323,0.8034007679787355,7,3558,-0.009045797470454149
Post_3560,TikTok,#Gaming,Post,UK,1.2353678905579746,-0.32694066934212623,-1.5547208897602398,0.46590848460237944,Low,-0.04509629598550299,0.8044058187962334,7,3559,-0.009054343334857034
Post_3561,Twitter,#Challenge,Reel,UK,-0.20119825793452772,-1.213786334005488,-0.3738909110231895,1.2087456823363711,Low,-0.14503245515670854,0.0,10,3560,-0.009062889199259919
Post_3562,YouTube,#Education,Tweet,UK,-0.8133260911984236,0.6824531083855038,-0.34337148472464457,-0.834021604966614,High,-0.3270665181260446,0.0,10,3561,-0.009071435063662803
Post_3563,Twitter,#Education,Reel,Canada,-0.5810998096512837,0.33542051932647304,-0.8606878030996425,0.9848443290514223,Medium,-0.030380691093257722,0.0,10,3562,-0.009079980928065688
Post_3564,TikTok,#Viral,Live Stream,Australia,-1.4239559910090032,1.6598172656531547,-0.6190785455253668,1.4817961131716744,Medium,0.27464471057261475,0.0,6,3563,-0.009088526792468573
Post_3565,TikTok,#Tech,Tweet,Germany,1.6746988899139033,-0.5140745755986781,-0.7148345358171938,0.15379083827833287,Low,0.14989515419409108,0.983836809493942,5,3564,-0.009097072656871461
Post_3566,Instagram,#Tech,Shorts,Canada,-1.0933642706283193,0.8864228307177098,-0.815717239207649,1.492648117474103,Medium,0.11749735958896113,0.0,5,3565,-0.009105618521274346
Post_3567,TikTok,#Education,Live Stream,Japan,0.09631900956819343,0.9243415226444817,0.8306802223316693,0.31272019161067605,Low,0.541015236538755,0.0919582132982704,10,3566,-0.00911416438567723
Post_3568,Twitter,#Dance,Live Stream,Germany,1.647422933322292,-0.9577156499905989,1.6138286574851997,1.3997409580591165,Low,0.9258192247190024,0.9735866888430352,6,3567,-0.009122710250080115
Post_3569,Twitter,#Education,Reel,Japan,0.5011221631575573,-0.11291102728076383,0.9408185352760237,0.2810743468061742,Medium,0.40252600448974785,0.4062129371859877,10,3568,-0.009131256114483
Post_3570,TikTok,#Challenge,Shorts,Germany,-1.1028377061233332,-1.1804749744615597,0.04550174642096412,1.1063167643076408,High,-0.28287354246407204,0.0,10,3569,-0.009139801978885885
Post_3571,Instagram,#Viral,Post,Germany,1.0371507285083417,0.30973723941188447,0.4940719388156996,-1.0555425185981266,Medium,0.19635434703444976,0.7115521298475225,6,3570,-0.009148347843288773
Post_3572,YouTube,#Music,Tweet,Australia,1.0939255584905392,-1.294286476796857,-0.34223603819944504,-1.2307148719186212,Medium,-0.44332795710609596,0.7390405619074251,6,3571,-0.009156893707691658
Post_3573,Twitter,#Dance,Shorts,Canada,0.11254273895553146,0.4337610845025373,1.6951679176540386,-0.43725832508362344,Medium,0.451053354007121,0.10664815135902266,6,3572,-0.009165439572094543
Post_3574,TikTok,#Fitness,Video,Canada,-1.495690283580108,0.29894291782922217,0.5829120275449476,1.4071623287433581,Low,0.198331747634355,0.0,8,3573,-0.009173985436497428
Post_3575,YouTube,#Comedy,Shorts,UK,-0.13994059142369522,-1.4536655356463835,1.400708785452294,-1.6793577336603192,High,-0.468063768819526,0.0,7,3574,-0.009182531300900312
Post_3576,YouTube,#Tech,Video,Germany,-0.4284161242894031,1.691916169306861,-1.6862606493310823,0.7092734327007164,High,0.07162820709677298,0.0,5,3575,-0.009191077165303197
Post_3577,TikTok,#Comedy,Post,UK,0.20482667760692366,0.18835308400222922,-0.509559567049303,-0.889191794581542,High,-0.251392900005423,0.18633572058637554,7,3576,-0.009199623029706085
Post_3578,Twitter,#Challenge,Live Stream,USA,-0.9684279866045649,-0.8865825949911166,-0.14284474688031545,-0.5739935792942253,Low,-0.6429622269425556,0.0,10,3577,-0.00920816889410897
Post_3579,Twitter,#Tech,Video,USA,-0.4910703088138948,-1.3599600161306538,-1.2382409764637163,0.6966711051237023,Medium,-0.5981500490711406,0.0,5,3578,-0.009216714758511855
Post_3580,Instagram,#Education,Video,India,-0.08691470651153188,1.3112812312902487,0.6717521162741956,-0.30822449328119683,High,0.3969735369429289,0.0,10,3579,-0.00922526062291474
Post_3581,YouTube,#Fitness,Video,Brazil,0.5023460008280163,-1.5275491334368267,-0.26130966767613306,-1.0403497125747265,High,-0.5817156282149175,0.40702788688505065,8,3580,-0.009233806487317624
Post_3582,YouTube,#Viral,Shorts,Brazil,-0.7096404532196147,-0.45288365889901616,-0.03769551715274688,1.6414255958138515,High,0.11030149163561848,0.0,6,3581,-0.00924235235172051
Post_3583,Instagram,#Fitness,Live Stream,Australia,-0.82164969488435,-1.5777101656951544,1.5337624737234026,0.811912389522397,Medium,-0.013421249333426255,0.0,8,3582,-0.009250898216123397
Post_3584,TikTok,#Challenge,Tweet,Australia,1.5893920594151498,-0.9993825626979999,-0.7355478330344701,1.4029615528843535,Low,0.31435580414175834,0.9514231220644283,10,3583,-0.009259444080526282
Post_3585,Twitter,#Fashion,Shorts,USA,-0.8333590667280243,-0.6155259561730834,-0.3372813624531198,1.7161293931731512,Medium,-0.017509248045269044,0.0,8,3584,-0.009267989944929167
Post_3586,Twitter,#Comedy,Live Stream,Australia,0.08755205595349488,-0.6744928823541094,-1.1613402799842936,0.14300884690688756,Medium,-0.4013180648695051,0.08392935037853137,7,3585,-0.009276535809332052
Post_3587,Twitter,#Tech,Live Stream,Japan,-1.2448172659251695,-0.5806487964509256,-0.09078624407344006,-0.27860902347521393,High,-0.5487153324811873,0.0,5,3586,-0.009285081673734936
Post_3588,Twitter,#Gaming,Shorts,USA,-0.5749723984255033,-0.9438936528420679,1.684432786870334,-0.04147522623440063,Low,0.031022877342090544,0.0,7,3587,-0.009293627538137825
Post_3589,Twitter,#Challenge,Video,UK,-0.9807862802141544,-0.1082482683429386,-0.6245493333286009,0.041140032326024444,Low,-0.4181109623899173,0.0,10,3588,-0.00930217340254071
Post_3590,TikTok,#Dance,Shorts,UK,1.0990442972354038,0.6786841026467565,-0.25212287306315506,-1.5055156260285096,Medium,0.005022475197623888,0.7414821445869412,6,3589,-0.009310719266943594
Post_3591,Instagram,#Dance,Post,UK,0.10483310982320589,-1.4564576483535805,-0.38796356644157154,-1.0554725056671432,Medium,-0.6987651526597723,0.09969429172905735,6,3590,-0.009319265131346479
Post_3592,TikTok,#Gaming,Shorts,USA,0.44368539185975897,-1.3748628311013253,-0.8367057961886101,-1.430461764014293,High,-0.7995862498611174,0.36719914405963855,7,3591,-0.009327810995749364
Post_3593,Twitter,#Challenge,Video,USA,0.5831610866851916,-1.2034977797370325,1.0175471944031436,-0.7978249196481905,Medium,-0.10015360457422195,0.4594235361039454,10,3592,-0.009336356860152249
Post_3594,Instagram,#Music,Video,Australia,1.4136233419815498,-0.8712432958999649,-1.6942775899484002,0.5709978940084794,Low,-0.1452249124645839,0.8811290798391314,6,3593,-0.009344902724555137
Post_3595,TikTok,#Dance,Live Stream,Australia,-0.38014374549144675,-0.3557278363356831,0.8793667930334067,1.4488900356094712,High,0.398096311703937,0.0,6,3594,-0.009353448588958022
Post_3596,YouTube,#Dance,Reel,USA,-0.44097793401776436,0.5571752374883928,-1.045903216589008,-1.6119352811232943,Medium,-0.6354102985604184,0.0,6,3595,-0.009361994453360906
Post_3597,Instagram,#Education,Reel,USA,0.7377305510331321,0.8657625823483267,-0.29286131808849575,-0.6432363680368188,Medium,0.16684886181403605,0.5525799808961964,10,3596,-0.009370540317763791
Post_3598,YouTube,#Tech,Post,India,-0.6435573304515751,1.2495914755957527,-1.1809181306763705,1.5502687596734503,Low,0.24384619353531434,0.0,5,3597,-0.009379086182166676
Post_3599,Instagram,#Fashion,Shorts,USA,-0.5019299837307107,0.14230054513191084,1.440655858657041,-1.3826429321526232,Low,-0.07540412802359553,0.0,8,3598,-0.00938763204656956
Post_3600,TikTok,#Gaming,Reel,Australia,0.5416472246530452,-1.1249237097312734,1.4043903847915773,0.44077384237933487,Medium,0.315471935523171,0.43285147118089645,7,3599,-0.009396177910972449
Post_3601,YouTube,#Dance,Shorts,India,-1.2349045919381263,-0.6417011467631335,0.1818585518562895,-1.027187281549845,High,-0.6804836170987039,0.0,6,3600,-0.009404723775375334
Post_3602,Instagram,#Education,Reel,Germany,0.028639964104465804,-1.0956169187847642,0.7673016617432591,-1.5445128285862695,Low,-0.46104703038082717,0.028237506515129303,10,3601,-0.009413269639778218
Post_3603,Instagram,#Gaming,Post,Japan,-0.058591704029404716,0.41554653287171633,1.4043215698506561,-1.2935864839417242,Medium,0.11692247868781092,0.0,7,3602,-0.009421815504181103
Post_3604,TikTok,#Dance,Video,Brazil,1.71530343918642,0.9936385730101992,0.33352668164657817,-0.5286252000169749,Medium,0.6284608734565557,0.9989037111136699,6,3603,-0.009430361368583988
Post_3605,Instagram,#Challenge,Live Stream,Canada,-0.5440352074143723,-1.1765466173772403,1.064788651345536,0.6373001396497697,High,-0.004623258449076684,0.0,10,3604,-0.009438907232986873
Post_3606,TikTok,#Viral,Tweet,USA,-0.24414701138993344,0.23674739482051926,0.04037503332233594,1.1887219840751155,Low,0.3054243502070093,0.0,6,3605,-0.009447453097389761
Post_3607,Instagram,#Dance,Tweet,USA,-0.7450488316886094,1.375409755403934,1.0142096697684662,0.5772990577969865,Medium,0.5554674128201944,0.0,6,3606,-0.009455998961792646
Post_3608,Twitter,#Tech,Reel,Japan,1.5474156607494314,1.335641202204652,0.10760723060233233,0.19397826066281082,Low,0.7961605885548065,0.9350793788932725,5,3607,-0.00946454482619553
Post_3609,YouTube,#Fashion,Live Stream,Brazil,-0.14680737602373384,-0.8709038082507027,-0.4497249759183338,0.7200554240721616,Low,-0.18684518403015218,0.0,8,3608,-0.009473090690598415
Post_3610,TikTok,#Viral,Post,Australia,-1.2597520598936198,0.5169563435298854,0.057131471436644155,1.7292918241980324,High,0.26090689481773555,0.0,6,3609,-0.0094816365550013
Post_3611,TikTok,#Comedy,Tweet,Japan,-0.9033000876397839,0.5987659386826941,0.7204730944463936,0.29073613128188497,Low,0.17666876919279723,0.0,7,3610,-0.009490182419404185
Post_3612,Instagram,#Fitness,Post,Japan,0.3059289628323002,-1.5639643800597232,0.7657877330429931,0.7364384499222798,Low,0.06104769143446251,0.2669146364440328,8,3611,-0.009498728283807073
Post_3613,Instagram,#Music,Reel,Australia,-0.26974481655099947,-0.18330968042674023,-0.12787749722995803,-0.882050475621234,High,-0.3657456174572329,0.0,6,3612,-0.009507274148209958
Post_3614,YouTube,#Music,Post,Germany,-0.1836294034928163,-1.7128678200177319,0.5390080952372325,0.2483082951059378,Medium,-0.27729520829184445,0.0,6,3613,-0.009515820012612843
Post_3615,YouTube,#Comedy,Shorts,Australia,-0.09744135505217587,1.6377921383673502,0.9764302672027362,0.25341923906772684,High,0.6925500723964094,0.0,7,3614,-0.009524365877015727
Post_3616,TikTok,#Gaming,Video,Germany,-1.2224455681283368,-0.8363107096228255,-0.3595429958411227,-0.050436881400277245,Low,-0.6171840387481405,0.0,7,3615,-0.009532911741418612
Post_3617,Instagram,#Education,Tweet,Germany,1.4783305039196446,-1.268561626966032,0.5992899834841893,0.4207501441180793,Low,0.3074522511389703,0.907585149583496,10,3616,-0.0095414576058215
Post_3618,Twitter,#Fitness,Video,Australia,-0.9243568109183575,0.6628667495188888,-0.5978491362511816,1.199854040101478,High,0.08512871061270688,0.0,8,3617,-0.009550003470224385
Post_3619,Instagram,#Music,Video,USA,1.2217549235023548,0.7160762423012034,-1.132747672031542,-1.2106911736573656,Low,-0.10140191997133735,0.7982973896809618,6,3618,-0.00955854933462727
Post_3620,YouTube,#Dance,Reel,Germany,0.601153419111418,1.7000223029729167,1.1720367367712008,1.7154992767943005,Medium,1.297177933912459,0.4707242564761872,6,3619,-0.009567095199030155
Post_3621,Instagram,#Comedy,Video,UK,0.8914462070174715,-0.3531574298484125,1.4371118891996,-1.0993006004627586,Medium,0.2190250164764751,0.6373417253619165,7,3620,-0.00957564106343304
Post_3622,TikTok,#Challenge,Tweet,India,1.4556853955794113,-1.6887572686007455,-1.6680590974574294,1.5156823717676453,Low,-0.09636214967777956,0.8984059058174144,10,3621,-0.009584186927835924
Post_3623,Twitter,#Education,Video,Germany,0.2799940198583194,1.606240571944087,-1.6702955830373678,0.3918348036219305,High,0.15194345309674234,0.24685540593492408,10,3622,-0.009592732792238812
Post_3624,Instagram,#Fashion,Video,Australia,-0.5634028154310864,1.0004837525504242,0.35589153744596286,-1.0291476436173808,Medium,-0.059043792263020034,0.0,8,3623,-0.009601278656641697
Post_3625,YouTube,#Music,Reel,UK,0.35386968573299893,0.7905279622802076,1.0831966480419526,1.3080940314018314,Low,0.8839220818642476,0.30296692593884145,6,3624,-0.009609824521044582
Post_3626,Instagram,#Tech,Tweet,Canada,0.7715704163847246,1.1483410162831555,-0.5721811632875802,1.326577445181452,Low,0.6685769286404379,0.5718663941155153,5,3625,-0.009618370385447467
Post_3627,Twitter,#Music,Shorts,Germany,-0.9134498544789987,0.1144556295730407,-1.3591144201917753,1.050656484175829,Medium,-0.2768630402304761,0.0,6,3626,-0.009626916249850351
Post_3628,Instagram,#Music,Tweet,Australia,0.15233390899241825,0.6462734246212789,-1.0315208939364808,0.4434343337567045,Low,0.05263019335848021,0.1417893718307713,6,3627,-0.009635462114253236
Post_3629,Twitter,#Fitness,Post,Brazil,-0.029351165914161925,-0.08900139712558573,0.23639439253632752,-0.21370703645359188,Medium,-0.023916301739253003,0.0,8,3628,-0.009644007978656124
Post_3630,YouTube,#Education,Live Stream,UK,0.6855886250206844,-0.09642162717374446,1.0543975952664373,0.28212454077092536,Low,0.48142228347107563,0.522114835158473,10,3629,-0.00965255384305901
Post_3631,YouTube,#Challenge,Shorts,Japan,-1.6601100651244916,-0.004718391956724105,-0.8891771886410126,-1.336294371841605,Medium,-0.9725750043909582,0.0,10,3630,-0.009661099707461894
Post_3632,Instagram,#Music,Live Stream,Australia,0.1509394466971305,-0.38659349914104923,1.5663807557200435,-0.4408989974947608,High,0.22245692644534099,0.14057851905707072,6,3631,-0.009669645571864779
Post_3633,Instagram,#Education,Reel,India,1.460355987719304,-1.0768896715203635,1.5933562125611476,0.39722579930765317,High,0.5935120820169353,0.9003060499297252,10,3632,-0.009678191436267664
Post_3634,YouTube,#Tech,Tweet,Canada,-0.6912493114293307,0.07371018334220839,1.1034282406727807,1.7236207767883762,High,0.5523774723435086,0.0,5,3633,-0.009686737300670548
Post_3635,Instagram,#Education,Post,Brazil,-0.27438388767586336,0.2623406065832628,-0.5391155841749514,-1.0252269194823096,Medium,-0.3940964461874654,0.0,10,3634,-0.009695283165073437
Post_3636,YouTube,#Fitness,Tweet,Japan,-1.2725626115449244,-0.7209957619836531,1.150704105085634,1.5044102898793161,Low,0.16538900535909312,0.0,8,3635,-0.009703829029476321
Post_3637,Twitter,#Dance,Live Stream,Japan,1.0215300098432902,0.2730725732915708,-1.5043483530059334,0.7728451740336536,Medium,0.14077485104064533,0.703854655322799,6,3636,-0.009712374893879206
Post_3638,YouTube,#Dance,Video,UK,1.689683021123268,-0.34360327743346303,-1.0943489349975215,1.5618208932857132,Low,0.4533879254944992,0.9894233506568842,6,3637,-0.00972092075828209
Post_3639,TikTok,#Viral,Shorts,Canada,-0.5799095487142248,-1.3898072159882333,0.8084185889436664,0.8086217817661766,Low,-0.08816909849815383,0.0,6,3638,-0.009729466622684976
Post_3640,TikTok,#Music,Video,India,-1.0214017933179853,-0.4237708608949425,-1.0034099905701772,1.0206209367839456,High,-0.3569904269997899,0.0,6,3639,-0.00973801248708786
Post_3641,YouTube,#Gaming,Live Stream,Germany,1.155742380398401,-0.1724599322890964,-1.6716374743853308,-0.5145526008893093,High,-0.30072690679133385,0.7681351562961671,7,3640,-0.009746558351490749
Post_3642,YouTube,#Challenge,Reel,Canada,0.23785796039908627,-1.3968186751934029,0.3474961146535785,-0.6411359801073165,Medium,-0.3631501450620137,0.2133824345613864,10,3641,-0.009755104215893633
Post_3643,TikTok,#Dance,Video,UK,1.0877070104169586,1.1717171658466359,0.04446952230714637,0.21463207530291709,Low,0.6296314434684145,0.7360663394929912,6,3642,-0.009763650080296518
Post_3644,TikTok,#Challenge,Post,Germany,-1.1901104886246323,1.4511155011893966,0.2587248408652516,1.4944684536796717,High,0.5035495767774218,0.0,10,3643,-0.009772195944699403
Post_3645,Twitter,#Fitness,Reel,Brazil,-0.587060022449521,-1.3902921983443222,-0.6040080734636276,0.89263729894627,Medium,-0.4221807488278002,0.0,8,3644,-0.009780741809102288
Post_3646,Instagram,#Challenge,Shorts,Japan,0.28022700127374833,1.0163288189557829,0.7003791316974081,0.009354161659555816,Medium,0.5015722783966237,0.24703740695292137,10,3645,-0.009789287673505172
Post_3647,TikTok,#Gaming,Live Stream,Brazil,-0.07608723784920175,1.311045668431577,-0.3293332367767231,1.6482168501192425,High,0.6384605109812237,0.0,7,3646,-0.00979783353790806
Post_3648,Instagram,#Gaming,Tweet,Japan,-1.253269694629039,-1.704761686351676,-1.4230779077780156,-1.3144503373747807,Medium,-1.4238899065333777,0.0,7,3647,-0.009806379402310945
Post_3649,TikTok,#Tech,Live Stream,Canada,-1.606139920240384,0.6560284982980367,0.10839860242292595,-0.5306555750154939,Low,-0.3430920986337288,0.0,5,3648,-0.00981492526671383
Post_3650,YouTube,#Comedy,Shorts,Germany,-1.0051006318719902,-1.5536134709169136,-0.1914280951706711,-1.641340712136327,Medium,-1.0978707275239754,0.0,7,3649,-0.009823471131116715
Post_3651,YouTube,#Tech,Tweet,USA,-0.03384085483736849,0.06335927419939874,-0.8215321017154891,-0.7160498162595663,Low,-0.37701587465325626,0.0,5,3650,-0.0098320169955196
Post_3652,Instagram,#Challenge,Post,USA,-0.03292743064099573,-1.5329047243119216,1.3031636066965162,-1.5711877552909492,Medium,-0.4584640758868376,0.0,10,3651,-0.009840562859922488
Post_3653,Instagram,#Comedy,Reel,Canada,0.8262703412906903,-0.26606845533360846,-1.174380711288858,0.6907900189210958,Medium,0.019152798397329918,0.6022758223044875,7,3652,-0.009849108724325373
Post_3654,YouTube,#Fashion,Reel,USA,-0.4392134424156189,-1.2579405133676873,-1.5844489442381913,1.0377040919438978,Low,-0.5609747020194,0.0,8,3653,-0.009857654588728258
Post_3655,TikTok,#Dance,Tweet,USA,1.149503275141106,-0.20083140012029146,1.0441097615987205,-1.3549178114831923,Low,0.15946595628408572,0.7652367806288263,6,3654,-0.009866200453131142
Post_3656,Instagram,#Challenge,Shorts,Japan,-0.12293089237901317,-1.488916824614667,0.5707661904723587,1.2520836866151026,Low,0.052750540023445314,0.0,10,3655,-0.009874746317534027
Post_3657,YouTube,#Viral,Reel,Brazil,0.05512652484144743,1.451676695058585,0.7703983340847124,0.026997420267375408,High,0.5760497435630301,0.05366068849681686,6,3656,-0.009883292181936912
Post_3658,Instagram,#Fitness,Live Stream,Germany,-0.9837026593437587,0.7637777211822238,0.03469780069633829,-1.3628992856153013,Medium,-0.38703160577012446,0.0,8,3657,-0.0098918380463398
Post_3659,YouTube,#Tech,Post,UK,-1.5221055794135467,-0.09881189735732498,1.0887018433156475,-0.5235842689861694,High,-0.2639499756103484,0.0,5,3658,-0.009900383910742681
Post_3660,YouTube,#Challenge,Shorts,Canada,1.1331000130159965,-0.7680113372467764,0.6734380823267647,-0.9137663333567192,High,0.03119010618481638,0.7575763268175507,10,3659,-0.00990892977514557
Post_3661,Instagram,#Comedy,Live Stream,Germany,-0.5275736999354054,1.4314182892128184,-1.4142351878696435,1.660749164765273,Low,0.2875896415432606,0.0,7,3660,-0.009917475639548458
Post_3662,TikTok,#Fashion,Live Stream,Canada,-1.3247538747982865,-1.6609954928743478,-1.653091847807072,-1.5693674190853804,High,-1.5520521586412717,0.0,8,3661,-0.00992602150395134
Post_3663,Twitter,#Tech,Shorts,Brazil,0.815489468911446,-0.694661220048031,-1.5850338712360212,-1.0323682384426176,Medium,-0.6241434652038059,0.5963551112007592,5,3662,-0.009934567368354227
Post_3664,TikTok,#Viral,Reel,UK,0.9309852089341293,0.01283796933369064,0.591651525041938,1.3267174710434189,High,0.7155480435882942,0.6580303436211473,6,3663,-0.009943113232757109
Post_3665,Instagram,#Fashion,Live Stream,UK,-0.2678158674791395,0.1000239403197124,0.4995771340893943,0.9582394152777262,Low,0.32250615555192336,0.0,8,3664,-0.009951659097159997
Post_3666,Instagram,#Music,Tweet,Brazil,1.261686567627956,-0.4013716043630124,-0.011477024661775926,0.7925188076399922,Low,0.41033918656078994,0.816110803825974,6,3665,-0.009960204961562878
Post_3667,TikTok,#Music,Post,Australia,-0.1188475504538929,1.1475581161940407,-1.6414277153209313,-0.642746277519935,Medium,-0.31386585677517964,0.0,6,3666,-0.009968750825965766
Post_3668,TikTok,#Comedy,Shorts,Germany,1.627640755434006,-1.6965169862981664,-1.5141200746167416,-1.6380501043801068,Low,-0.8052616024652521,0.9660863924327178,7,3667,-0.009977296690368655
Post_3669,YouTube,#Viral,Video,UK,1.562427201537082,-1.5851858222982949,0.08892397414223098,-0.20061461835969402,Low,-0.033612316244669,0.9409549349047182,6,3668,-0.009985842554771536
Post_3670,Instagram,#Education,Post,Germany,-0.9227225148130694,1.0807899023993577,-0.7346532388024947,-1.2161521822740715,Medium,-0.4481845083725695,0.0,10,3669,-0.009994388419174424
Post_3671,Instagram,#Fashion,Post,Australia,-1.550147633718245,-0.8324862773290966,1.43594203520394,0.24249722183431469,High,-0.17604866350227177,0.0,8,3670,-0.010002934283577306
Post_3672,YouTube,#Education,Post,Japan,-1.2119230310244355,-0.705254620368885,-0.8079067434130947,1.5840850053384379,High,-0.28524984736699427,0.0,10,3671,-0.010011480147980194
Post_3673,TikTok,#Comedy,Tweet,Canada,0.5062374757051362,-1.5519645309062116,-1.1124816719302533,-0.24276240281170747,Medium,-0.600242782485759,0.40961480333770234,7,3672,-0.010020026012383082
Post_3674,TikTok,#Fashion,Shorts,Brazil,-0.6354324462082204,-0.5172962441069823,-0.08954757513685875,-1.6926601905471674,Medium,-0.7337341139998073,0.0,8,3673,-0.010028571876785963
Post_3675,Twitter,#Fitness,Tweet,Japan,1.2439313280539015,0.77155129551839,-1.14891918314802,0.06137376938023024,High,0.23198430245112542,0.8082293847206613,8,3674,-0.010037117741188852
Post_3676,Twitter,#Fashion,Post,Germany,-1.2568973523151585,-1.6489956437208362,-0.04406089918795637,-1.1304563547503765,Low,-1.020102562493582,0.0,8,3675,-0.010045663605591733
Post_3677,TikTok,#Comedy,Reel,Brazil,1.0048704681612088,0.864522413180614,-1.6738739599652692,-1.4829014493208679,Low,-0.3218456319860786,0.6955794542632032,7,3676,-0.010054209469994621
Post_3678,YouTube,#Viral,Tweet,USA,0.33648721642363066,0.23105231629616216,0.46561696074479014,1.1782900573585873,Low,0.5528616377057926,0.2900446915856081,6,3677,-0.010062755334397502
Post_3679,Instagram,#Comedy,Shorts,Brazil,-0.23646068039915077,-0.9426188420774916,-0.6081713773893592,1.626162776859468,Low,-0.04027203075163338,0.0,7,3678,-0.01007130119880039
Post_3680,YouTube,#Challenge,Shorts,Germany,-0.7062142559338954,-0.8741670466752431,0.40554151732059684,-0.2127268554198241,High,-0.34689166017709144,0.0,10,3679,-0.010079847063203279
Post_3681,Instagram,#Dance,Post,Australia,1.0248376607029237,0.6918409811355085,0.9001144977211435,0.7801265188559283,High,0.849229914603876,0.7054895297908006,6,3680,-0.01008839292760616
Post_3682,Twitter,#Education,Post,Brazil,-1.3836550028160013,-1.424414171254856,0.3539303116297091,0.1887973037700384,Low,-0.5663353896677773,0.0,10,3681,-0.010096938792009048
Post_3683,Twitter,#Challenge,Tweet,Japan,1.480604128438448,-1.0881481905009966,-1.0307983370568083,1.355212733953667,Medium,0.1792175837085775,0.9085021306879789,10,3682,-0.01010548465641193
Post_3684,Instagram,#Fashion,Tweet,Canada,-0.7559023394503109,1.1818463687695193,1.502623712956567,0.6664255189388688,Low,0.6487483153036611,0.0,8,3683,-0.010114030520814818
Post_3685,Instagram,#Fashion,Live Stream,Australia,1.2895682758996825,-1.0499107958830807,1.0264931367228973,-1.5320505268712223,Low,-0.0664749775329308,0.8283632739849254,8,3684,-0.010122576385217706
Post_3686,Twitter,#Dance,Shorts,India,-0.41745092249618704,-0.010759886449716077,-0.7082971164296814,1.5401168846808557,Low,0.1009022398263178,0.0,6,3685,-0.010131122249620587
Post_3687,YouTube,#Tech,Live Stream,UK,-1.7052865320550719,0.5966805145515123,1.0045755780395005,0.6202869974208008,High,0.12906413948918546,0.0,5,3686,-0.010139668114023476
Post_3688,Instagram,#Fashion,Post,Canada,-0.17319252132105817,-1.5852066072564128,-1.1315778180358818,-0.9189472902494916,High,-0.9522310592157112,0.0,8,3687,-0.010148213978426357
Post_3689,TikTok,#Dance,Reel,Canada,-0.16805048443465065,-0.45769191254366803,-0.34502304330675293,0.7227859283805147,High,-0.06199487797613923,0.0,6,3688,-0.010156759842829245
Post_3690,TikTok,#Tech,Live Stream,Germany,-1.227443019489287,1.2106404640824489,-1.4990496025550024,-0.8824705532071345,High,-0.5995806777922438,0.0,5,3689,-0.010165305707232133
Post_3691,Twitter,#Dance,Live Stream,USA,1.0840683888995246,-0.3784596521975027,-1.1988444227863388,1.4603021433597672,Medium,0.24176661431886254,0.734321939523279,6,3690,-0.010173851571635015
Post_3692,Instagram,#Fashion,Tweet,India,0.2963828919548291,-1.7014360930527814,-1.735188072326044,-1.2922562382530394,Low,-1.1081243779192589,0.25957799561905986,8,3691,-0.010182397436037903
Post_3693,YouTube,#Education,Tweet,Germany,0.4395575093699244,-1.6321806126033,0.164620409155533,0.8504195015632731,Low,-0.04439579812864239,0.3643357812063759,10,3692,-0.010190943300440784
Post_3694,YouTube,#Challenge,Post,Australia,-1.3925213161519856,-1.4692334692768343,0.22445500028650214,0.8078516395253591,High,-0.45736203640423967,0.0,10,3693,-0.010199489164843673
Post_3695,Twitter,#Tech,Video,UK,-1.3955514450314759,-0.6494747210992997,1.0315510348806043,0.6641150922164162,Low,-0.08734000975843884,0.0,5,3694,-0.010208035029246554
Post_3696,Twitter,#Tech,Video,Canada,-1.2625046667929667,-1.1320668070045243,1.6365375879891901,0.15092030810801302,Medium,-0.15177839442507196,0.0,5,3695,-0.010216580893649442
Post_3697,YouTube,#Tech,Tweet,Brazil,1.423708011072336,0.8731758840771128,-1.1625445414504143,0.0838479202259052,High,0.3045468184812349,0.885298603473074,5,3696,-0.01022512675805233
Post_3698,TikTok,#Challenge,Tweet,UK,0.05456805468387518,-1.5865645578534615,1.5028989727202515,-1.48787236742069,Low,-0.3792424744675062,0.05313125625004798,10,3697,-0.010233672622455212
Post_3699,Twitter,#Music,Video,UK,-1.2204378165189051,0.5939507567186696,-0.8766184619228965,-1.4147088545430253,High,-0.7294535940665393,0.0,6,3698,-0.0102422184868581
Post_3700,TikTok,#Tech,Shorts,India,0.1490303695695277,-0.6276851566721671,-0.30270185464022503,-0.9715270014180334,Medium,-0.4382209107902244,0.1389184298223898,5,3699,-0.010250764351260981
Post_3701,YouTube,#Music,Tweet,Australia,-0.9784818199197796,-0.43731572526856555,1.396063776940114,0.7983998938425987,Low,0.1946665313985919,0.0,6,3700,-0.01025931021566387
Post_3702,YouTube,#Education,Reel,Brazil,-0.8877753024987325,0.8944804661481567,0.6528968224617914,-0.8179186308404295,Medium,-0.03957916118230348,0.0,10,3701,-0.010267856080066758
Post_3703,Instagram,#Fitness,Shorts,Australia,0.5921363530948619,-0.14566119295550356,1.5452201613867795,-0.19732401060347368,High,0.44859282773066605,0.46507673268346456,8,3702,-0.010276401944469639
Post_3704,TikTok,#Dance,Live Stream,India,-1.3750867686438744,-0.30216499926536095,-0.4312825717514566,0.6826685189270202,Low,-0.356466455183418,0.0,6,3703,-0.010284947808872527
Post_3705,Twitter,#Viral,Post,Canada,0.047292182127921675,0.7684266234813035,-0.27290498522135254,-1.1539106866298192,Low,-0.15277421656048665,0.0462079589814776,6,3704,-0.010293493673275408
Post_3706,Instagram,#Viral,Video,Canada,0.8808613131229702,-0.5989672728723371,1.5109503208080302,0.49699422595901394,Low,0.5724596467544193,0.6317298172035289,6,3705,-0.010302039537678297
Post_3707,Twitter,#Dance,Video,USA,0.8412990130647695,-0.5988356348042558,-0.045850087651907144,-0.7705198765646601,Medium,-0.1434766464890134,0.6104713078917461,6,3706,-0.010310585402081178
Post_3708,TikTok,#Fashion,Reel,Brazil,-0.45303129606892484,-0.7354482361950995,-0.027338868544108753,0.14216869173508664,High,-0.2684124272682616,0.0,8,3707,-0.010319131266484066
Post_3709,Instagram,#Music,Shorts,UK,1.3837003053669918,-0.02556570494917003,0.8660511019651577,-1.4084076907545184,Low,0.2039445029071153,0.8686540304648406,6,3708,-0.010327677130886954
Post_3710,YouTube,#Fitness,Tweet,India,-0.36890581839428743,0.7594336649355425,1.0148634117072173,-1.1309464452672604,High,0.06861120324530301,0.0,8,3709,-0.010336222995289836
Post_3711,Twitter,#Comedy,Post,India,-1.6207423730721198,-1.2611552535566188,1.6891466103234352,-0.8772195833833787,High,-0.5174926499221706,0.0,7,3710,-0.010344768859692724
Post_3712,TikTok,#Comedy,Post,USA,-1.2265460410398856,0.4909543609241528,1.6369160701642567,1.3440806779273047,Medium,0.5613512669939571,0.0,7,3711,-0.010353314724095605
Post_3713,YouTube,#Tech,Shorts,Brazil,1.0705602634808478,-0.9301201539291458,-1.1083871829454428,0.36347956657364905,High,-0.15111687670502294,0.7278192293422231,5,3712,-0.010361860588498494
Post_3714,YouTube,#Challenge,Post,Canada,-1.382992376260943,0.34676910645895104,-1.0581866835434395,0.6312790275851964,Low,-0.3657827314400588,0.0,10,3713,-0.010370406452901382
Post_3715,Twitter,#Gaming,Live Stream,Germany,1.0914456768951355,-0.8588831741390731,-0.620248399521027,1.7460249147030678,Low,0.3395847544845258,0.7378555382877081,7,3714,-0.010378952317304263
Post_3716,Twitter,#Fashion,Post,Brazil,0.5627066888894474,0.9265377998856267,0.9163548237785428,1.504550315741283,Medium,0.9775374070737249,0.44641937476932053,8,3715,-0.010387498181707151
Post_3717,TikTok,#Dance,Tweet,Brazil,-0.5539040260761582,-0.32523630277644267,1.3393258581505982,0.08727855384409235,High,0.13686602078552243,0.0,6,3716,-0.010396044046110033
Post_3718,YouTube,#Dance,Tweet,Brazil,-1.4390703177152253,1.027608122894534,1.4817039709165272,0.7757157042039735,High,0.46148937007495233,0.0,6,3717,-0.01040458991051292
Post_3719,Instagram,#Education,Reel,Australia,-0.4792745967986204,-1.6546699372870752,-0.19951385072891017,-0.7704498636336767,Low,-0.7759770621120706,0.0,10,3718,-0.010413135774915809
Post_3720,Instagram,#Education,Post,Japan,0.4695031588865682,-0.4602900323084295,0.6682769617576759,1.6498271475318609,Low,0.5818293089669189,0.38492435650811974,10,3719,-0.01042168163931869
Post_3721,Twitter,#Fashion,Video,Australia,-0.26176451783310206,-0.8892569262689777,0.6942890094258833,-0.24850346315234717,High,-0.17630897445713586,0.0,8,3720,-0.010430227503721579
Post_3722,YouTube,#Education,Live Stream,UK,1.0389645573514015,-0.027886691939023593,-1.0518213015082298,-1.163922535760447,High,-0.3011664929640747,0.7124421090731221,10,3721,-0.01043877336812446
Post_3723,YouTube,#Fitness,Reel,USA,1.1501631607383356,1.2915770909942978,-1.3295584030661272,-0.1835314631997417,Low,0.2321625963666911,0.7655437279756735,8,3722,-0.010447319232527348
Post_3724,YouTube,#Fitness,Video,Germany,-0.06383378587655525,-1.419702914081422,-0.498686806383756,0.0011626487344967194,Low,-0.4952652144018091,0.0,8,3723,-0.01045586509693023
Post_3725,YouTube,#Gaming,Video,India,0.13728879147136766,1.1369439309150686,1.0113882571906976,-1.2572497727613339,High,0.25709280170395,0.12864717677533744,7,3724,-0.010464410961333118
Post_3726,TikTok,#Challenge,Post,Canada,-1.2537048216843254,1.044838853174432,0.39301719807294144,1.7051373630087556,High,0.4723221481429509,0.0,10,3725,-0.010472956825736006
Post_3727,Instagram,#Tech,Tweet,Canada,1.1455192929372717,-1.505731855732203,0.9499365149480805,1.670620988033934,Medium,0.5650862350467708,0.7633816176892598,5,3726,-0.010481502690138887
Post_3728,Instagram,#Education,Shorts,UK,-1.5642875499164084,-0.08927852990049362,-1.0173106086362564,-0.6700513206034653,Low,-0.835232002264156,0.0,10,3727,-0.010490048554541775
Post_3729,Twitter,#Gaming,Shorts,Canada,-1.585338791279325,1.0431137016506302,1.0589049738967748,0.27379300198389944,Low,0.19761822156299486,0.0,7,3728,-0.010498594418944657
Post_3730,TikTok,#Gaming,Shorts,Germany,-1.6370497016732293,-0.011369578554513432,1.0446946885965505,-0.5803647560137157,Medium,-0.296022336911227,0.0,7,3729,-0.010507140283347545
Post_3731,Twitter,#Education,Tweet,UK,0.48870699467302486,1.4628174326098822,0.4441122917069203,-0.9567542729805336,Medium,0.35972061150232343,0.3979079544006344,10,3730,-0.010515686147750433
Post_3732,YouTube,#Viral,Tweet,Japan,-1.4699150013996418,-0.3045621977683142,1.3723914372632269,-0.8551655101236042,High,-0.3143128180070833,0.0,6,3731,-0.010524232012153314
Post_3733,TikTok,#Fitness,Tweet,Canada,1.7005241945747411,0.9952320864659195,-0.08325100804257045,-0.33370920015915845,Low,0.569699018209733,0.9934459003051538,8,3732,-0.010532777876556203
Post_3734,YouTube,#Fitness,Tweet,Canada,1.2616920495436132,-0.9030650667787632,0.650901189175077,-1.3690604235418413,Medium,-0.08988306290047854,0.816113227640614,8,3733,-0.010541323740959084
Post_3735,Instagram,#Comedy,Post,USA,-0.15997630791112455,1.1789849728685953,-0.9702067815757063,1.504200251086366,High,0.3882505336170326,0.0,7,3734,-0.010549869605361972
Post_3736,Twitter,#Music,Live Stream,Brazil,1.0125033504743342,-0.19884990077970008,0.1380922494304167,-1.2840647253279804,Low,-0.08307975655073241,0.6993793951411629,6,3735,-0.010558415469764854
Post_3737,YouTube,#Fitness,Live Stream,UK,1.1834514083269272,-0.20814770537785973,-0.8059111101263804,1.3630541822238091,Medium,0.383111693761624,0.78090683966651,8,3736,-0.010566961334167742
Post_3738,Twitter,#Gaming,Tweet,USA,0.2725886370449657,-1.626208401304035,1.3157567408850928,1.3445007555132051,Medium,0.32665943303480716,0.24105312284770034,7,3737,-0.01057550719857063
Post_3739,Instagram,#Education,Post,USA,0.6125510070020919,0.32209736117277626,-1.3114256661333952,1.5884258070594093,Medium,0.30291212727522054,0.47781740143686074,10,3738,-0.010584053062973511
Post_3740,TikTok,#Viral,Reel,USA,-0.14624410918996159,-1.0559800036535634,-1.4823275719111546,0.8652622429317562,High,-0.4548223604557308,0.0,6,3739,-0.0105925989273764
Post_3741,Twitter,#Tech,Reel,USA,-0.9977541796519507,0.045179364165441244,-1.5321839966085522,1.209235772853255,Low,-0.31888075981045166,0.0,5,3740,-0.010601144791779281
Post_3742,Twitter,#Viral,Shorts,USA,1.4098531544883444,1.5263224079800248,-1.1158191965649307,1.6006080570505228,Medium,0.8552411057384903,0.8795658138985744,6,3741,-0.010609690656182169
Post_3743,Twitter,#Fashion,Post,India,-0.1960418310195202,0.7605352677158014,-0.10747386724682709,-1.390974470939649,Medium,-0.23348872537254872,0.0,8,3742,-0.010618236520585057
Post_3744,YouTube,#Viral,Live Stream,UK,-1.2606750774423927,0.9958972051256985,0.6708231145717597,1.3365192813810964,Low,0.43564113090904044,0.0,6,3743,-0.010626782384987939
Post_3745,TikTok,#Gaming,Reel,India,-1.0012550680384986,-0.8586961095160103,0.11865202862018231,1.328957884834888,High,-0.10308531602485971,0.0,7,3744,-0.010635328249390827
Post_3746,Instagram,#Comedy,Post,UK,0.14379034344074862,-0.6920561719638968,1.179950454977137,-1.3771119106049337,High,-0.18635682103773624,0.13434760993917802,7,3745,-0.010643874113793708
Post_3747,TikTok,#Dance,Video,USA,-1.6930282834062254,0.01455619253811955,-1.7206337123212136,-0.6276934973585016,Medium,-1.0066998251369552,0.0,6,3746,-0.010652419978196596
Post_3748,Instagram,#Tech,Video,Germany,0.7635072036925128,-1.465436750260596,0.24812733996338932,-1.6970009922681388,High,-0.5377007997182082,0.5673045555693876,5,3747,-0.010660965842599485
Post_3749,YouTube,#Viral,Reel,Germany,0.289866264717391,-1.074409333184938,-0.5716994587011319,1.1152784194735172,Low,-0.06024102692379041,0.2545385422376835,6,3748,-0.010669511707002366
Post_3750,TikTok,#Dance,Post,Brazil,1.4665087528049987,-1.2251279928185932,0.8860418423027615,0.007953903039887595,Medium,0.2838441263322637,0.9028036903595936,6,3749,-0.010678057571405254
Post_3751,Instagram,#Comedy,Shorts,Germany,0.23335799288402254,0.48736549148909564,1.217867487424709,1.310754522779201,Low,0.812336373644257,0.20974052501247564,7,3750,-0.010686603435808135
Post_3752,TikTok,#Dance,Shorts,Australia,0.9825782581414048,0.4523982636150928,1.1899630288811691,1.7547065181450106,High,1.0949115171956691,0.6843981482201048,6,3751,-0.010695149300211024
Post_3753,Twitter,#Dance,Live Stream,Brazil,-0.03802629744160319,-1.5996729381066046,-0.44126073818502826,0.8761842601651684,High,-0.3006939283920169,0.0,6,3752,-0.010703695164613905
Post_3754,YouTube,#Tech,Shorts,Brazil,-0.9966262755054919,-0.7655587121888416,-0.7980662068613654,-0.6252430447740822,High,-0.7963735598324453,0.0,5,3753,-0.010712241029016793
Post_3755,Twitter,#Music,Shorts,UK,-1.3169359778317322,1.4149358174251716,1.2074076164046892,1.2849897641773058,High,0.6475993050438587,0.0,6,3754,-0.010720786893419681
Post_3756,TikTok,#Comedy,Reel,Canada,-0.3001886351529869,1.5679200374936988,0.293166718796304,-0.8817004109663169,Low,0.16979942754267474,0.0,7,3755,-0.010729332757822563
Post_3757,TikTok,#Music,Post,Germany,-0.46773447910086063,-1.0278718119585308,-0.290143127922109,0.945287023045795,Medium,-0.21011559898392634,0.0,6,3756,-0.010737878622225451
Post_3758,Instagram,#Viral,Shorts,USA,0.7024270142010806,1.2322568205252642,0.7418057261319606,1.2168671823304469,High,0.973339185797188,0.5320548883434941,6,3757,-0.010746424486628332
Post_3759,Twitter,#Gaming,Live Stream,Germany,1.5613760442098232,-1.075303086384016,-0.7440808857086969,-0.15860685976964736,Medium,-0.10415369691313428,0.9405446313502723,7,3758,-0.01075497035103122
Post_3760,YouTube,#Fitness,Tweet,UK,1.6055897497031164,1.6771727056817611,0.5246945875256263,-0.8746991178679758,High,0.7331894812606319,0.9576590410233908,8,3759,-0.010763516215434109
Post_3761,Instagram,#Comedy,Reel,Canada,1.2634668197376158,0.7542443537253923,1.3633766800025517,0.09519001504521779,Medium,0.8690694671276944,0.8168976289561345,7,3760,-0.01077206207983699
Post_3762,Twitter,#Dance,Reel,USA,-0.3505660695632892,-1.4736745219947331,0.3167014285913488,-1.5851903414876314,Low,-0.7731823761135762,0.0,6,3761,-0.010780607944239878
Post_3763,TikTok,#Gaming,Tweet,India,-0.043502045943639774,-0.028731946902492655,-0.47866165857569154,-0.5328259758759796,High,-0.2709304068244509,0.0,7,3762,-0.01078915380864276
Post_3764,Instagram,#Tech,Live Stream,Germany,0.4945157695512334,0.835298762066577,0.01006205184655455,0.602433700020031,Low,0.48557757087109904,0.401802254409996,5,3763,-0.010797699673045648
Post_3765,Twitter,#Gaming,Post,Brazil,1.3582868296198973,-1.27366779834371,0.914152745669065,-1.5341509148007246,Medium,-0.13384478446386805,0.8579354357776823,7,3764,-0.01080624553744853
Post_3766,TikTok,#Gaming,Tweet,Australia,-1.5046922743286069,-0.004933169857277719,1.1203223086689313,0.11157304089533598,Low,-0.0694325236554043,0.0,7,3765,-0.010814791401851417
Post_3767,Instagram,#Viral,Live Stream,India,-0.7462157944841253,-0.5323237688263626,0.6845172878150753,-1.685098794000959,Low,-0.5697802673740929,0.0,6,3766,-0.010823337266254306
Post_3768,TikTok,#Challenge,Post,India,-1.3571012886122196,0.4336640880313195,1.0742162982517383,-0.016480609873322873,Low,0.03357462194937883,0.0,10,3767,-0.010831883130657187
Post_3769,Instagram,#Comedy,Shorts,UK,-1.272341964439724,0.73844085723627,0.5219419898887789,0.030708105609496193,Medium,0.0046872470737052635,0.0,7,3768,-0.010840428995060075
Post_3770,Twitter,#Gaming,Post,Germany,-0.5136112607566421,-0.38261664382112104,-1.4404536803606145,0.044710691806178406,High,-0.5729927232830498,0.0,7,3769,-0.010848974859462956
Post_3771,YouTube,#Dance,Shorts,Germany,-0.0947579573380005,1.1846107681992255,-0.48378837167431976,1.6045987941165774,Medium,0.5526658083258706,0.0,6,3770,-0.010857520723865845
Post_3772,TikTok,#Gaming,Reel,Japan,1.6869448042525212,-0.8491765986979243,0.46231384358057337,0.007393799592020305,High,0.3268689621817977,0.9884047876480934,7,3771,-0.010866066588268733
Post_3773,YouTube,#Dance,Video,Australia,-0.07244724585285357,0.24443782932421318,1.6585239616135083,1.3580132511930034,Low,0.7971319490694678,0.0,6,3772,-0.010874612452671614
Post_3774,YouTube,#Fitness,Live Stream,India,0.11539539081562135,1.0006292472572509,-0.24871653348755646,-0.9597648290128202,High,-0.02311418110687613,0.10920895264957414,8,3773,-0.010883158317074502
Post_3775,YouTube,#Viral,Tweet,India,1.261957922452985,0.49725220323393454,1.438625817899866,-0.07760189862184075,Medium,0.7800585112412364,0.8162307755991536,6,3774,-0.010891704181477384
Post_3776,Twitter,#Fashion,Tweet,Brazil,-0.5039726825524565,-0.1455503398455404,0.9888513640390099,-1.1876569193638233,Medium,-0.21208214443070258,0.0,8,3775,-0.010900250045880272
Post_3777,Twitter,#Comedy,Reel,Australia,-1.6593891932155762,0.38455616031764167,0.537528574007427,-0.4009216139032331,High,-0.28455651819843514,0.0,7,3776,-0.010908795910283153
Post_3778,TikTok,#Viral,Shorts,UK,-1.1630462710252785,0.5691404450450409,-0.7833054020337715,0.02972792457572844,High,-0.3368708258595701,0.0,6,3777,-0.010917341774686042
Post_3779,TikTok,#Fashion,Live Stream,India,0.9790006229356567,-1.0597282244341926,-1.2754698595020768,-0.076621717588073,Medium,-0.3582047946471714,0.6825919813933234,8,3778,-0.01092588763908893
Post_3780,TikTok,#Comedy,Video,Australia,0.02764225545486434,-0.16610666342433303,-0.9484956677150729,-1.1294061607856254,High,-0.5540915591175417,0.027267105936449425,7,3779,-0.010934433503491811
Post_3781,Twitter,#Viral,Video,Australia,-0.9783276410419222,-1.026333725057792,0.7581836820712023,-1.3019880356597335,High,-0.6371164299220613,0.0,6,3780,-0.0109429793678947
Post_3782,TikTok,#Comedy,Tweet,UK,-0.22695298293127972,-1.5711559755685829,-1.247462178547155,-0.2785390105442305,Low,-0.8310275368978121,0.0,7,3781,-0.01095152523229758
Post_3783,TikTok,#Comedy,Shorts,UK,-1.048183692260996,-0.8786704542674963,-0.787227853666279,-1.6501623414402369,Low,-1.091061085408752,0.0,7,3782,-0.010960071096700469
Post_3784,Twitter,#Gaming,Video,USA,1.7095090543368114,0.18313605951458822,-0.8254889608184571,0.6523529198112031,Low,0.42987726821103645,0.9967674577186925,7,3783,-0.010968616961103357
Post_3785,Twitter,#Challenge,Tweet,India,1.6870606097207785,0.9632509642415492,-1.204384025530494,-1.3719309537121613,Low,0.018499148679918087,0.9884478860297862,10,3784,-0.010977162825506238
Post_3786,Twitter,#Music,Post,Australia,1.4747343672485536,1.6070304003525746,-0.02658190419397573,1.396590376164863,High,1.1129433098930037,0.9061330638965465,6,3785,-0.010985708689909127
Post_3787,TikTok,#Viral,Shorts,Germany,0.9206648174700857,1.056734777537353,-1.3573940466687457,-1.4073574967897673,Medium,-0.19683798711276862,0.652671385204846,6,3786,-0.010994254554312008
Post_3788,Instagram,#Comedy,Live Stream,Canada,-0.45410849249555496,-0.224616320526761,-0.6369016152239534,0.610765238807057,High,-0.17621529735980312,0.0,7,3787,-0.011002800418714896
Post_3789,Twitter,#Gaming,Video,USA,0.9497217114108139,-1.3238496155601558,0.7188559433347459,1.7040871690440045,Low,0.512203802057352,0.6676866502942966,7,3788,-0.011011346283117784
Post_3790,Instagram,#Dance,Post,India,1.0333476495211933,-0.3572035683620676,0.33025797195282197,-1.3348241002909533,Low,-0.0821055117947514,0.7096835232344978,6,3789,-0.011019892147520666
Post_3791,Instagram,#Education,Shorts,India,-0.6588491341771975,0.46168221157450706,-1.4631970183350655,-1.6570936216075944,Medium,-0.8293643906363376,0.0,10,3790,-0.011028438011923554
Post_3792,Twitter,#Viral,Tweet,Canada,0.8586574989931377,-1.6685750742680785,-1.3108751466060258,1.15371551858341,High,-0.24176930082438908,0.6198544523854476,6,3791,-0.011036983876326435
Post_3793,Twitter,#Challenge,Post,UK,1.0625039031832073,-0.8356733042405374,0.5595493551022057,-0.9670461738350951,High,-0.045166554947554866,0.7239207316773725,10,3792,-0.011045529740729323
Post_3794,Instagram,#Education,Reel,UK,1.313315249287003,0.16136728004557357,-0.1801768523300576,-1.1116928892468223,Low,0.04570319693892422,0.8386816685089543,10,3793,-0.011054075605132205
Post_3795,Twitter,#Education,Video,USA,0.05220397855672886,-1.3651631839795493,-0.31429717218544445,-0.5723132689506234,Medium,-0.5498924116397221,0.05088699148659704,10,3794,-0.011062621469535093
Post_3796,TikTok,#Fitness,Tweet,Japan,0.6532028377971513,-1.4618894507417752,-0.7556417957834557,0.02783757543917634,High,-0.3841227083222258,0.5027145202019656,8,3795,-0.011071167333937981
Post_3797,TikTok,#Music,Shorts,Australia,1.4743869508437817,-0.022108473582194116,1.144889242577794,-0.011439678842517273,High,0.6464320102492161,0.905992668710002,6,3796,-0.011079713198340863
Post_3798,TikTok,#Viral,Reel,Canada,1.559826717797221,1.3683082280469194,0.32100236239892277,-0.42171545440530617,Medium,0.7068554634594393,0.9399395678400501,6,3797,-0.01108825906274375
Post_3799,Twitter,#Fashion,Reel,UK,1.6446018024772306,1.2692124760592312,-0.6043865556386941,-0.17569001492959965,High,0.533434426992042,0.9725205067092977,8,3798,-0.011096804927146632
Post_3800,YouTube,#Gaming,Shorts,Brazil,-0.5903080574763829,1.3383848166762402,0.6885429618589645,-0.026072381418050187,Low,0.35263683491019293,0.0,7,3799,-0.01110535079154952
Post_3801,YouTube,#Challenge,Post,Japan,-1.5852805459254677,-0.5770322137383777,-0.1170735515053322,-0.3029035105264576,Medium,-0.6455724554239088,0.0,10,3800,-0.011113896655952409
Post_3802,TikTok,#Comedy,Reel,Canada,-1.4213116519438849,-1.1856712139910826,1.007569027969572,-0.7590377558833807,Low,-0.5896128984621941,0.0,7,3801,-0.01112244252035529
Post_3803,TikTok,#Fitness,Shorts,Germany,-0.6610672542999722,0.28461515336648435,0.8952630443862001,-0.8891217816505586,Low,-0.09257770954946157,0.0,8,3802,-0.011130988384758178
Post_3804,Instagram,#Dance,Tweet,UK,-1.0588604082427544,0.8490168344245176,1.1519771814926758,0.17850540291547698,High,0.280159752647479,0.0,6,3803,-0.01113953424916106
Post_3805,Instagram,#Dance,Post,Brazil,0.7552884416435293,-0.5380534889475831,-0.13197198621476844,0.40541731223271227,Low,0.1226700696784725,0.5626331976259924,6,3804,-0.011148080113563948
Post_3806,TikTok,#Music,Shorts,Brazil,-0.12196676046281175,0.620645571261672,0.46231384358057337,1.0931543332827593,Medium,0.5135367469155483,0.0,6,3805,-0.011156625977966829
Post_3807,Instagram,#Fashion,Shorts,India,0.7640643033711707,-1.5040898440408739,-1.2640465793091602,-0.16735847614257374,Low,-0.5428576490303593,0.5676204100784593,8,3806,-0.011165171842369717
Post_3808,Instagram,#Music,Video,Japan,1.3268398204526515,-1.6630324187699206,0.8213557978368489,-0.5274349801902569,High,-0.01056794516766929,0.8445110467350243,6,3807,-0.011173717706772605
Post_3809,Twitter,#Education,Reel,Canada,1.5954242223563873,1.3999221493445368,1.5595680765688464,-1.415969087300727,Low,0.7847363402422607,0.9537499800802428,10,3808,-0.011182263571175487
Post_3810,YouTube,#Tech,Live Stream,Germany,0.20670012228275497,0.8863604758433555,-1.730130174168337,-0.3811079544349278,Low,-0.2545443826192886,0.18788946243391327,5,3809,-0.011190809435578375
Post_3811,Instagram,#Fitness,Shorts,Brazil,-0.9257642927633309,-0.9884081048116475,1.1260339487653894,-0.08782378654541877,Low,-0.21899055883875196,0.0,8,3810,-0.011199355299981256
Post_3812,TikTok,#Gaming,Reel,Germany,-1.3341087638672144,-1.393271375674582,0.7146582319385537,-1.717304742253328,High,-0.9325066624641427,0.0,7,3811,-0.011207901164384144
Post_3813,Instagram,#Dance,Shorts,Germany,-1.638410587235117,-1.4515316132795928,0.7545708976728401,-0.8392025618593865,High,-0.7936434661753139,0.0,6,3812,-0.011216447028787033
Post_3814,YouTube,#Fitness,Reel,India,-1.6718475317859087,1.2691362645461315,0.9097485894501093,1.111987811717297,Low,0.4047562834819073,0.0,8,3813,-0.011224992893189914
Post_3815,YouTube,#Fashion,Tweet,UK,0.7624642692387398,1.6215452294383752,-0.7920104920603013,-1.2485681693193909,Low,0.08585770932435571,0.566712982726445,8,3814,-0.011233538757592802
Post_3816,Instagram,#Challenge,Shorts,Germany,0.23895228781214503,-1.7207453191444886,0.6770508667251268,0.39134471310504665,Low,-0.10334936287554251,0.21426609327933474,10,3815,-0.011242084621995684
Post_3817,Twitter,#Education,Live Stream,Canada,-1.437087919965708,0.05295293850160752,-0.5245612241701211,0.21071135116784606,Medium,-0.4244962136165939,0.0,10,3816,-0.011250630486398572
Post_3818,TikTok,#Fitness,Shorts,Germany,1.1089761579272468,-0.26241723102419706,1.0577351199011147,-0.031393364172789436,Low,0.46822517065784375,0.7462025965144087,8,3817,-0.01125917635080146
Post_3819,TikTok,#Music,Tweet,Japan,0.5718758780654895,-1.109418130975177,1.1072474698939063,0.9433266609782596,Medium,0.3782579694906196,0.4522697329160627,6,3818,-0.011267722215204341
Post_3820,Twitter,#Viral,Live Stream,UK,-1.1739635060564944,-1.61497066728152,1.5723676555801864,-1.6001030957870979,Low,-0.7041674033862315,0.0,6,3819,-0.01127626807960723
Post_3821,YouTube,#Dance,Shorts,UK,-1.2766418420333017,-0.5656074150928,-0.2649568595449558,0.8515397084590076,Low,-0.3139166020530124,0.0,6,3820,-0.01128481394401011
Post_3822,Instagram,#Challenge,Live Stream,USA,0.8497130683590389,1.5669292878234031,-1.0672014408041144,-0.7845224627613424,High,0.14122961315424634,0.615030528876963,10,3821,-0.011293359808412999
Post_3823,TikTok,#Fashion,Video,Canada,1.071314026883706,0.27188783067883954,1.3135890702460755,1.6686606259663985,Medium,1.081362888443755,0.728183201475773,8,3822,-0.01130190567281588
Post_3824,YouTube,#Challenge,Tweet,Japan,-0.049351249949819764,-0.6955549732471089,-0.5245268166996605,0.41731951049989213,Low,-0.21302838234917426,0.0,10,3823,-0.011310451537218769
Post_3825,Twitter,#Gaming,Tweet,Brazil,-0.03422801513065477,1.2968980402725292,-0.4293901608761241,0.8030907602184871,Low,0.40909265612105933,0.0,7,3824,-0.011318997401621657
Post_3826,TikTok,#Viral,Reel,India,-0.07387665536045566,0.8159964642942427,0.2994288784201317,-1.3580683933774458,Medium,-0.07912992650588174,0.0,6,3825,-0.011327543266024538
Post_3827,Twitter,#Dance,Live Stream,Germany,-1.1645887450433092,-1.501796570328511,-0.3153982112401834,1.013199566099704,Medium,-0.492145990128075,0.0,6,3826,-0.011336089130427426
Post_3828,TikTok,#Viral,Reel,India,0.10655374610009412,0.6859519096687159,0.7838860625052644,-1.1416584237077223,Low,0.10868332364158806,0.10125045239765224,6,3827,-0.011344634994830308
Post_3829,TikTok,#Fitness,Reel,Brazil,-1.3222102659333685,-0.184092580515855,-1.4095213644165425,1.0388242988396326,Low,-0.46924997800653345,0.0,8,3828,-0.011353180859233196
Post_3830,YouTube,#Tech,Reel,Australia,-0.9392532314772079,-1.685514815134323,0.5882107779958787,-0.29037119588042704,High,-0.5817321161240199,0.0,5,3829,-0.011361726723636084
Post_3831,TikTok,#Fashion,Tweet,USA,0.43609430915351927,1.131740763066173,1.1051830216662708,-0.7158397774666161,High,0.4892945791048367,0.3619271433675247,8,3830,-0.011370272588038965
Post_3832,Instagram,#Fitness,Reel,India,-0.666558078070066,0.5074991875861538,0.4491013749237061,1.5036401476384986,Low,0.44842065801957315,0.0,8,3831,-0.011378818452441854
Post_3833,Twitter,#Fitness,Post,Germany,1.5812315427200236,0.07795724311767177,-0.9697938919301792,-1.2205629969260265,Medium,-0.13279202575462756,0.9482666271815531,8,3832,-0.011387364316844735
Post_3834,Instagram,#Fashion,Post,UK,-0.37143435199114827,-1.6778382372693745,1.4167770741573904,-1.5794492811469916,High,-0.552986199062531,0.0,8,3833,-0.011395910181247623
Post_3835,YouTube,#Challenge,Shorts,USA,-1.0905684936431723,-0.8148675611643277,-0.27183835363707415,-0.3580036872104021,Medium,-0.6338195239137441,0.0,10,3834,-0.011404456045650505
Post_3836,TikTok,#Fashion,Live Stream,Japan,-0.05956679977692043,1.2993853069273276,-1.316070674645575,0.2711325106065298,Medium,0.04872008577784047,0.0,8,3835,-0.011413001910053393
Post_3837,Twitter,#Viral,Live Stream,Australia,0.38917048160722206,-1.2005948139198723,-0.3763682488963521,-1.4887125225924909,Medium,-0.6691262759503733,0.3287067931788898,6,3836,-0.011421547774456281
Post_3838,Instagram,#Fashion,Tweet,UK,-0.9549205464253451,0.3901265290932902,-1.205725916878457,1.7509958328028898,Low,-0.0048810253519055435,0.0,8,3837,-0.011430093638859162
Post_3839,TikTok,#Fashion,Live Stream,Australia,-0.2862357893266236,-0.9846806689891364,-0.4847861883176769,-0.30017300621810455,High,-0.5139689132128854,0.0,8,3838,-0.01143863950326205
Post_3840,Instagram,#Dance,Post,Canada,-0.5445648975147446,-1.1959874815370288,-1.05299115550389,-1.6134755656049293,High,-1.1017547750401482,0.0,6,3839,-0.011447185367664932
Post_3841,Instagram,#Viral,Shorts,USA,0.9094536147117549,-0.04663472416154226,1.3908682489005646,1.6507373156346452,Low,0.9761061137713556,0.6468171355380311,6,3840,-0.01145573123206782
Post_3842,TikTok,#Tech,Video,Brazil,-1.631989893521679,-1.0155255468363844,-0.5178861749007663,0.920922523063568,High,-0.5611197730488153,0.0,5,3841,-0.011464277096470708
Post_3843,Twitter,#Viral,Reel,Japan,-0.06973643856039245,1.2596860369217724,0.9391669766939152,1.2754680055635619,Low,0.8511461451547142,0.0,6,3842,-0.01147282296087359
Post_3844,Instagram,#Viral,Video,USA,0.6963352354270715,-1.2958938468913226,-1.4461997279275334,-0.6459668723451719,High,-0.672931302934239,0.5284701802351108,6,3843,-0.011481368825276478
Post_3845,Instagram,#Challenge,Shorts,India,-0.988910479218052,-1.3445029356101663,-1.384851208096298,0.4762703983879243,Low,-0.8104985561341479,0.0,10,3844,-0.01148991468967936
Post_3846,TikTok,#Dance,Reel,Canada,1.4522927750270922,0.6901781844860612,1.419495264323777,-0.9724371695208177,Low,0.6473822635790282,0.8970234134856463,6,3845,-0.011498460554082247
Post_3847,Instagram,#Dance,Video,USA,-1.2350848099153553,-0.17393566431548088,-1.197571346379297,0.5378817776533261,High,-0.5171775107392017,0.0,6,3846,-0.011507006418485136
Post_3848,Twitter,#Comedy,Tweet,Australia,-0.9369412335488045,1.6547388075529676,-0.7033080332128956,0.1432188856998378,High,0.03942710662277633,0.0,7,3847,-0.011515552282888017
Post_3849,Instagram,#Music,Video,Canada,0.4824226636115585,-0.6887860052199838,-1.450603884146489,-0.5639117172326141,Low,-0.5552197357468821,0.3936776843311031,6,3848,-0.011524098147290905
Post_3850,Instagram,#Fashion,Reel,Australia,1.1451691355746711,0.1373814383772958,0.008169640971222,0.2614707261308191,Low,0.388047735263502,0.7632184003551598,8,3849,-0.011532644011693786
Post_3851,Instagram,#Tech,Post,USA,-0.6379767403125955,-0.8061794486709654,-1.1605833156341607,1.317195712429675,High,-0.3218859480470116,0.0,5,3850,-0.011541189876096675
Post_3852,Instagram,#Gaming,Tweet,Brazil,-1.4344723609577898,1.1388145771456968,-1.5792534161986418,0.25726995027181443,High,-0.40441031243473013,0.0,7,3851,-0.011549735740499556
Post_3853,TikTok,#Tech,Shorts,India,1.3384717602376683,1.4244068300076487,-0.3671470468129135,-0.7391540834840921,Low,0.41414436498707785,0.8494976220953518,5,3852,-0.011558281604902444
Post_3854,Instagram,#Music,Reel,Australia,-1.3445497574757155,1.1940817807817026,-0.5798884366707527,-1.1010509237373438,Low,-0.45785183427552734,0.0,6,3853,-0.011566827469305332
Post_3855,YouTube,#Challenge,Post,UK,-0.8333193228395099,-1.677554176175094,-0.07199976520195693,0.30914953213052204,High,-0.5684309330215097,0.0,10,3854,-0.011575373333708214
Post_3856,Twitter,#Tech,Tweet,UK,0.47178843247614294,-0.6719363325055842,0.6966975323581247,-0.6771926395637732,Low,-0.04516075180877242,0.3864782820394318,5,3855,-0.011583919198111102
Post_3857,Twitter,#Viral,Reel,Brazil,1.4866081965619424,-1.5956683695091856,-0.5305137165598035,0.5193983638737055,High,-0.030043881408335277,0.9109196118241744,6,3856,-0.011592465062513983
Post_3858,Twitter,#Fitness,Tweet,Japan,1.507530612906916,0.7832047287032667,0.16530855856474483,-0.2775588295104628,Medium,0.5446212676661161,0.9192984493165849,8,3857,-0.011601010926916872
Post_3859,Twitter,#Fashion,Video,Brazil,-0.4737734944366695,0.26719043014415084,-0.8588297996947706,-1.6278282164565288,Medium,-0.6733102701109546,0.0,8,3858,-0.01160955679131976
Post_3860,YouTube,#Fashion,Live Stream,Germany,0.2703766840773053,-0.6638371271589011,0.17053849407475477,0.9062198075570517,High,0.17082446463755266,0.23931345812860388,8,3859,-0.011618102655722641
Post_3861,TikTok,#Tech,Tweet,USA,1.2489753756979374,-0.989357284565707,1.244258017267983,-0.5959776396230164,Low,0.2269746171942992,0.8104747239167654,5,3860,-0.01162664852012553
Post_3862,Twitter,#Comedy,Video,Germany,-1.5065650337649812,0.3619906241207668,-1.7106211384171814,-1.4809410872533322,Low,-1.084034158828682,0.0,7,3861,-0.01163519438452841
Post_3863,Twitter,#Music,Reel,Japan,-1.3990913920670809,1.6857222517876695,1.2524469952376038,-1.3503669709692707,Low,0.04717772099723044,0.0,6,3862,-0.011643740248931299
Post_3864,YouTube,#Fashion,Video,Brazil,1.492465623441608,-0.8889243669390882,-0.6029070344088886,-0.39224001046129015,Low,-0.09790144709191471,0.913272430759391,8,3863,-0.01165228611333418
Post_3865,Instagram,#Education,Shorts,Brazil,0.45511655648383287,-0.5043610718381566,-0.8973317591401728,-0.4370482862906732,High,-0.34590614019629246,0.3750860049640435,10,3864,-0.011660831977737068
Post_3866,Twitter,#Tech,Post,Australia,-1.4349979396214192,-1.1386209971310959,1.0504063286930088,-1.465748281229932,High,-0.7472402223223596,0.0,5,3865,-0.011669377842139957
Post_3867,TikTok,#Comedy,Tweet,UK,1.432239242313777,0.6460170768044892,-0.33022783100869846,1.1766797599459689,Low,0.7311770620138841,0.8888123319275625,7,3866,-0.011677923706542838
Post_3868,Instagram,#Tech,Video,Germany,1.5299214974085487,0.5342217154066469,-0.17604795587478655,0.08615834694835776,Low,0.49356340097219165,0.9281882735657557,5,3867,-0.011686469570945726
Post_3869,YouTube,#Viral,Live Stream,UK,0.3717263407467108,-1.680484855269745,-1.3427364642525337,-1.5451429449651202,High,-1.049159480935172,0.3160700493117332,6,3868,-0.011695015435348607
Post_3870,TikTok,#Gaming,Shorts,India,1.1319618302776804,-1.4182479670131554,-0.5469260799695058,1.4303366088988672,High,0.1492810980484716,0.7570426028964664,7,3869,-0.011703561299751496
Post_3871,TikTok,#Tech,Video,Australia,1.2108370032316815,1.1283181732960605,0.9116754077959024,0.6490623120549829,Low,0.9749732240946568,0.7933711783218299,5,3870,-0.011712107164154384
Post_3872,Instagram,#Fashion,Post,Brazil,-0.12116982697415345,-1.0757742121013594,0.5044629948947983,-0.2597755450406764,Medium,-0.23806414730534775,0.0,8,3871,-0.011720653028557265
Post_3873,Twitter,#Music,Post,Canada,0.9864539725110105,-1.1493529638394038,1.6986774796410191,1.013199566099704,Medium,0.6372445136030824,0.686351125861125,6,3872,-0.011729198892960153
Post_3874,Twitter,#Tech,Reel,Canada,-0.05529227604325703,-0.20405306862859568,-0.21224461479932916,1.6379949621956644,Low,0.29160125068112064,0.0,5,3873,-0.011737744757363035
Post_3875,Twitter,#Music,Reel,USA,-0.5904334562970402,0.5068409972457475,-0.4545764292532773,-1.110292630627154,High,-0.41211537973293105,0.0,6,3874,-0.011746290621765923
Post_3876,TikTok,#Fashion,Post,USA,-0.20203562055115754,-0.9769971628048152,0.8630232445646255,0.4626178768461591,Medium,0.03665208451370296,0.0,8,3875,-0.011754836486168811
Post_3877,YouTube,#Comedy,Live Stream,UK,1.19507238428063,1.4773184050569375,0.9903652927392759,0.9667109799267188,Medium,1.1573667655008903,0.7862150228766344,7,3876,-0.011763382350571693
Post_3878,Twitter,#Comedy,Reel,India,0.5538410607929202,-0.527189884171194,0.9633898358981718,0.9325446696068143,Medium,0.48064642053167805,0.440729969232724,7,3877,-0.01177192821497458
Post_3879,TikTok,#Education,Reel,Germany,0.4198589306954098,-1.6750114829653142,1.3713248056789484,1.197823665102959,High,0.3284989796280008,0.3505575220974723,10,3878,-0.011780474079377462
Post_3880,TikTok,#Tech,Post,Germany,0.6855255829906272,0.8128094373828019,0.9186945317698632,0.7509311266358459,Medium,0.7919901696947845,0.5220774338566039,5,3879,-0.01178901994378035
Post_3881,TikTok,#Fashion,Post,Germany,0.6986211942561035,-1.050222570254852,0.5226301392979907,0.8157631007264846,Low,0.2466979660064317,0.5298168597709773,8,3880,-0.011797565808183232
Post_3882,Instagram,#Fashion,Tweet,Australia,0.4904516143309131,-1.5584910077552925,-0.3704501639771303,0.2868854200777973,Medium,-0.2879010343309281,0.3990791708991767,8,3881,-0.01180611167258612
Post_3883,YouTube,#Fashion,Live Stream,Germany,0.7865428985233179,1.3432554251952462,0.08661867362137134,0.9036993420416489,Medium,0.780029084845396,0.5802824108005401,8,3882,-0.011814657536989008
Post_3884,Twitter,#Fashion,Tweet,India,0.6192855403869016,1.5210361002986568,0.8687004771906232,0.47760064407660907,High,0.8716556904881977,0.48198502751187605,8,3883,-0.01182320340139189
Post_3885,TikTok,#Dance,Shorts,Australia,-0.30741791142585456,-0.5851868456400423,-0.11494028833677551,1.7502256905620723,Low,0.18567016128984998,0.0,6,3884,-0.011831749265794778
Post_3886,Instagram,#Dance,Live Stream,USA,-0.6884288658237265,0.05656952121415546,-0.6523161619902985,-0.04476583399062095,High,-0.3322353351476226,0.0,6,3885,-0.011840295130197659
Post_3887,TikTok,#Viral,Reel,Japan,-0.26455481290259186,0.5062936600153044,1.522167156178183,0.6178365448363815,High,0.5954356370318192,0.0,6,3886,-0.011848840994600547
Post_3888,Instagram,#Gaming,Post,Germany,1.402096929072933,-1.580308285459916,0.758803016539493,-0.28463013553978733,High,0.07399038115318068,0.8763420763294291,7,3887,-0.011857386859003435
Post_3889,Twitter,#Music,Post,Australia,0.8417409925146273,-0.805957742451039,-0.7521666412669359,-1.1259055142364547,Medium,-0.46057222635995054,0.6107113158478421,6,3888,-0.011865932723406317
Post_3890,YouTube,#Gaming,Reel,Australia,1.5938728402254136,-1.6047652528455372,0.915494637017028,-0.7410444326206441,Low,0.0408894479440651,0.9531520639623243,7,3889,-0.011874478587809205
Post_3891,Instagram,#Challenge,Post,Brazil,0.1597742390180863,-0.3478503372089264,-1.1272080692873867,-1.4432041174532737,High,-0.6896220712328751,0.148225364640912,10,3890,-0.011883024452212086
Post_3892,YouTube,#Fashion,Video,India,-0.5103824124345802,-0.7736094192999158,1.5473190170848756,-1.4717693932945055,Low,-0.30211055198603143,0.0,8,3891,-0.011891570316614974
Post_3893,Twitter,#Fitness,Reel,USA,0.7432713972835975,0.8252665556149115,-0.6040080734636276,-0.10189638567308439,High,0.21565837344044927,0.5557634614068244,8,3892,-0.011900116181017856
Post_3894,Twitter,#Comedy,Tweet,USA,1.4036579045563067,0.5812511473085156,-1.4817426449133246,1.2165171176755298,Low,0.42992088115675686,0.8769917039497757,7,3893,-0.011908662045420744
Post_3895,Twitter,#Tech,Tweet,Canada,-1.4692297619424979,-0.6133296789319383,-0.9777764250770364,0.08587829522442413,High,-0.7436143926817621,0.0,5,3894,-0.011917207909823632
Post_3896,YouTube,#Fitness,Reel,India,-0.43212121403417997,0.5187854198442775,-1.2598144604425074,-0.33139877343670593,Low,-0.37613725701727896,0.0,8,3895,-0.011925753774226514
Post_3897,Twitter,#Dance,Tweet,India,-1.1885686998460585,0.9465814278308398,1.3258037222595855,0.9845642773274886,Low,0.5170951818929639,0.0,6,3896,-0.011934299638629402
Post_3898,Instagram,#Education,Post,Australia,-1.112563994978033,-1.4727599838375371,0.7229848397900169,-1.6765572164209828,Medium,-0.884724088861634,0.0,10,3897,-0.011942845503032283
Post_3899,TikTok,#Dance,Live Stream,Australia,0.49557926118872064,0.6218510988325213,-0.0036665288672215845,-1.6164161087062328,Low,-0.1256630693880531,0.4025135974752823,6,3898,-0.011951391367435171
Post_3900,YouTube,#Viral,Post,USA,-0.041261998158236494,-1.3833015240972706,-1.6511306219908182,-0.16035718304423263,Low,-0.8090128318226395,0.0,6,3899,-0.01195993723183806
Post_3901,Instagram,#Fitness,Shorts,Australia,-0.15233383224559907,0.7714335140890541,-0.5580741003987375,-1.5601957251265537,Medium,-0.374792535920459,0.0,8,3900,-0.01196848309624094
Post_3902,Twitter,#Dance,Live Stream,India,1.0509583035697905,-0.3613120617500771,1.6643388241213484,1.1504949237581732,Low,0.8761199974248087,0.7183071490785149,6,3901,-0.011977028960643829
Post_3903,Instagram,#Tech,Shorts,Japan,0.626179049325769,0.3199495821672401,-0.8369122410113736,0.29220640283253657,High,0.100355698328543,0.4862331214997614,5,3902,-0.01198557482504671
Post_3904,YouTube,#Viral,Post,UK,-0.7714983894949052,-1.106057896079419,0.1270818588830273,-0.06394937708007559,High,-0.4536059509428431,0.0,6,3903,-0.011994120689449599
Post_3905,Instagram,#Tech,Tweet,UK,1.4919441562147215,1.615510663264756,-1.3739440399602905,1.3772668072134415,Medium,0.7776943966831572,0.9130631914504893,5,3904,-0.012002666553852487
Post_3906,Twitter,#Challenge,Post,Australia,-0.055449195878942974,-1.4246289491554096,-0.998971426880761,-1.1340270142305304,Low,-0.9032691465364109,0.0,10,3905,-0.012011212418255368
Post_3907,Twitter,#Gaming,Live Stream,Japan,-1.0435644930803891,-0.3194927260164767,0.8191193122569104,-0.7672292688084399,Low,-0.3277917939120989,0.0,7,3906,-0.012019758282658256
Post_3908,TikTok,#Fitness,Reel,Canada,-1.5117536669344744,-1.0991365050260944,-0.5939610920891348,-1.3812426735329548,Low,-1.1465234843956646,0.0,8,3907,-0.012028304147061138
Post_3909,Twitter,#Comedy,Live Stream,Australia,-0.17001438071882494,-0.3138253607696104,-1.2007024261912107,-1.4847217855264365,Medium,-0.7923159883015207,0.0,7,3908,-0.012036850011464026
Post_3910,YouTube,#Gaming,Reel,USA,-0.5155415803074164,-0.3078947193865816,0.41596698087015616,-0.7159798033285829,High,-0.28086228053810613,0.0,7,3909,-0.012045395875866907
Post_3911,Twitter,#Comedy,Live Stream,USA,0.07798748361068089,-0.7275153105133612,0.4717070830163149,1.716269419035118,Low,0.3846121687871882,0.07509586166864028,7,3910,-0.012053941740269795
Post_3912,Twitter,#Fitness,Tweet,Australia,-0.2944415318259213,-0.5867387891795265,-1.4229746853666339,-0.15083542443048872,Low,-0.6137476077006426,0.0,8,3911,-0.012062487604672684
Post_3913,YouTube,#Viral,Post,Canada,-0.18372602225627357,1.4016473008683383,-0.16338600674528878,-0.9769880100347395,Medium,0.019386815458009132,0.0,6,3912,-0.012071033469075565
Post_3914,Instagram,#Challenge,Live Stream,Brazil,-0.6929884491715618,-1.495096885495113,1.5478007216713239,0.5711379198704464,Low,-0.017286673281226156,0.0,10,3913,-0.012079579333478453
Post_3915,Instagram,#Education,Tweet,USA,1.1884159681939346,0.8932957235354254,1.4291637635232033,-0.4990797431419754,Medium,0.7529489280276469,0.7831779799246226,10,3914,-0.012088125197881334
Post_3916,Instagram,#Viral,Tweet,India,-1.5049149771521788,0.111954506279497,-0.058167962076799015,1.5843650570623715,Medium,0.03330915602822271,0.0,6,3915,-0.012096671062284223
Post_3917,Instagram,#Music,Post,India,-0.06642878770075905,1.6131134647618028,0.9505558494163712,-1.4418038588336055,Low,0.2638591669109524,0.0,6,3916,-0.012105216926687111
Post_3918,TikTok,#Fashion,Reel,UK,0.19882946187800057,0.9891628786954368,1.2486277660164782,0.45967733374485586,Medium,0.7240743600836929,0.1813456322995243,8,3917,-0.012113762791089992
Post_3919,Instagram,#Comedy,Live Stream,Brazil,0.5763717341438103,1.347239208834547,-1.1788880899191956,-1.2208430486499602,Low,-0.11903004889769964,0.4551258355409412,7,3918,-0.01212230865549288
Post_3920,TikTok,#Viral,Post,Canada,1.4313593948508043,-1.5983219158289288,-1.5370010424730352,1.7032470138722036,Low,-0.00017913739473901513,0.8884505226837455,6,3919,-0.012130854519895762
Post_3921,TikTok,#Music,Live Stream,Brazil,-0.8793489128942344,-1.1422930063986254,1.3874275018545055,-1.514477281194386,Low,-0.5371729246581851,0.0,6,3920,-0.01213940038429865
Post_3922,TikTok,#Education,Tweet,Japan,0.07215678106984379,-1.0252044090000425,0.8085562188255088,-0.13585265720003878,High,-0.07008601657618219,0.06967230295296427,10,3921,-0.012147946248701531
Post_3923,Twitter,#Dance,Live Stream,India,1.516724470703415,0.39254451255436157,0.05627128467512936,0.16863357964681602,Low,0.5335434618949305,0.9229582428204751,6,3922,-0.01215649211310442
Post_3924,YouTube,#Music,Shorts,Brazil,0.20551260230352467,-1.0112923436996664,0.3800455817092983,-0.9587146350480691,Medium,-0.3461121986837281,0.18690487258985836,6,3923,-0.012165037977507308
Post_3925,Twitter,#Fitness,Reel,Australia,0.08952280463224063,0.38606653394088963,0.7122153015358517,-1.3089193158270913,Medium,-0.030278668929527353,0.0857398064659417,8,3924,-0.012173583841910189
Post_3926,YouTube,#Comedy,Video,UK,1.2936660078534028,0.3397022206987999,-0.048671500229675674,-1.609134763883958,High,-0.006109508890357718,0.8301514143207152,7,3925,-0.012182129706313077
Post_3927,Instagram,#Fitness,Live Stream,USA,-1.682028134400695,-1.2503401470158384,-0.3068995660364172,1.5266744019320408,High,-0.4281483613802275,0.0,8,3926,-0.012190675570715959
Post_3928,Instagram,#Fitness,Post,Brazil,0.6891326834930325,-1.1589902560868257,0.014362985654128526,1.1013458462078185,Low,0.16146281481703845,0.5242151921664969,8,3927,-0.012199221435118847
Post_3929,Instagram,#Gaming,Shorts,Canada,-0.31755534395484086,1.7166571977867626,-1.3311067392368536,0.22646426063911357,High,0.07361484380854542,0.0,7,3928,-0.012207767299521735
Post_3930,Twitter,#Fitness,Video,Brazil,1.0469921375918418,1.7007082065908137,1.643728749315454,-1.2643910917216419,Low,0.7817595004441169,0.7163714657298327,8,3929,-0.012216313163924616
Post_3931,Instagram,#Dance,Reel,USA,1.2067906642372472,0.695215072670012,-1.6065041328034306,-0.31515577344855455,Low,-0.004913542336181506,0.7915392719546106,6,3930,-0.012224859028327505
Post_3932,TikTok,#Challenge,Tweet,Germany,-0.7488875431275293,0.1465545332267469,-0.9610543944331889,0.4631779802940264,Low,-0.27505235600998623,0.0,10,3931,-0.012233404892730386
Post_3933,TikTok,#Viral,Reel,Japan,1.0215601603794047,-0.9412886047579337,-0.3657363405240292,0.8606413894868511,Medium,0.1437941511460732,0.7038695699226944,6,3932,-0.012241950757133274
Post_3934,TikTok,#Comedy,Video,Japan,-1.2760059398170722,0.08527354837524002,-1.6333419597626921,1.0969350315558637,High,-0.4317848299121652,0.0,7,3933,-0.012250496621536155
Post_3935,YouTube,#Gaming,Post,India,0.7427410219437681,0.7203440870347849,0.3945655342436681,-0.45952243713634816,High,0.3495320515214682,0.5554591737106611,7,3934,-0.012259042485939044
Post_3936,TikTok,#Dance,Live Stream,USA,1.485425473258912,-1.4066083904670241,-1.303099058281932,-1.550043850133959,High,-0.6935814564060008,0.9104438614958862,6,3935,-0.012267588350341932
Post_3937,YouTube,#Music,Live Stream,India,1.1372950489726312,-0.6186298432520517,-1.502455942130601,0.10268139866044278,Medium,-0.22027733443739467,0.7595410337100835,6,3936,-0.012276134214744813
Post_3938,Instagram,#Comedy,Shorts,India,0.7052604793563704,0.14864688567730147,1.5809351157248739,1.5614008156998127,Low,0.9990608241145895,0.5337178728828021,7,3937,-0.012284680079147701
Post_3939,YouTube,#Music,Video,Germany,-1.6123913598079074,0.5122035164402151,-1.600241973179603,1.1504249108271898,High,-0.3875012264300264,0.0,6,3938,-0.012293225943550583
Post_3940,YouTube,#Fitness,Video,USA,-0.9836005586646442,1.625120242234687,-0.11903477732158593,-1.4162491390246605,Medium,-0.2234410581940509,0.0,8,3939,-0.012301771807953471
Post_3941,Instagram,#Dance,Live Stream,Canada,-0.3176129040692409,1.487212045121149,0.03146349847304266,1.4857868502377287,Low,0.67171237244067,0.0,6,3940,-0.01231031767235636
Post_3942,Instagram,#Tech,Post,Canada,-1.5483201000860423,-0.00024269764196170325,-0.7584288008907637,-0.19445348043315383,High,-0.6253612697629803,0.0,5,3941,-0.01231886353675924
Post_3943,TikTok,#Fitness,Reel,Australia,1.0041612453230648,0.7758052836132261,-0.33077835053606797,0.4029668596482929,Low,0.463038759512129,0.6952256417238026,8,3942,-0.012327409401162129
Post_3944,Instagram,#Viral,Live Stream,Brazil,-0.01222977283796544,0.7026630159956616,0.1250518181258524,1.4126933502910475,Low,0.557044602893649,0.0,6,3943,-0.01233595526556501
Post_3945,YouTube,#Music,Post,Brazil,0.934046173589191,0.4808043730431514,-0.049772539284414614,1.6921849707768246,High,0.7643157445311881,0.6596142714044275,6,3944,-0.012344501129967898
Post_3946,Twitter,#Fashion,Shorts,UK,1.1496231920461064,-1.4515385415989654,0.8875901784734881,-1.6693458845296913,Medium,-0.2709177639022656,0.7652925672663894,8,3945,-0.012353046994370787
Post_3947,Instagram,#Music,Video,USA,0.5910749171757461,-0.9561914197286054,1.2734011447481042,-0.37648710099002264,High,0.13294938530130557,0.4644098363524742,6,3946,-0.012361592858773668
Post_3948,YouTube,#Tech,Live Stream,USA,0.9340907141539053,0.5992439927194103,-0.6794292487132448,0.8670125662063415,High,0.43022950609160304,0.659637300871072,5,3947,-0.012370138723176556
Post_3949,Twitter,#Education,Live Stream,USA,0.4476166106253933,1.405367808371477,-1.3616949804763199,-0.630143949942921,High,-0.03471362785559265,0.3699184872377722,10,3948,-0.012378684587579437
Post_3950,YouTube,#Comedy,Live Stream,Australia,-1.040671412092328,-0.2971696809976463,-1.531358217317498,1.059898191065639,Low,-0.4523252798354583,0.0,7,3949,-0.012387230451982326
Post_3951,YouTube,#Viral,Tweet,UK,1.4458200031149113,1.6979853770773436,0.5958836439085907,-1.1769449409233614,High,0.640686020794371,0.8943804462967703,6,3950,-0.012395776316385207
Post_3952,Twitter,#Fashion,Live Stream,Germany,-1.5178351671166261,-0.4514217835113771,0.47786602022876085,-1.5793092552850247,Low,-0.7676750464210668,0.0,8,3951,-0.012404322180788095
Post_3953,TikTok,#Viral,Video,UK,1.6401724146262529,0.10925246172414509,-0.8730744924654555,-0.6865043593845669,Low,0.047461506125093866,0.9708442235962633,6,3952,-0.012412868045190983
Post_3954,TikTok,#Viral,Post,UK,0.013030209270728671,-0.3006199840452495,0.5059081086541432,-1.594642087170392,Low,-0.3440809383226924,0.01294604641194947,6,3953,-0.012421413909593865
Post_3955,Twitter,#Fitness,Video,Germany,0.23185800371233464,-0.42483089375896516,-1.3251886543176319,-1.6537330009203908,Medium,-0.7929736363211632,0.20852360174175996,8,3954,-0.012429959773996753
Post_3956,YouTube,#Tech,Shorts,UK,-1.174513753340581,-0.5132916755095633,-0.8108657858727055,-1.7163945741505438,Medium,-1.0537664472183486,0.0,5,3955,-0.012438505638399634
Post_3957,YouTube,#Education,Video,UK,0.21710000152382733,-0.1433124926881592,0.9739873368000341,-1.5556448846126318,Low,-0.12696750974423238,0.19647098115038908,10,3956,-0.012447051502802522
Post_3958,Instagram,#Dance,Post,Brazil,-1.6908526481297936,0.8003038209150835,1.5482480187873116,1.6270729449622523,Low,0.5711930341337135,0.0,6,3957,-0.01245559736720541
Post_3959,Twitter,#Fitness,Shorts,Japan,0.9419325945014596,0.2640865430651825,0.03710632362857972,0.6592141870475774,Medium,0.4755849120606998,0.663683659947214,8,3958,-0.012464143231608292
Post_3960,TikTok,#Music,Tweet,UK,1.6317288940353263,0.9786179766101917,-0.11937885202619186,0.47010926046138407,Low,0.7402693197701775,0.9676410043718462,6,3959,-0.01247268909601118
Post_3961,Twitter,#Gaming,Shorts,Japan,1.6422904897882844,-0.41763929825010543,0.885147248070786,1.539836832956922,Low,0.9124088181414718,0.9716461507707146,7,3960,-0.012481234960414062
Post_3962,YouTube,#Fitness,Video,Canada,0.3335818011253407,1.4508314400951159,1.2559221497541235,-1.7356481301709816,Medium,0.3261718152008996,0.2878684059346247,8,3961,-0.01248978082481695
Post_3963,TikTok,#Challenge,Shorts,India,-0.044281848445869486,-1.234127879683727,-0.5389435468226484,-0.9984819798466466,High,-0.7039588136997229,0.0,10,3962,-0.012498326689219831
Post_3964,Instagram,#Viral,Shorts,Brazil,0.046271175336777326,1.1522347317706114,-1.7087631350123094,-0.1278011701369465,Medium,-0.1595145995104668,0.04523258188725272,6,3963,-0.01250687255362272
Post_3965,Twitter,#Gaming,Post,USA,-0.24297045524201744,0.014036568585167258,-0.7362359824436819,1.2541140616136215,Medium,0.07223604812827233,0.0,7,3964,-0.012515418418025608
Post_3966,Twitter,#Viral,Reel,Canada,0.5555445660833799,-1.1882831903945894,1.4042871623801956,-0.6117305490942839,High,0.03995449724367553,0.4418256875934,6,3965,-0.012523964282428489
Post_3967,YouTube,#Challenge,Live Stream,India,-1.1391437482811861,0.20524432663286502,0.8090723308824176,0.7355282818194955,High,0.15267529776339797,0.0,10,3966,-0.012532510146831377
Post_3968,TikTok,#Comedy,Reel,Canada,-0.4094384175238039,0.5138039582153082,1.3672303166941382,1.2385711909353043,Medium,0.6775417620802366,0.0,7,3967,-0.012541056011234258
Post_3969,YouTube,#Music,Reel,Canada,0.296101258537943,-0.18891469079925227,1.3446246086015292,0.3218918855695029,Low,0.44342576547743073,0.25936072646588837,6,3968,-0.012549601875637147
Post_3970,Instagram,#Fitness,Tweet,Germany,0.5781074456887557,-0.415041178485344,0.722124653028502,-0.20796597611295217,Medium,0.16930623602974038,0.45622630989576396,8,3969,-0.012558147740040035
Post_3971,Instagram,#Viral,Tweet,Canada,-0.49785966135527615,-0.6350638168040895,-0.3623988158893518,-0.9919707772651893,Low,-0.6218232678284767,0.0,6,3970,-0.012566693604442916
Post_3972,YouTube,#Music,Live Stream,Brazil,-0.8202949764775767,-1.0997046272146556,0.7175484594572433,-0.2984926958745027,Medium,-0.37523596002737286,0.0,6,3971,-0.012575239468845804
Post_3973,Twitter,#Viral,Post,USA,0.8322422031596991,0.7290252712087745,0.2759285760955475,-0.25837528642100815,Medium,0.3947051910107532,0.6055404644782691,6,3972,-0.012583785333248686
Post_3974,Twitter,#Education,Post,USA,0.07198478596610067,1.5498509805697045,0.8280308471062037,0.49076307510149036,High,0.7351574221858748,0.06951187035209846,10,3973,-0.012592331197651574
Post_3975,TikTok,#Challenge,Tweet,Australia,-0.4596781188032203,1.6825352248762289,1.2181427471883939,1.0633988376148098,Medium,0.8760996727190531,0.0,10,3974,-0.012600877062054462
Post_3976,TikTok,#Tech,Video,Germany,-0.6125968412989012,-0.8435854449641577,-1.6422534946119856,-0.6995967774784647,Low,-0.9495081395883773,0.0,5,3975,-0.012609422926457343
Post_3977,Twitter,#Gaming,Tweet,Australia,1.3870196052973967,-1.4927066153115323,0.5689425945379474,-1.447544919174245,Medium,-0.24607233366260833,0.8700455606859282,7,3976,-0.012617968790860232
Post_3978,TikTok,#Tech,Reel,UK,0.8098376138689234,1.201418870997389,-1.5363473005342838,1.5644113717320993,Medium,0.509830139016032,0.5932371251584874,5,3977,-0.012626514655263113
Post_3979,YouTube,#Education,Post,Canada,-0.5488325688538365,-1.4177906979345574,-1.1873867351229617,1.5005595786752284,Medium,-0.4133626058090318,0.0,10,3978,-0.012635060519666001
Post_3980,Twitter,#Music,Tweet,Japan,-1.4072820592983215,-0.6267359769181075,-1.169563665424375,0.8665224756894576,Medium,-0.5842648064878366,0.0,6,3979,-0.012643606384068883
Post_3981,Twitter,#Challenge,Reel,USA,1.259937836533325,-0.5333560884128944,1.0227771299131534,-1.4502754234825983,Low,0.07477086363774643,0.8153373069471929,10,3980,-0.01265215224847177
Post_3982,Twitter,#Music,Post,Canada,-0.491414299021381,-1.2410215574595607,1.2333164416615148,-0.3028334975954742,Low,-0.20048822810372527,0.0,6,3981,-0.012660698112874659
Post_3983,Instagram,#Viral,Live Stream,Canada,1.2980022031382092,0.5478912895289785,-0.07268791461116876,0.7533115662892819,High,0.6316292860863252,0.8320401381459517,6,3982,-0.01266924397727754
Post_3984,TikTok,#Music,Post,Germany,0.2661932971914421,-0.45940320742872426,1.3847093116881188,-0.06086880811680549,Low,0.2826576483335078,0.23601499547262206,6,3983,-0.012677789841680429
Post_3985,YouTube,#Music,Shorts,Australia,-0.055884322934229326,1.4128573216133624,-0.026788349016739283,1.5273045183108915,High,0.7143722919933213,0.0,6,3984,-0.01268633570608331
Post_3986,YouTube,#Music,Live Stream,Brazil,-0.6466066460358653,1.5304447580067797,1.190547955878999,-0.930429410930771,Medium,0.2859891642297857,0.0,6,3985,-0.012694881570486198
Post_3987,YouTube,#Comedy,Post,Japan,1.0217856041608049,-1.7355927075601787,0.5999437254229405,-1.4994945139639362,Medium,-0.4033394729850924,0.7039810834042329,7,3986,-0.012703427434889086
Post_3988,YouTube,#Music,Tweet,Japan,0.967670188511783,-0.2726988569732797,-1.4401784205969297,0.5488738078177215,Low,-0.049083320310176204,0.6768501974474465,6,3987,-0.012711973299291968
Post_3989,Twitter,#Fashion,Reel,Australia,-0.3760110663254121,-1.2794390883811666,-0.9532094911681739,0.855180380870145,High,-0.4383698162511519,0.0,8,3988,-0.012720519163694856
Post_3990,TikTok,#Music,Post,Australia,-0.17510433940648953,-1.6490372136370723,-1.4685301762564573,-0.8940226868193973,Low,-1.046673604029854,0.0,6,3989,-0.012729065028097737
Post_3991,YouTube,#Fashion,Shorts,Japan,-0.8964970303092595,-1.20762705808316,0.7026156172773466,-0.21440716576342597,Low,-0.40397890921962476,0.0,8,3990,-0.012737610892500625
Post_3992,TikTok,#Education,Post,Germany,-1.5217602187271462,-0.2421033986234488,0.10192999797633469,-0.23520100626549909,Low,-0.47428365640993986,0.0,10,3991,-0.012746156756903507
Post_3993,Twitter,#Fitness,Post,India,-0.5637481761174868,-0.8619385629824325,-1.65240369839786,-1.363529401994152,Low,-1.1104049598729828,0.0,8,3992,-0.012754702621306395
Post_3994,Twitter,#Music,Video,India,-1.214101407258696,0.7275148975855265,1.447055648162711,-1.3813126864639382,Low,-0.10521088699359918,0.0,6,3993,-0.012763248485709283
Post_3995,TikTok,#Music,Post,Japan,0.7094048075931765,-1.0618829317591014,0.5264149610486558,1.672511337170486,High,0.4616120435133042,0.5361452441906464,6,3994,-0.012771794350112164
Post_3996,Twitter,#Fashion,Live Stream,Brazil,-0.29638281520800985,-0.04575482760120971,1.3342335525224305,-1.656323479366777,Low,-0.1660568924133915,0.0,8,3995,-0.012780340214515053
Post_3997,YouTube,#Music,Shorts,USA,-0.9150971701339725,-0.9094391206016447,0.882291428022557,1.2354206090410507,Low,0.07329393658199765,0.0,6,3996,-0.012788886078917934
Post_3998,Instagram,#Fitness,Video,India,-1.1475749345618842,-0.016184760518538,-0.9235846591016044,-0.5314257172563114,High,-0.6546925178595845,0.0,8,3997,-0.012797431943320822
Post_3999,YouTube,#Fashion,Video,Australia,1.0633755277726944,1.127465990013219,1.5674473873043218,0.08272771333017062,High,0.9602541546051014,0.7243432474668132,8,3998,-0.01280597780772371
Post_4000,YouTube,#Comedy,Reel,Canada,-1.37218477954287,0.19075028250518244,0.8349467486687826,1.309214238297566,High,0.2406816224821652,0.0,7,3999,-0.012814523672126592
Post_4001,Instagram,#Fashion,Reel,UK,-1.6830840884041538,1.4095802265500768,-1.0293876307679242,-1.4070074321348502,High,-0.6774747311892129,0.0,8,4000,-0.01282306953652948
Post_4002,Instagram,#Comedy,Live Stream,Canada,1.1963503558682034,-1.3566482794705044,1.2472514671980544,0.45967733374485586,Low,0.3866577193351523,0.7867970536667774,7,4001,-0.012831615400932361
Post_4003,YouTube,#Viral,Tweet,India,-0.6591417314253979,-0.9493115985915171,1.554716623233903,0.5114869026725801,Medium,0.114437548972392,0.0,6,4002,-0.01284016126533525
Post_4004,Instagram,#Fitness,Reel,Australia,-1.4966681202854524,-0.12337278953353661,1.2512771412419437,-0.30108317432088894,High,-0.16746173572448356,0.0,8,4003,-0.012848707129738138
Post_4005,Instagram,#Music,Shorts,UK,-1.1479723734470277,-1.4306565870096561,-0.9012542107726803,0.7573023033553363,High,-0.6806452169685071,0.0,6,4004,-0.012857252994141019
Post_4006,YouTube,#Music,Shorts,UK,1.550300518864007,-0.45815610994163875,0.1875701919527477,-0.549769105173965,Medium,0.18248637392528777,0.9362112027614108,6,4005,-0.012865798858543907
Post_4007,TikTok,#Viral,Video,Canada,-0.7331338880077919,-0.21630926559889704,1.392691844834976,-0.2208483554138998,High,0.055600083953596835,0.0,6,4006,-0.012874344722946789
Post_4008,Twitter,#Gaming,Reel,Canada,0.1817471274508613,-0.06464835453055502,-0.8044659963670355,-1.1862566607441551,High,-0.4684059710477211,0.16699395992951632,7,4007,-0.012882890587349677
Post_4009,YouTube,#Comedy,Post,Canada,-1.2143871521123248,1.3696384653664773,1.4122008805861317,-1.0149350186277482,High,0.138129293803134,0.0,7,4008,-0.012891436451752558
Post_4010,Twitter,#Comedy,Tweet,Japan,-0.8850658656851857,0.4128098467195009,0.6613266527246363,0.9254033506465064,High,0.27861849610136447,0.0,7,4009,-0.012899982316155446
Post_4011,TikTok,#Fashion,Post,Canada,0.7111233881516932,-0.39763724022112856,0.6923965985505508,1.0192206781642774,Medium,0.5062758561613482,0.5371501069514714,8,4010,-0.012908528180558335
Post_4012,YouTube,#Comedy,Video,Brazil,-0.16466403103744567,1.2973414527123819,0.3157724268889128,-0.6200620878813098,High,0.20709694017063482,0.0,7,4011,-0.012917074044961216
Post_4013,YouTube,#Dance,Video,Brazil,1.367149031519139,-0.355090430953395,0.9079594009861585,-0.6891648507619366,High,0.30771328769749146,0.861686290746321,6,4012,-0.012925619909364104
Post_4014,Twitter,#Challenge,Reel,UK,-0.6761829514851085,0.8778040014180745,-0.8932716776258229,-1.0700351953116927,Low,-0.44042145575113745,0.0,10,4013,-0.012934165773766985
Post_4015,TikTok,#Viral,Video,Canada,1.3254700267778208,-1.0105302285686697,0.18488640925682157,-1.1706437771348543,Medium,-0.16770439241722043,0.8439221806623017,6,4014,-0.012942711638169874
Post_4016,YouTube,#Dance,Post,India,0.8692012785202103,-0.3769839201711182,-0.39456980077000514,-0.946952462642856,High,-0.21232622626594227,0.6255112158371648,6,4015,-0.012951257502572762
Post_4017,TikTok,#Challenge,Tweet,India,0.7899697810484944,1.0164258154270005,-1.422699425602949,-0.3308386699888386,High,0.013214375220926833,0.5821987376143463,10,4016,-0.012959803366975643
Post_4018,TikTok,#Fashion,Video,Brazil,-1.6336077438799956,1.1968808218082723,-0.19442154510074258,-1.6170462250850834,High,-0.5620486730643873,0.0,8,4017,-0.012968349231378531
Post_4019,YouTube,#Music,Reel,Canada,1.0343535810442805,1.6829093541223545,0.9938748547262563,-0.2688072131375364,High,0.8605826441888388,0.7101781178404313,6,4018,-0.012976895095781413
Post_4020,Twitter,#Gaming,Reel,Canada,0.37899604614755,1.4652769859871897,1.6411481890309094,0.2802341916343733,High,0.9414138532000056,0.3213557316189108,7,4019,-0.012985440960184301
Post_4021,Instagram,#Fashion,Tweet,Australia,0.5064560670919651,1.011222647578105,-0.08483375168375767,-1.3283829106404796,High,0.02611551308645821,0.40975991692732394,8,4020,-0.012993986824587182
Post_4022,Instagram,#Dance,Live Stream,Brazil,-1.1240369592089927,1.3699363830995033,0.9920512587918449,-0.46764393713042385,High,0.1925766863879829,0.0,6,4021,-0.01300253268899007
Post_4023,Instagram,#Fitness,Video,Brazil,-0.9409368648234103,-0.8710562312769021,0.5165744244969266,-0.6914052645534057,Low,-0.49670598403919786,0.0,8,4022,-0.013011078553392959
Post_4024,TikTok,#Gaming,Tweet,Australia,-0.2920644361490893,1.2021532728508948,-1.2432300596805022,1.197123535793125,High,0.21599557820360707,0.0,7,4023,-0.01301962441779584
Post_4025,YouTube,#Tech,Live Stream,Canada,0.6630702859800229,1.6669187930101694,-0.3193206628726909,-0.7602979886410821,Low,0.3125926068691049,0.5086654638877367,5,4024,-0.013028170282198728
Post_4026,YouTube,#Fitness,Reel,Germany,-0.507957349995748,0.6345229949651845,-0.21265750444485626,-0.27790889416537984,High,-0.09100018841019991,0.0,8,4025,-0.01303671614660161
Post_4027,YouTube,#Fashion,Shorts,UK,-0.5748367210129888,0.7094666256196502,0.1654117809761266,-0.8468339713365782,Medium,-0.13669807143844753,0.0,8,4026,-0.013045262011004498
Post_4028,YouTube,#Fashion,Video,USA,1.6182509191527636,0.3695424922370068,-0.8489204482021201,0.17514478222827323,Low,0.32850443635398086,0.9625065067272061,8,4027,-0.013053807875407386
Post_4029,TikTok,#Challenge,Tweet,Japan,-0.44853338427223255,-0.7942904526274169,0.21458005626431229,0.8618316093135691,Low,-0.041603042830442055,0.0,10,4028,-0.013062353739810267
Post_4030,Instagram,#Gaming,Post,India,0.6400805021928464,0.6057843262072364,1.6764502537234767,-0.46645371730370583,Low,0.6139653412049635,0.4947453273343494,7,4029,-0.013070899604213156
Post_4031,Twitter,#Comedy,Shorts,USA,-0.30340035248862013,1.156364010116739,0.9742281890932583,0.7171148809708584,High,0.6360766819230589,0.0,7,4030,-0.013079445468616037
Post_4032,Instagram,#Education,Post,UK,-0.11767510574271976,0.6477214433701727,-0.07485558525018605,-0.3547130794541818,Low,0.025119418230771268,0.0,10,4031,-0.013087991333018925
Post_4033,YouTube,#Challenge,Video,UK,-0.6493003223418978,1.4589237171224263,-1.3615573505944774,-1.3420354321822447,Low,-0.4734923469990484,0.0,10,4032,-0.013096537197421806
Post_4034,Instagram,#Dance,Post,Japan,0.5088770180940544,0.7117460426932676,1.636468773048269,1.4346774106198386,Medium,1.0729423111138574,0.41136567752085723,6,4033,-0.013105083061824695
Post_4035,TikTok,#Comedy,Post,Canada,-0.5211105213756245,-1.295519717645197,-1.4731407772981766,1.5116916347015907,High,-0.44451984540435174,0.0,7,4034,-0.013113628926227583
Post_4036,Instagram,#Viral,Video,Australia,0.3110997797759078,-0.35317128648715784,-0.0071416833837413575,-1.4499253588276813,Medium,-0.3747846372306682,0.27086631155425356,6,4035,-0.013122174790630464
Post_4037,TikTok,#Dance,Video,Australia,-1.0971584415025248,-0.7117048857048661,-1.1431731355811012,0.017685700446581736,High,-0.7335876905854777,0.0,6,4036,-0.013130720655033352
Post_4038,Twitter,#Tech,Video,USA,1.219684129862866,0.05990204283242282,-0.28708086305111635,0.6179765706983483,High,0.4026204700856302,0.7973649019153256,5,4037,-0.013139266519436234
Post_4039,Instagram,#Music,Video,Canada,-0.7457032353701818,-0.15995431582137792,-1.5790125639054178,-1.0348887039580204,Low,-0.8798897047637495,0.0,6,4038,-0.013147812383839122
Post_4040,YouTube,#Music,Live Stream,Australia,-1.4069784982188067,1.2780668682175382,1.0023390924595619,-1.3188611520267357,Low,-0.11135842239211058,0.0,6,4039,-0.01315635824824201
Post_4041,Twitter,#Tech,Tweet,Brazil,-0.7788606022224589,0.9524289293813962,0.3987288381693997,-0.1810810106153223,Low,0.09780403867825369,0.0,5,4040,-0.013164904112644892
Post_4042,Instagram,#Fitness,Post,Germany,-1.2885828248134907,0.6189689179734792,-1.194440266567383,0.6769974715173639,High,-0.29676417547250766,0.0,8,4041,-0.01317344997704778
Post_4043,TikTok,#Fitness,Video,Brazil,1.1385887810677187,1.3584492295795714,1.0749732626018713,-1.227634302955351,High,0.5860942425734526,0.7601461634030263,8,4042,-0.013181995841450661
Post_4044,YouTube,#Education,Reel,Japan,0.44683954908099216,-0.8542412001593659,0.06308396382632653,1.6278430872030698,High,0.32088134998775564,0.3693815562772089,10,4043,-0.01319054170585355
Post_4045,TikTok,#Fitness,Live Stream,Canada,1.4170282968440977,1.2638430285453908,-1.2576467898034902,1.1752094883953172,Medium,0.6496085059953289,0.8825388090769345,8,4044,-0.013199087570256438
Post_4046,TikTok,#Comedy,Video,Canada,-0.8469007688801012,-0.948674193209229,0.844443210515906,-1.3787922209485355,Low,-0.58248099313049,0.0,7,4045,-0.013207633434659319
Post_4047,YouTube,#Fitness,Live Stream,Japan,-1.188727675400116,0.2641281129814187,1.3882532811455597,0.2426372476962815,High,0.17657274160578598,0.0,8,4046,-0.013216179299062207
Post_4048,TikTok,#Fitness,Video,USA,1.0564840745521986,-0.7297808709482332,0.5768907202143441,1.529614945033344,Low,0.6083022172129133,0.7209977647012449,8,4047,-0.013224725163465088
Post_4049,TikTok,#Viral,Live Stream,Australia,-1.3848342999217458,-0.5108182654935104,-0.3444725237793835,-0.9888902083019193,Medium,-0.8072538243741397,0.0,6,4048,-0.013233271027867977
Post_4050,YouTube,#Tech,Reel,Canada,0.9207114137531714,-1.506556325737554,-1.3366807494514696,1.6688706647593488,Low,-0.06341374916912584,0.6526956454075876,5,4049,-0.013241816892270858
Post_4051,YouTube,#Dance,Tweet,Canada,0.9908305969237883,-1.4855427330801634,-0.7183440978041742,0.10107110124782433,High,-0.27799628317818126,0.688551937044188,6,4050,-0.013250362756673746
Post_4052,Instagram,#Viral,Live Stream,Brazil,0.6500061957295752,1.3618094644753294,-0.4751176891182506,1.679302591475877,Medium,0.8040001406406327,0.5007790428930606,6,4051,-0.013258908621076634
Post_4053,Twitter,#Challenge,Live Stream,Australia,0.9789889738648853,-1.3934722969363902,1.4321916209237355,-0.3668953294452953,Medium,0.16270324210173387,0.6825860950358752,10,4052,-0.013267454485479516
Post_4054,TikTok,#Education,Video,Japan,1.255875051791919,0.01286568261118143,-1.0659971793379936,0.10002090728307315,Low,0.07569111558704501,0.8135379472580079,10,4053,-0.013276000349882404
Post_4055,TikTok,#Dance,Post,Brazil,-0.28681687238628156,-0.6253918829598042,-0.11149954129071633,-0.9175470316298234,Low,-0.48531383206665635,0.0,6,4054,-0.013284546214285285
Post_4056,YouTube,#Viral,Reel,USA,0.833008986112243,-0.4913843296530946,-0.7424293271265885,-0.05505773484518238,High,-0.1139656013781556,0.6059588712526669,6,4055,-0.013293092078688173
Post_4057,YouTube,#Fitness,Live Stream,UK,-1.491021747158587,-0.7785770242901396,-0.4676512680283022,-0.9241982600732475,Low,-0.915362074887569,0.0,8,4056,-0.013301637943091062
Post_4058,YouTube,#Fitness,Tweet,Australia,0.11565783752770745,-1.650783150118992,-0.21551332449308536,1.2396913978310389,Medium,-0.12773680981333274,0.1094442197511946,8,4057,-0.013310183807493943
Post_4059,YouTube,#Gaming,Video,Brazil,-0.3144820449895506,-1.209823335324305,-1.601927939232172,-0.8043361222296477,High,-0.982642360443919,0.0,7,4058,-0.013318729671896831
Post_4060,Twitter,#Music,Tweet,UK,0.1563110388016812,0.05998518266489519,-0.6100981957351523,1.6391851820223824,Low,0.3113458019384516,0.1452347987661058,6,4059,-0.013327275536299713
Post_4061,YouTube,#Comedy,Tweet,UK,1.198129922738406,1.6476996350703073,-1.043219433893082,-1.2944966520445087,Low,0.1270283679677806,0.7876069637606478,7,4060,-0.0133358214007026
Post_4062,TikTok,#Fashion,Shorts,USA,1.2068920796769045,-0.1047356104209811,1.0523675545092623,1.2719673590143914,Medium,0.8566228456948943,0.791585226974742,8,4061,-0.013344367265105482
Post_4063,Twitter,#Viral,Post,Brazil,-1.1487035239478003,-0.8707721701826215,-0.5217742190628132,-1.3740313416416636,High,-0.9788203137087248,0.0,6,4062,-0.01335291312950837
Post_4064,TikTok,#Education,Post,UK,1.2146996980516016,-0.5004812129894461,0.9812817205376796,-0.09741555809014608,High,0.3995211618774222,0.7951168178053689,10,4063,-0.013361458993911259
Post_4065,YouTube,#Viral,Reel,UK,-1.294451900763928,-1.2324027281599252,-0.7237116631960265,-0.14068354943789413,High,-0.8478124603894434,0.0,6,4064,-0.01337000485831414
Post_4066,Instagram,#Fashion,Post,Brazil,0.583062412203363,-0.750080846710236,1.0510944781022205,-0.2541745105620035,Low,0.157475383258336,0.45936120665569563,8,4065,-0.013378550722717028
Post_4067,YouTube,#Challenge,Live Stream,Australia,-0.1324988909191129,1.351798042981782,-1.3461428038281322,-0.8893318204435088,Medium,-0.254043868052243,0.0,10,4066,-0.01338709658711991
Post_4068,Twitter,#Dance,Video,Germany,1.3119899961768868,-0.7781405401696597,-1.1076302185953097,-1.0018426005338503,Medium,-0.39390584078048324,0.8381086238876587,6,4067,-0.013395642451522798
Post_4069,TikTok,#Comedy,Shorts,UK,-0.011451340814650015,-1.5814029599208022,-0.5865978934105681,0.7937090274667101,High,-0.3464357916698275,0.0,7,4068,-0.013404188315925686
Post_4070,TikTok,#Music,Live Stream,USA,1.0981068896580308,-0.08703375442373973,-1.6205767882218125,-1.4927032596585452,Low,-0.5255517281615167,0.7410354570356864,6,4069,-0.013412734180328567
Post_4071,YouTube,#Dance,Shorts,Japan,1.4193862058161297,1.5608115818173116,0.1368535804938354,-0.13711288995774018,Low,0.7449846195423843,0.8835138740377854,6,4070,-0.013421280044731455
Post_4072,Twitter,#Fashion,Shorts,Germany,-0.5217101059006254,0.23797370734948667,-0.8765840544524359,-0.9573843893593843,High,-0.5294262105907397,0.0,8,4071,-0.013429825909134337
Post_4073,Instagram,#Music,Video,Japan,-0.5428600217453706,-0.09060876722005148,0.6126056745524383,1.670270923379017,Low,0.4123519522415083,0.0,6,4072,-0.013438371773537225
Post_4074,YouTube,#Tech,Video,USA,0.21982451360543132,-0.7731313652631996,1.1670820610248756,-0.5823251180812512,High,0.007862522821464019,0.1987070070919887,5,4073,-0.013446917637940113
Post_4075,TikTok,#Comedy,Tweet,UK,0.13199189046764562,-0.8730862288531024,0.38967967343826404,-0.08229276499772929,Medium,-0.10842685748623052,0.12397881585749079,7,4074,-0.013455463502342994
Post_4076,Twitter,#Gaming,Video,UK,-0.3325154917832056,0.5591428801902388,1.6953743624768023,-0.015920506425455585,High,0.476520311114595,0.0,7,4075,-0.013464009366745883
Post_4077,YouTube,#Music,Live Stream,India,-1.1260426551000529,0.7006260901000886,1.4183598177985774,1.0059882342084128,Medium,0.4997328717517565,0.0,6,4076,-0.013472555231148764
Post_4078,Twitter,#Fitness,Post,India,1.6207417645794815,-1.2105023106228294,-0.5389435468226484,-1.2808441305027434,Medium,-0.35238705584218494,0.9634573939548727,8,4077,-0.013481101095551652
Post_4079,Twitter,#Tech,Live Stream,Japan,-0.19552310475046228,-0.38825629579049653,-1.53903108323021,0.3772021010463976,Low,-0.4364020956811928,0.0,5,4078,-0.013489646959954534
Post_4080,YouTube,#Fashion,Live Stream,Canada,0.41226168083405584,0.20473855931865814,0.023205705562500623,-0.05239724346781276,High,0.14695217556185045,0.34519244826996803,8,4079,-0.013498192824357422
Post_4081,TikTok,#Challenge,Tweet,India,0.5433383956332762,-1.72984220248084,-0.741706770246916,-0.8177786049784627,Medium,-0.6864972955182356,0.43394785953260784,10,4080,-0.01350673868876031
Post_4082,TikTok,#Dance,Post,USA,0.16405424466740684,-1.7168031054214237,-0.5966104673146003,0.39267495879373143,Medium,-0.4391710923187214,0.15190895017135306,6,4081,-0.013515284553163191
Post_4083,Instagram,#Tech,Post,USA,1.2805793047008693,-1.5165261773148653,-0.689441822617277,0.6344996224104333,Medium,-0.07272226820520991,0.8244294917023895,5,4082,-0.01352383041756608
Post_4084,Twitter,#Comedy,Video,Australia,0.5114898361441439,-0.1325666693411058,-0.5505388643678679,-1.405257108860265,High,-0.39421820160627374,0.4130958108642173,7,4083,-0.01353237628196896
Post_4085,Instagram,#Viral,Post,Brazil,-0.45083510360877876,1.5708784298658405,1.6931378768968637,-0.1196796701428708,High,0.6733753832527637,0.0,6,4084,-0.013540922146371849
Post_4086,TikTok,#Gaming,Post,Canada,1.6802959257998544,1.4526674447288808,-1.3648604677586942,-0.5495590663810148,Medium,0.3046359590972565,0.9859272085014902,7,4085,-0.013549468010774737
Post_4087,Instagram,#Fitness,Reel,Japan,-1.4638012949630042,-1.2338091769925827,1.4816007485051452,-1.2754531348170208,High,-0.6228657145668656,0.0,8,4086,-0.013558013875177619
Post_4088,Twitter,#Education,Live Stream,Brazil,0.4716863317970285,-0.8976817626261775,1.1474698028623382,-1.3060487856567715,Medium,-0.14614360340589555,0.38640890778802345,10,4087,-0.013566559739580507
Post_4089,TikTok,#Tech,Live Stream,Canada,1.1019524534915222,1.3344218179950573,1.6221552653366629,-1.630768759557832,Low,0.6069401943163527,0.7428666525469436,5,4088,-0.013575105603983388
Post_4090,Instagram,#Music,Shorts,UK,-1.459798811293827,1.1598073848449695,-0.7385756904350022,0.3074692217869202,Low,-0.18277447377423484,0.0,6,4089,-0.013583651468386276
Post_4091,TikTok,#Tech,Reel,USA,-0.8048784591707541,-1.5195677095194795,1.6728374693251147,0.03952973491340599,Medium,-0.15301974111292818,0.0,5,4090,-0.013592197332789158
Post_4092,TikTok,#Tech,Shorts,Germany,-1.3486557123029215,0.19672249380444745,0.3844497379282541,0.05171198490451951,High,-0.1789428739164251,0.0,5,4091,-0.013600743197192046
Post_4093,YouTube,#Gaming,Video,India,-1.3230812052833982,-0.5075896686658335,0.42711500129938795,-1.124085178030886,Medium,-0.6319102626701825,0.0,7,4092,-0.013609289061594934
Post_4094,YouTube,#Gaming,Post,India,-0.8553915709935709,0.7020741088489824,-0.948564482655994,1.3300780917306225,Low,0.057049036732509995,0.0,7,4093,-0.013617834925997815
Post_4095,Twitter,#Comedy,Live Stream,Japan,0.9934516378473636,0.6665318304670456,0.09387864988855621,1.3476513374074588,Medium,0.775378363902606,0.6898676276239344,7,4094,-0.013626380790400704
Post_4096,Instagram,#Dance,Post,India,-0.23841361285201076,1.0427118591270137,-1.0205793183300125,-1.4313019191860938,High,-0.4118957478102758,0.0,6,4095,-0.013634926654803585
Post_4097,Instagram,#Fitness,Reel,Brazil,-0.288271635753798,-0.9843481096592469,0.8673585858426601,-0.8729487945933906,High,-0.3195524885409438,0.0,8,4096,-0.013643472519206473
Post_4098,Twitter,#Viral,Live Stream,Australia,-1.609921756804361,-0.5160837882167603,-0.8523956027186399,1.1304712254969176,Low,-0.4619824805607109,0.0,6,4097,-0.013652018383609361
Post_4099,TikTok,#Education,Live Stream,Germany,0.6490975682094025,-1.3588029867954132,-0.10513415925550684,1.1901222426947837,Low,0.09382066621331653,0.5002282099346802,10,4098,-0.013660564248012243
Post_4100,TikTok,#Tech,Tweet,UK,1.4307789970306035,-0.7245014915862379,1.0879104714950538,-0.657729044750385,Low,0.28411473304725865,0.8882117808890131,5,4099,-0.013669110112415131
Post_4101,YouTube,#Challenge,Reel,India,0.057953137602165854,1.69381452881498,0.2906893809231414,0.6015235319172467,Low,0.6609951448143834,0.05633603907343105,10,4100,-0.013677655976818012
Post_4102,YouTube,#Fitness,Live Stream,Japan,-0.6630935073747466,0.16866972866439642,1.534553845543996,-0.38313832943344667,Medium,0.16424793435004975,0.0,8,4101,-0.0136862018412209
Post_4103,YouTube,#Music,Tweet,Brazil,1.5776669270639614,-0.5253885211342927,-1.1582092001723798,-0.634064674077992,High,-0.18499886708017577,0.9468846979793298,6,4102,-0.013694747705623789
Post_4104,Twitter,#Challenge,Shorts,Brazil,-0.37766591961441454,0.5078941017903975,1.565417346547147,-1.3992359967956916,Low,0.07410238298185962,0.0,10,4103,-0.01370329357002667
Post_4105,Twitter,#Education,Live Stream,USA,-0.03643311570374372,-1.0700999185351203,0.09886773310534201,-0.07067061845448305,High,-0.2695839798970012,0.0,10,4104,-0.013711839434429558
Post_4106,YouTube,#Dance,Shorts,Canada,0.27964797393246177,-1.4640025881504477,-0.6921256053132032,0.8562305748348962,Low,-0.25506241117407324,0.24658501974122563,6,4105,-0.01372038529883244
Post_4107,Instagram,#Fitness,Shorts,Australia,-1.3960489288773623,1.4065941209004442,-1.6858821671560158,-0.8144179842912589,Low,-0.6224387398560483,0.0,8,4106,-0.013728931163235328
Post_4108,Instagram,#Tech,Live Stream,India,0.40729917668542,-1.369243964090068,-0.9306725980164863,1.7423142293609468,High,-0.03757578901504688,0.34167238998889143,5,4107,-0.013737477027638209
Post_4109,YouTube,#Fashion,Reel,India,-1.3369278389939043,0.025038739749010434,-0.36301815035764246,1.7068876862833409,High,0.007995109170201131,0.0,8,4108,-0.013746022892041097
Post_4110,TikTok,#Tech,Reel,USA,1.5202198771743058,-1.4371068523456372,-1.548045840490885,-1.5443728027243027,High,-0.7523264045966298,0.9243461505639704,5,4109,-0.013754568756443986
Post_4111,YouTube,#Education,Post,Australia,-0.37387311921912325,0.38887250328683204,0.36772770728440646,-0.21230677783392365,Low,0.0426050783795479,0.0,10,4110,-0.013763114620846867
Post_4112,YouTube,#Comedy,Video,USA,1.152022215385567,1.6999530197791897,-0.14566615945808398,0.6544533077407055,High,0.8401905958618445,0.766407965380812,7,4111,-0.013771660485249755
Post_4113,YouTube,#Dance,Shorts,Japan,-1.36237215051657,-1.2594508869909353,0.6860656239858018,0.9198023161678335,High,-0.25398877433846756,0.0,6,4112,-0.013780206349652636
Post_4114,Instagram,#Music,Live Stream,Brazil,0.37555751455160213,-0.16389652954444262,-1.023400730907781,-1.0269772427568948,Low,-0.4596792471643791,0.31885911406820033,6,4113,-0.013788752214055525
Post_4115,YouTube,#Comedy,Live Stream,Japan,-1.5619070280422906,-1.5154176462152338,-1.5792190087281812,0.6185366741462156,High,-1.0095017522098724,0.0,7,4114,-0.013797298078458413
Post_4116,Twitter,#Fitness,Post,India,1.1426008580892961,0.7508286922746527,0.3942214595390622,-0.07564153655430524,Low,0.5530023683371765,0.7620204453359708,8,4115,-0.013805843942861294
Post_4117,TikTok,#Fitness,Video,Japan,-1.1822144743599636,0.37497429462520143,0.08582730180077772,-1.0248068418964091,Medium,-0.43655492995759837,0.0,8,4116,-0.013814389807264182
Post_4118,Twitter,#Tech,Video,Germany,-1.4717733708074159,-0.26263200892475064,-0.6349403894076996,-0.23051013988961053,Medium,-0.6499639772573691,0.0,5,4117,-0.013822935671667064
Post_4119,YouTube,#Music,Shorts,Japan,1.6053040048494875,-0.9071042769730456,0.11108238511885211,1.1892820875229828,Low,0.4996410501295692,0.957549368914392,6,4118,-0.013831481536069952
Post_4120,YouTube,#Fashion,Shorts,UK,0.21536086378159622,0.3755216318556445,0.5737252329319696,-0.8557956265024549,Medium,0.0772030255166889,0.19504103992224772,8,4119,-0.013840027400472833
Post_4121,Twitter,#Music,Reel,Brazil,1.1928549493973124,1.3183758303278905,1.4973937774465569,0.3425457002096091,Low,1.087792564345342,0.7852043247025513,6,4120,-0.013848573264875721
Post_4122,YouTube,#Fitness,Shorts,USA,1.1192280254455762,-0.08078441034956683,-0.8691864483034087,0.754851850770917,Medium,0.23102725439087943,0.7510518834284721,8,4121,-0.01385711912927861
Post_4123,Twitter,#Gaming,Video,Canada,-0.8751634702899997,-0.25045202346754897,-0.4071973424290424,-0.3874791311544182,Medium,-0.48007299183525226,0.0,7,4122,-0.013865664993681491
Post_4124,YouTube,#Education,Post,India,-0.4956168726120443,-1.5573409067394246,-0.624205258623995,1.4913878847164017,High,-0.29644378831476553,0.0,10,4123,-0.01387421085808438
Post_4125,Instagram,#Fitness,Reel,Canada,0.5889225800408573,-0.7849372214742757,-1.273508633685823,-0.8962631006108664,Low,-0.591446593932527,0.46305616392635446,8,4124,-0.01388275672248726
Post_4126,Twitter,#Fashion,Tweet,USA,-0.3205491551431024,1.5973723231470347,-0.6732703115007989,1.6926750612937085,High,0.5740569794492105,0.0,8,4125,-0.013891302586890149
Post_4127,YouTube,#Music,Reel,Japan,0.4135266328719434,0.8854459376861595,0.2208766233586006,0.28961592438615036,Low,0.4523662795757135,0.3460877397652618,6,4126,-0.013899848451293037
Post_4128,YouTube,#Challenge,Video,Germany,-0.04881470745487612,1.1367915078888693,0.9517601108824918,-1.4077075614446843,Medium,0.15800733746795015,0.0,10,4127,-0.013908394315695918
Post_4129,YouTube,#Viral,Shorts,Australia,-1.4086052566900664,-0.8629015993752375,0.26061725174058414,1.2917110055517131,Medium,-0.17979464969325165,0.0,6,4128,-0.013916940180098807
Post_4130,TikTok,#Dance,Post,Germany,0.7615117863933099,1.7053086106542845,-0.389443087671377,1.6447862165010552,High,0.9305408814693181,0.5661724098884985,6,4129,-0.013925486044501688
Post_4131,TikTok,#Fitness,Reel,Brazil,-1.0825923063620178,0.7645675495907112,1.2541673687606334,1.5872355872326913,Low,0.6308445498055045,0.0,8,4130,-0.013934031908904576
Post_4132,Instagram,#Dance,Post,India,-1.4614776479638294,-1.7335419250258601,-0.28948938598335777,-0.10112624343226687,High,-0.8964088006013287,0.0,6,4131,-0.013942577773307464
Post_4133,YouTube,#Dance,Tweet,USA,-0.20234671926470083,-0.09137088235104818,-1.2229984670496743,-1.4886425096615075,High,-0.7513396445817326,0.0,6,4132,-0.013951123637710346
Post_4134,Instagram,#Fitness,Tweet,Australia,-0.001766166327378697,-1.3410387759238176,-1.3646540229359307,0.9116808161737577,Low,-0.4489445372533423,0.0,8,4133,-0.013959669502113234
Post_4135,Twitter,#Music,Reel,India,0.5424640300859607,0.09567295575365856,-0.9031466216480128,1.65206756132333,Low,0.34676448137873406,0.4333811572943645,6,4134,-0.013968215366516115
Post_4136,Twitter,#Dance,Video,Germany,-0.16048201463049672,0.9727635467402626,-0.36835130827903423,-0.8278604670400739,High,-0.09598256080233557,0.0,6,4135,-0.013976761230919003
Post_4137,YouTube,#Fashion,Reel,Australia,1.3408769507322433,0.2533615046762472,0.6265062926185174,-1.415689035576793,High,0.20126392811255378,0.8505256244328359,8,4136,-0.013985307095321885
Post_4138,Instagram,#Comedy,Tweet,Canada,-1.6997285548181782,1.6242819155905908,-0.3921612778377637,0.2954970105887569,High,-0.04302772661914857,0.0,7,4137,-0.013993852959724773
Post_4139,Instagram,#Education,Tweet,Germany,-0.4213362302181927,1.1981487042534757,-0.14291356182123666,-0.8744190661440422,Low,-0.060130038482498954,0.0,10,4138,-0.014002398824127661
Post_4140,Instagram,#Fitness,Video,Germany,0.5270653290050239,1.541668635390549,-1.2301208134350168,0.5974627819202089,Medium,0.3590189832201913,0.4233478079048595,8,4139,-0.014010944688530542
Post_4141,YouTube,#Tech,Post,Australia,0.47512075195623354,-0.26065743790353196,0.9873374353387437,-1.3764117812950996,High,-0.04365275797591356,0.3887398521740066,5,4140,-0.01401949055293343
Post_4142,TikTok,#Gaming,Shorts,USA,-1.2963109554111591,-0.9047832899831921,-0.9285737423183902,1.0092088290336496,Medium,-0.5301147896697729,0.0,7,4141,-0.014028036417336312
Post_4143,YouTube,#Tech,Shorts,USA,1.3596367513504708,0.21139667423582015,0.48412817985258855,-1.1119029280397725,Low,0.23581466934977674,0.8585076882714942,5,4142,-0.0140365822817392
Post_4144,Twitter,#Education,Live Stream,Japan,1.3417444638849876,1.5997625933306152,0.41744650209996165,0.4124186053310534,Low,0.9428430411616544,0.8508961490112104,10,4143,-0.014045128146142088
Post_4145,Instagram,#Challenge,Reel,India,-1.4494633445617262,1.4642515947200305,0.827411512637913,-0.5629315361988464,High,0.06981705664934273,0.0,10,4144,-0.01405367401054497
Post_4146,Twitter,#Tech,Live Stream,Canada,0.39219238761322645,0.5006124381296927,-1.6951033692394544,-0.6733419283596856,Low,-0.36891011796405526,0.33087976185443635,5,4145,-0.014062219874947858
Post_4147,Twitter,#Education,Live Stream,India,1.623715703823486,-0.6218237984828652,1.0710852184398243,1.680492811302595,Low,0.9383674837707601,0.9645915206326805,10,4146,-0.01407076573935074
Post_4148,TikTok,#Comedy,Video,Japan,-1.0376878794959234,-1.4438273221371536,1.635883846050439,-0.7402042774488432,Medium,-0.39645890825787033,0.0,7,4147,-0.014079311603753628
Post_4149,TikTok,#Dance,Tweet,UK,0.5556912073272086,-1.5170873711840538,0.20456748236028008,0.500914950094085,Low,-0.06397843285062002,0.4419199531872779,6,4148,-0.014087857468156509
Post_4150,YouTube,#Challenge,Shorts,Brazil,1.6185469425982497,-1.697535449245953,1.579902891611056,-0.19438346750217042,Medium,0.3266327293652956,0.9626195618626595,10,4149,-0.014096403332559397
Post_4151,TikTok,#Comedy,Live Stream,Australia,0.6978694865716167,-1.4781917862257317,-0.9571319428006814,-0.1721193554494457,Low,-0.4773933994760605,0.5293742219030135,7,4150,-0.014104949196962285
Post_4152,YouTube,#Dance,Video,Brazil,-0.47020956402006425,-0.2632555576682934,1.3916252132506977,1.2929012253784313,High,0.48776532923519283,0.0,6,4151,-0.014113495061365167
Post_4153,TikTok,#Challenge,Shorts,India,-1.416162077423449,0.6686241829176002,1.2413677897492932,0.14426907966458896,Medium,0.15952474372700837,0.0,10,4152,-0.014122040925768055
Post_4154,YouTube,#Tech,Reel,Brazil,1.3051259525346768,0.48886893679297094,0.9012843517168037,-1.1977387814254346,High,0.3743851149047542,0.8351353181378,5,4153,-0.014130586790170936
Post_4155,Instagram,#Fashion,Video,India,-1.068185146775568,0.23198071109210358,-0.4716769420721914,0.04198018749782537,Medium,-0.31647529756445764,0.0,8,4154,-0.014139132654573824
Post_4156,YouTube,#Tech,Live Stream,Canada,-1.6293023843707608,-1.1723064859211496,-0.9771570906087458,-0.5114720319260392,Low,-1.072559498206674,0.0,5,4155,-0.014147678518976713
Post_4157,YouTube,#Music,Tweet,Japan,-1.330781241063324,0.3351710998290559,1.3775869653027761,-0.05722813570566812,Low,0.08118717209071,0.0,6,4156,-0.014156224383379594
Post_4158,TikTok,#Dance,Tweet,Brazil,-1.5737027400575652,1.532426257347371,-1.4963314123886156,0.5211486871482908,Low,-0.2541148019876297,0.0,6,4157,-0.014164770247782482
Post_4159,YouTube,#Dance,Video,Canada,0.1667609405231251,-1.418719092730499,0.7812710947502595,0.6751771353117951,Low,0.05112251946367022,0.15423148272529486,6,4158,-0.014173316112185363
Post_4160,Instagram,#Dance,Reel,UK,1.2761410087369487,0.8041005399313215,1.3552909244443128,-0.9793684496881754,Medium,0.6140410058561019,0.8224814689745665,6,4159,-0.014181861976588252
Post_4161,TikTok,#Fitness,Video,Brazil,1.523783122351454,-0.8725111783451684,0.8696638863635198,0.953268497177904,High,0.6185510818869273,0.9257590148188984,8,4160,-0.01419040784099114
Post_4162,Instagram,#Dance,Video,USA,0.046116311219462816,1.4569768593786983,0.3262322979089327,-0.219518109725215,High,0.4024518396954697,0.0450845556554077,6,4161,-0.014198953705394021
Post_4163,YouTube,#Comedy,Live Stream,Canada,-0.5050861966703153,-0.0189214466707534,-0.28126600054327633,-1.2525589063854454,Low,-0.5144581375674476,0.0,7,4162,-0.01420749956979691
Post_4164,Twitter,#Comedy,Tweet,Australia,1.607540626437605,-1.402583036911487,-0.012027544189145395,-0.8200890317009152,High,-0.1567897465909856,0.958407488380275,7,4163,-0.01421604543419979
Post_4165,Instagram,#Tech,Post,UK,0.5840902713890788,0.9023648935942861,0.4251881829535948,-0.3390301829138977,Medium,0.3931532912557655,0.4600102812817008,5,4164,-0.014224591298602679
Post_4166,Instagram,#Gaming,Reel,India,-0.9775553761737211,-1.3311382075402334,1.172174366653043,1.7495955741832216,High,0.1532690892805776,0.0,7,4165,-0.01423313716300556
Post_4167,YouTube,#Challenge,Video,UK,0.26274037556689417,-0.23945678062307846,-0.8468904074449451,-0.881210320449433,High,-0.4262042832376406,0.23328426053289578,10,4166,-0.014241683027408449
Post_4168,TikTok,#Fitness,Video,Brazil,-0.48056558793587945,1.6622006075173625,0.7822000964526954,0.4327223553162426,Medium,0.5991393678376052,0.0,8,4167,-0.014250228891811337
Post_4169,Instagram,#Comedy,Live Stream,Brazil,-1.0745188150779488,-0.8076136107811137,-1.0706421878501737,-0.2524241872874182,High,-0.8012997002491635,0.0,7,4168,-0.014258774756214218
Post_4170,TikTok,#Music,Reel,Canada,0.20390845673435087,0.7055867667709398,1.0377443795635108,-0.3542229889372979,High,0.3982541535328759,0.1855733113833383,6,4169,-0.014267320620617106
Post_4171,TikTok,#Challenge,Live Stream,Brazil,1.1664698040999881,0.3887270085800054,1.461059488640172,0.016915558205764212,Low,0.7582929648814825,0.7730990244593348,10,4170,-0.014275866485019988
Post_4172,YouTube,#Challenge,Reel,Canada,-0.31199668147848986,-1.0961088294602257,0.45883868906405356,-1.4329122165987123,Low,-0.5955447596183435,0.0,10,4171,-0.014284412349422876
Post_4173,YouTube,#Dance,Post,Germany,1.0543015868811954,0.10841413508004873,-0.30301152187437036,-0.8749791695919095,Low,-0.0038187423762589268,0.7199359297841191,6,4172,-0.014292958213825764
Post_4174,Twitter,#Fitness,Shorts,UK,1.3649377637909357,-0.9536210132413347,-0.21141883550827495,1.744064552635532,High,0.4859906169192145,0.8607517060758337,8,4173,-0.014301504078228645
Post_4175,Twitter,#Comedy,Tweet,USA,1.3022637073221868,0.34176685987186367,0.47776279781737907,-0.9080952859470629,High,0.30342451976609164,0.833892859482465,7,4174,-0.014310049942631534
Post_4176,Instagram,#Viral,Reel,India,1.3212763613001004,-0.8041771643722558,-0.2251474162220511,0.6644651568713332,Low,0.2391042343942817,0.8421171901308379,6,4175,-0.014318595807034415
Post_4177,TikTok,#Comedy,Tweet,Brazil,1.1310244227003077,-1.0294098988592697,-0.2956483231958037,-0.5739935792942253,Medium,-0.19200684466224777,0.7566028137266905,7,4176,-0.014327141671437303
Post_4178,YouTube,#Challenge,Post,Brazil,0.4796118113583544,1.1218886929181975,1.227983283740123,0.5348712216210394,Low,0.8410887524094286,0.3917797637493511,10,4177,-0.014335687535840184
Post_4179,Instagram,#Viral,Tweet,USA,-0.5779805996423648,0.32368394630912395,-1.6877745780313484,0.4993746656124499,Medium,-0.3606741414380349,0.0,6,4178,-0.014344233400243073
Post_4180,TikTok,#Music,Video,USA,-0.9582343644400928,0.952934696695603,-0.39081938648980064,-0.8188988118741972,High,-0.3037544665271219,0.0,6,4179,-0.014352779264645961
Post_4181,YouTube,#Gaming,Post,Canada,-0.6976172417045685,1.4017165840620653,1.6841231196361888,0.33078352780439607,High,0.6797514974495205,0.0,7,4180,-0.014361325129048842
Post_4182,Twitter,#Fashion,Post,Brazil,-0.8607515140273502,0.4424491969958996,-0.7362703899141425,0.14412905380262214,Low,-0.25261091328574276,0.0,8,4181,-0.01436987099345173
Post_4183,TikTok,#Dance,Live Stream,India,-0.1604600869678681,-0.7325383420585666,-0.266539603186143,-1.3519072554509057,Medium,-0.6278613219158709,0.0,6,4182,-0.014378416857854612
Post_4184,Instagram,#Viral,Post,India,0.8001627179735092,1.0238460454751592,0.7049897327391274,-1.0151450574206984,Medium,0.37846335969177436,0.5878770596905588,6,4183,-0.0143869627222575
Post_4185,TikTok,#Fashion,Reel,Japan,0.4085737220757076,0.6975914862148472,1.4812566738005393,-0.4054724544171548,High,0.5454873569184849,0.3425776478063791,8,4184,-0.014395508586660388
Post_4186,TikTok,#Tech,Post,India,-0.91826229118652,0.6403081416413866,0.6466346628379637,0.15442095465718356,High,0.13077536698750344,0.0,5,4185,-0.01440405445106327
Post_4187,TikTok,#Dance,Live Stream,Japan,0.061325200970770787,0.6142992307162813,-1.238791495991086,1.119479195332522,Medium,0.13907803275712205,0.05951831688275859,6,4186,-0.014412600315466158
Post_4188,Twitter,#Tech,Live Stream,USA,0.0987214591049398,0.05535706532393345,-0.8394239863549968,-1.0953098633967042,Medium,-0.4451638313307069,0.09414719389369774,5,4187,-0.014421146179869039
Post_4189,Instagram,#Education,Tweet,USA,-1.496437879827852,1.284731911454073,1.0207814966264392,1.1642174582309217,Medium,0.4933232466208955,0.0,10,4188,-0.014429692044271927
Post_4190,YouTube,#Fitness,Live Stream,Canada,1.3630684305518472,0.8334350441553215,0.313398311427132,-0.7413944972755612,Medium,0.4421268222146848,0.859960956969485,8,4189,-0.014438237908674809
Post_4191,TikTok,#Education,Video,Brazil,-0.3328122004681489,0.8810048849682606,-0.10306971102787134,-1.2299447296778037,Low,-0.19620543905139082,0.0,10,4190,-0.014446783773077697
Post_4192,Instagram,#Viral,Video,Japan,0.6328258720600644,-0.9192357641946385,-1.3504437376357064,-1.6696959491846084,Medium,-0.8266373947387222,0.4903121775986844,6,4191,-0.014455329637480585
Post_4193,TikTok,#Gaming,Shorts,USA,1.0035123235571497,-0.8606845371759744,1.0395335680274618,0.31342032092051014,Low,0.3739454188322868,0.6949018020894446,7,4192,-0.014463875501883466
Post_4194,YouTube,#Fashion,Shorts,USA,-1.3358595506802171,0.10265670168133734,-0.6203172144619481,-0.31410557948380335,High,-0.5419064107361578,0.0,8,4193,-0.014472421366286355
Post_4195,Instagram,#Challenge,Reel,Brazil,0.3981128565229494,0.21407100551368127,-1.0273231825402886,1.2750479279776614,Low,0.21497715186850086,0.33512336767993267,10,4194,-0.014480967230689236
Post_4196,Twitter,#Tech,Live Stream,Canada,-0.20584007001722024,0.5746553872657079,-1.3042345048071315,0.005993540972352084,Medium,-0.23235641164657297,0.0,5,4195,-0.014489513095092124
Post_4197,Twitter,#Fitness,Live Stream,Australia,-0.4899595356538646,-1.2955751442001786,-1.115371899448943,-1.1924177986706952,Low,-1.0233310944934204,0.0,8,4196,-0.014498058959495012
Post_4198,TikTok,#Viral,Live Stream,UK,1.350968472217601,-0.3070078945068763,0.7235353593173863,-1.6038837940602022,High,0.04090303574197718,0.8548273590969369,6,4197,-0.014506604823897894
Post_4199,Twitter,#Fitness,Reel,Australia,0.30464962076581265,1.605720947991135,1.665887160292075,-0.20957627352557062,Low,0.8416703638808631,0.26593451489018194,8,4198,-0.014515150688300782
Post_4200,Twitter,#Fitness,Reel,Australia,-0.2554096071075499,0.5442539218583125,-1.2972497883036314,-0.2479433597044799,High,-0.3140872083143371,0.0,8,4199,-0.014523696552703663
Post_4201,Twitter,#Tech,Shorts,India,1.3243338997578762,-0.6452969445175634,0.5773036098598712,1.1650576134027226,Low,0.6053495446257267,0.8434335032640699,5,4200,-0.014532242417106551
Post_4202,YouTube,#Education,Live Stream,India,0.34758946610827546,1.3063136263000248,0.8932330036290251,-0.11792934686828552,High,0.60730168729226,0.29831741574045423,10,4201,-0.01454078828150944
Post_4203,Twitter,#Music,Post,Germany,-0.5965026221689634,-0.47228295314256835,-1.335373265573967,-1.2655112986173764,Low,-0.9174175348757188,0.0,6,4202,-0.014549334145912321
Post_4204,YouTube,#Fitness,Shorts,Canada,-1.6413351892382069,-0.7587273892873622,-1.6436986083713303,-1.647501850062867,Medium,-1.4228157592399417,0.0,8,4203,-0.01455788001031521
Post_4205,Instagram,#Viral,Live Stream,Canada,-1.0938384563326629,-1.5232743603838725,1.2453934637931825,0.4600974113307563,Low,-0.22790548539814914,0.0,6,4204,-0.01456642587471809
Post_4206,Twitter,#Viral,Tweet,UK,-0.7016265777683173,-1.6680208087182626,-1.4118610724078626,-1.165952910758966,High,-1.2368653424133522,0.0,6,4205,-0.014574971739120979
Post_4207,Twitter,#Viral,Video,Brazil,1.0031751857442348,0.43014450178998936,-1.4252799858874934,-1.0475610444660177,High,-0.2598803357048217,0.6947335145387296,6,4206,-0.01458351760352386
Post_4208,Instagram,#Music,Video,Brazil,1.2560963841365764,0.9642001439956087,0.5025361765490052,-1.708623138811385,Low,0.2535523914674514,0.8136360561879857,6,4207,-0.014592063467926748
Post_4209,Instagram,#Dance,Live Stream,Japan,-0.0041083147918964105,0.5517642200583163,-0.7394358771965169,-1.1444589409470587,High,-0.334059728219289,0.0,6,4208,-0.014600609332329637
Post_4210,Twitter,#Dance,Reel,UK,-1.6079941782114153,0.8976605647402247,-1.2033518014166762,-0.5578906051680408,High,-0.617894005013977,0.0,6,4209,-0.014609155196732518
Post_4211,TikTok,#Challenge,Shorts,Brazil,-1.2613096091797078,-0.33546943048991645,-0.7304555274063025,-0.2361111743682834,Low,-0.6408364353610525,0.0,10,4210,-0.014617701061135406
Post_4212,Twitter,#Fitness,Shorts,Germany,-0.03357155573071096,0.6079182485740272,-0.2890420888673701,1.6923249966387914,High,0.4944074001536844,0.0,8,4211,-0.014626246925538287
Post_4213,TikTok,#Fitness,Live Stream,Japan,0.8681912355603802,-1.724077840762756,0.4038211437975673,1.3609537942943069,High,0.2272220832223746,0.6249707090637312,8,4212,-0.014634792789941176
Post_4214,TikTok,#Music,Tweet,USA,1.0480337015667005,1.1983773387927747,0.3263699277907751,0.33253385107898137,Medium,0.7263287048073078,0.7168801628849809,6,4213,-0.014643338654344064
Post_4215,Twitter,#Fitness,Shorts,Australia,-0.754054248634394,-1.6931221098055447,-1.218800755653482,-1.657023608676611,Low,-1.330750180692508,0.0,8,4214,-0.014651884518746945
Post_4216,TikTok,#Viral,Shorts,India,-1.0679480539233963,-0.7008135676509861,-0.7205805833841127,-0.36668529065234506,High,-0.7140068739027101,0.0,6,4215,-0.014660430383149833
Post_4217,Instagram,#Comedy,Live Stream,Japan,1.4063906395113963,1.2326794480069987,0.6071004792787437,-0.717520087810218,Low,0.6321626197467302,0.8781279649351152,7,4216,-0.014668976247552715
Post_4218,Instagram,#Tech,Post,Japan,1.3734683097929197,1.2768890539241797,-0.059957150540749786,-0.723471186943808,Low,0.46673225655813544,0.8643523072423762,5,4217,-0.014677522111955603
Post_4219,Twitter,#Fashion,Live Stream,Brazil,-1.4486239262267249,-0.25349355567216303,-0.49314720363960074,-0.5077613465839185,High,-0.6757565080306017,0.0,8,4218,-0.014686067976358484
Post_4220,TikTok,#Tech,Video,Brazil,0.7203617865129067,0.17661651098488013,-1.591640105564455,0.20048946324426806,Low,-0.12354308620559998,0.542534609702672,5,4219,-0.014694613840761372
Post_4221,TikTok,#Comedy,Reel,Brazil,1.1883111265569914,1.1787216967324328,-1.5956313721378836,-0.8351418118623486,Medium,-0.015935090177702005,0.7831300712318054,7,4220,-0.01470315970516426
Post_4222,YouTube,#Music,Live Stream,Canada,-0.05004128608316363,0.03130194046192872,-0.06140226430009464,0.920572458408651,Medium,0.21010771212183035,0.0,6,4221,-0.014711705569567142
Post_4223,Instagram,#Challenge,Tweet,India,0.5373014360158388,-1.0310519105505989,0.22617537380953173,1.0321730703962084,Low,0.19114949241774504,0.43002856505153286,10,4222,-0.01472025143397003
Post_4224,Instagram,#Dance,Live Stream,UK,-1.1720982842541487,-0.7743853910696579,-1.0830632846864472,0.9282038678858427,Medium,-0.5253357730311028,0.0,6,4223,-0.014728797298372912
Post_4225,TikTok,#Gaming,Shorts,Japan,-1.499662616713171,1.0925126187779615,-0.0646021590529297,1.4061821477095904,High,0.23360749768036276,0.0,7,4224,-0.0147373431627758
Post_4226,Twitter,#Fitness,Shorts,India,-1.4836595344310333,-0.7211966832454613,-0.28030259137037977,-0.07501142017545454,Medium,-0.6400425573055821,0.0,8,4225,-0.014745889027178688
Post_4227,Twitter,#Challenge,Shorts,Canada,1.6326820621202134,-0.26365047187253715,-1.2715818153400298,1.672511337170486,Low,0.4424902780195331,0.9680031220344836,10,4226,-0.01475443489158157
Post_4228,Twitter,#Viral,Tweet,USA,-1.0213257317382425,1.642669675205729,0.26605363207335764,0.5876609715825314,High,0.3687646367808439,0.0,6,4227,-0.014762980755984458
Post_4229,TikTok,#Education,Shorts,UK,1.617157276979162,-0.3748777110818182,0.1642075195100059,1.6645298630383771,Low,0.7677542371114316,0.9620887199382725,10,4228,-0.014771526620387339
Post_4230,YouTube,#Fashion,Reel,USA,1.3153044994310916,-1.039054119426064,1.407521464603491,0.7258664973437848,High,0.6024095854880759,0.8395412121200334,8,4229,-0.014780072484790227
Post_4231,TikTok,#Music,Video,Germany,0.36036918198400847,-0.5576052062173347,-0.2579377355709951,0.46989922166843384,Low,0.0036813654660281386,0.30775612025126575,6,4230,-0.014788618349193115
Post_4232,Instagram,#Music,Shorts,UK,-0.9640191559373013,-1.0020222523789974,-0.2251130087515905,0.24361742873004927,Low,-0.48688424708446,0.0,6,4231,-0.014797164213595997
Post_4233,TikTok,#Fashion,Shorts,Canada,0.9643152561296067,1.4685956509667115,-0.06546234581444449,0.8339664627821715,Low,0.8003537560160113,0.6751437144283384,8,4232,-0.014805710077998885
Post_4234,TikTok,#Education,Live Stream,Japan,-1.125272445950223,0.7451336137502955,0.659331019437922,-0.8382923937566021,Medium,-0.1397750516296519,0.0,10,4233,-0.014814255942401766
Post_4235,Twitter,#Comedy,Shorts,Canada,-1.651938584598051,-0.7043054406148255,-1.63437418387651,-1.0264171393090276,Low,-1.2542588370996035,0.0,7,4234,-0.014822801806804654
Post_4236,YouTube,#Fashion,Video,UK,-1.1238169973432495,-0.7103400067884448,0.7968232713984469,1.0112392040321685,Low,-0.006523632175269745,0.0,8,4235,-0.014831347671207536
Post_4237,Instagram,#Dance,Video,Brazil,-0.8228694211180662,-0.2610662087465211,-0.1300451678689753,0.6259580448304571,Medium,-0.14700568822577637,0.0,6,4236,-0.014839893535610424
Post_4238,Twitter,#Education,Shorts,USA,-0.9745978826766881,-1.170401198093658,-0.761181398527611,0.012924821139709781,Low,-0.7233139145395618,0.0,10,4237,-0.014848439400013312
Post_4239,Instagram,#Viral,Shorts,India,-0.6292851630381828,0.010911896548080814,-1.182879356492624,0.714664428386439,High,-0.2716470486490718,0.0,6,4238,-0.014856985264416193
Post_4240,TikTok,#Fitness,Shorts,Australia,1.3657751264075655,0.4033041925401603,1.3940337361829391,1.2004141435493452,Low,1.0908817996700026,0.8611057172554637,8,4239,-0.014865531128819082
Post_4241,YouTube,#Dance,Video,Canada,-1.435729775361649,-0.4584055294390559,1.3832986053992344,-1.6430910354109123,Low,-0.5384819337030957,0.0,6,4240,-0.014874076993221963
Post_4242,TikTok,#Tech,Live Stream,Canada,-1.544746576317037,-0.1321786834562348,-0.04667586694296135,-0.28988110536354317,High,-0.5033705580199441,0.0,5,4241,-0.014882622857624851
Post_4243,Instagram,#Gaming,Tweet,Australia,-1.0049944197561327,-0.6999960259650079,0.2640579987866433,1.4659731907694233,Low,0.006260185958731568,0.0,7,4242,-0.01489116872202774
Post_4244,Twitter,#Dance,Post,USA,1.4445290119776522,0.7284710056589587,0.0140533184199832,-0.47660559229630045,Low,0.42761193594007346,0.8938524712327148,6,4243,-0.01489971458643062
Post_4245,TikTok,#Comedy,Post,Canada,-1.2835339804932546,-0.7269818299216635,1.1667379863202696,0.22968485546435047,Low,-0.1535232421575745,0.0,7,4244,-0.014908260450833509
Post_4246,Instagram,#Fitness,Tweet,Brazil,-1.1252059777228802,0.7217643925061878,1.1130279249312858,0.5574153853976977,Low,0.3167504312780728,0.0,8,4245,-0.01491680631523639
Post_4247,YouTube,#Viral,Live Stream,India,1.2227245373342133,1.2263192508228626,-1.6498919530542369,0.2369662002866252,High,0.25902950884736614,0.798733712474569,6,4246,-0.014925352179639279
Post_4248,Twitter,#Education,Tweet,India,0.9280290859160106,0.34873674916079705,-1.52217142270452,0.34121545452092433,Medium,0.023952466723302993,0.6564982821305826,10,4247,-0.01493389804404216
Post_4249,TikTok,#Education,Post,Canada,0.05511967244687599,-0.8740284802877892,1.528154056038326,1.6562683371823346,Low,0.5913783963449368,0.05365419409386021,10,4248,-0.014942443908445048
Post_4250,YouTube,#Gaming,Shorts,Japan,0.5407002237232724,-1.4573929714688947,-1.4384580470739001,0.8976782299770756,Medium,-0.3643681412106117,0.4322370038144299,7,4249,-0.014950989772847936
Post_4251,YouTube,#Challenge,Post,Japan,-1.1972212184714142,-1.4248367987365904,-1.4754460778190364,-0.6236327473614638,Low,-1.1802842105971263,0.0,10,4250,-0.014959535637250818
Post_4252,Instagram,#Fitness,Live Stream,Australia,-0.38959593856328917,1.3410106497184924,1.4633647891610315,0.16954374774960035,Low,0.6460808120164588,0.0,8,4251,-0.014968081501653706
Post_4253,YouTube,#Dance,Reel,Germany,-0.5402643346817096,0.6187056418373167,-1.2736118560972047,1.1756295659812177,High,-0.004885245740094968,0.0,6,4252,-0.014976627366056587
Post_4254,Instagram,#Gaming,Tweet,Australia,0.9850780116810656,-0.6751926426107518,-1.1527728198396063,0.41591925188022394,High,-0.10674204972226717,0.6856582139619009,7,4253,-0.014985173230459475
Post_4255,Twitter,#Dance,Video,Germany,0.6533460528436944,-1.4377165444504345,0.04536411653912175,0.37552179070279573,Low,-0.09087114609120565,0.502801145291368,6,4254,-0.014993719094862364
Post_4256,TikTok,#Fashion,Video,Canada,0.19833197803211414,-1.2998568455725055,1.1006756430359332,-0.5899565275584431,High,-0.14770143801572527,0.18093057151576072,8,4255,-0.015002264959265245
Post_4257,TikTok,#Gaming,Tweet,Germany,1.3728152765902615,0.5429098279000092,-1.2446407659693866,0.705982824944496,Low,0.34426679086634504,0.8640771305931543,7,4256,-0.015010810823668133
Post_4258,Twitter,#Dance,Shorts,Germany,1.0210798075199468,-0.6225651286557438,0.6153582721892857,0.12466545898923385,Low,0.2846346025106806,0.7036319267659786,6,4257,-0.015019356688071014
Post_4259,Twitter,#Education,Video,Japan,0.4429419070487579,1.3318514115077866,0.4922483428812882,-0.19312323474446902,High,0.5184796066733409,0.36668402052587123,10,4258,-0.015027902552473903
Post_4260,TikTok,#Gaming,Shorts,Brazil,0.30120355153583617,-1.1359466658532347,0.01463824541781326,-0.43725832508362344,Low,-0.31434079849580215,0.26328964504450275,7,4259,-0.015036448416876791
Post_4261,Instagram,#Fashion,Live Stream,USA,-0.7760243961093404,-0.5674780613234283,-1.7081438005440188,-0.17758036406615177,Medium,-0.8073066555107348,0.0,8,4260,-0.015044994281279672
Post_4262,Twitter,#Comedy,Live Stream,Canada,1.1625118609955252,0.13802577207895664,-0.20539752817767137,-0.36920575616774787,High,0.18148358718226562,0.7712704446622777,7,4261,-0.01505354014568256
Post_4263,YouTube,#Fitness,Live Stream,Germany,0.9338296379207335,-0.3849653440884654,-0.12626034611831022,-0.8119675317068396,Low,-0.09734089599822042,0.6595023052094223,8,4262,-0.015062086010085442
Post_4264,TikTok,#Gaming,Live Stream,Canada,-1.549057417741929,0.26745370628031334,-1.0227125814985694,-0.7773811438010344,Low,-0.7704243591903048,0.0,7,4263,-0.01507063187448833
Post_4265,TikTok,#Education,Live Stream,Japan,1.0057468894268957,0.01360701278406003,0.5908601532213443,-1.1938880702213468,Medium,0.10408149630273833,0.6960165048225039,10,4264,-0.015079177738891211
Post_4266,Instagram,#Gaming,Live Stream,India,1.6666411591373487,0.08722040611896795,1.4212844527877277,-1.670256052632476,High,0.3762224913528921,0.980819687642484,7,4265,-0.0150877236032941
Post_4267,Instagram,#Dance,Tweet,Japan,0.8206664530101678,1.3631327734755145,-0.6047650378137606,1.0972850962107807,Low,0.6690798212206757,0.5992026170327016,6,4266,-0.015096269467696988
Post_4268,Twitter,#Music,Video,USA,0.32676572424513073,-0.8297149495800178,0.3344212758785536,0.5597258121201503,Low,0.0977994656659542,0.2827441943572613,6,4267,-0.015104815332099869
Post_4269,Instagram,#Fitness,Video,Canada,0.5162474536950937,0.9477730987629437,-1.523616536463865,0.029587898713761617,Medium,-0.0075020213230164836,0.41623850193099876,8,4268,-0.015113361196502757
Post_4270,Twitter,#Dance,Live Stream,Germany,0.7176016419795312,0.2598602682478372,1.3716344729130938,0.6002632991595453,High,0.737339920575002,0.5409289235551556,6,4269,-0.015121907060905639
Post_4271,Twitter,#Fitness,Post,India,-1.5004903859774008,0.28579989597921557,0.24028243669837437,1.0824423548422977,Low,0.027008575385621708,0.0,8,4270,-0.015130452925308527
Post_4272,YouTube,#Viral,Reel,UK,1.041676735122777,-0.8301999319361066,-1.0629005069965405,0.9215526394424187,High,0.01753223390813713,0.7137713992392283,6,4271,-0.015138998789711415
Post_4273,YouTube,#Fitness,Live Stream,UK,1.078187663878316,0.4307056956591778,-0.30170403799686785,0.6404507215440233,High,0.46191001077116234,0.7314961984541662,8,4272,-0.015147544654114296
Post_4274,Twitter,#Challenge,Shorts,Canada,0.11923684321236983,-1.4412084174142739,0.7436637295368326,-0.04210534261325133,High,-0.15510329681958068,0.1126470630663805,10,4273,-0.015156090518517185
Post_4275,Twitter,#Challenge,Tweet,Germany,1.435535244102639,-0.5471850138807981,-0.006659978797293072,0.909510415313272,High,0.447800166684455,0.8901665451524229,10,4274,-0.015164636382920066
Post_4276,Instagram,#Education,Live Stream,Germany,-1.273680237099526,-0.6932478428960007,0.31769924523470594,0.29836754075907673,Medium,-0.33771532350043604,0.0,10,4275,-0.015173182247322954
Post_4277,TikTok,#Fitness,Video,Australia,-1.6837754950164119,-0.11144915189312471,-1.4891058435918914,-0.6425362387269847,Medium,-0.9817166823071031,0.0,8,4276,-0.015181728111725835
Post_4278,YouTube,#Fitness,Reel,Japan,-0.5115329294831248,-0.47283721869238415,-1.575365372036595,0.5824100017587756,Medium,-0.49433137961333207,0.0,8,4277,-0.015190273976128724
Post_4279,TikTok,#Music,Video,Australia,-1.689654164319249,-1.277603083747402,-1.280665387541626,-0.10343667015471943,Medium,-1.0878398264407492,0.0,6,4278,-0.015198819840531612
Post_4280,YouTube,#Dance,Post,Australia,-1.3207205553535377,0.5082959443140139,0.6160464215984975,-1.6407806086884598,Medium,-0.45928969953237153,0.0,6,4279,-0.015207365704934493
Post_4281,TikTok,#Music,Tweet,Japan,-1.079059211720984,-1.5066463938893992,-0.4156959876328085,-0.4769556569512175,Low,-0.8695893125486023,0.0,6,4280,-0.015215911569337381
Post_4282,TikTok,#Education,Shorts,Japan,1.348420066676483,-1.180765963875213,-0.10004185362733926,-1.2001192210788705,High,-0.28312674297623497,0.8537427900004122,10,4281,-0.015224457433740263
Post_4283,TikTok,#Fashion,Post,India,-1.5382936763491133,-1.0232090530207056,-1.4802287162130585,-0.6722917343949344,High,-1.178505794994453,0.0,8,4282,-0.015233003298143151
Post_4284,Instagram,#Fitness,Reel,Germany,-1.1730795471567788,-1.471339678366134,-0.18626697460158234,0.6812682603073519,Medium,-0.5373544849542858,0.0,8,4283,-0.01524154916254604
Post_4285,YouTube,#Gaming,Live Stream,Germany,-1.703681016006984,0.1782100244406005,-1.3086386610260872,-1.7129639405323565,Low,-1.1367683982812067,0.0,7,4284,-0.01525009502694892
Post_4286,TikTok,#Viral,Video,Canada,0.682933322124252,-0.8837974106032922,-1.4564875615952502,1.4115031304643295,Low,-0.061462129902490226,0.5205382959593401,6,4285,-0.015258640891351809
Post_4287,Instagram,#Fitness,Tweet,Canada,-0.543291037363914,-0.2224685415212249,-0.6253062976787339,-1.1112027987299384,Medium,-0.6255671688234528,0.0,8,4286,-0.01526718675575469
Post_4288,TikTok,#Music,Post,UK,-1.2538857249010114,1.5460473332340938,1.2534104044105003,1.2571946305768915,Medium,0.7006916608301186,0.0,6,4287,-0.015275732620157578
Post_4289,Twitter,#Education,Shorts,Canada,0.14081640419674427,-0.9658494969341453,0.8975683449070597,0.06396424782661646,Low,0.03412487499906877,0.1317441501298605,10,4288,-0.01528427848456046
Post_4290,YouTube,#Fitness,Post,UK,-1.3880439615390077,-1.015192987506495,1.5441879372729619,0.5156176656006013,High,-0.08585783654298479,0.0,8,4289,-0.015292824348963348
Post_4291,YouTube,#Challenge,Shorts,Japan,-0.17190632685999915,-1.112438878221673,-0.6263041143220911,0.9838641480176545,Low,-0.23169629284652718,0.0,10,4290,-0.015301370213366236
Post_4292,TikTok,#Music,Reel,Brazil,-1.6745288737817126,0.605839752762218,-1.5465663192610797,0.779216350753144,Medium,-0.45900977238185753,0.0,6,4291,-0.015309916077769117
Post_4293,TikTok,#Gaming,Post,Australia,0.2296213821242171,-1.6189405942820756,0.23205905125829293,0.0020028039062976524,Low,-0.288814339248317,0.20670630258700107,7,4292,-0.015318461942172006
Post_4294,YouTube,#Challenge,Reel,Japan,-0.7010420685113735,1.2081462691082778,0.7217117633829749,-1.2487081951813577,High,-0.004973057800369607,0.0,10,4293,-0.015327007806574887
Post_4295,YouTube,#Viral,Reel,UK,-0.03461174922665534,1.3187846011708797,1.6845704167521764,-1.330483298569982,Medium,0.4095649925316048,0.0,6,4294,-0.015335553670977775
Post_4296,YouTube,#Music,Video,Brazil,-0.3565125775723836,1.4962812151800096,-0.6981125051733462,-0.7826321136247902,Medium,-0.08524399529762763,0.0,6,4295,-0.015344099535380663
Post_4297,YouTube,#Fitness,Video,USA,1.359590155067385,0.9845416896738478,-1.245604175142283,-1.0679348073821904,High,0.007648215554189874,0.858487940849295,8,4296,-0.015352645399783545
Post_4298,TikTok,#Fitness,Reel,Brazil,0.9334109566124186,1.1008473869833162,0.16764826655606507,-1.1663729883448664,Low,0.2588834054517334,0.659285778050216,8,4297,-0.015361191264186433
Post_4299,Twitter,#Comedy,Reel,India,1.3689991780534274,1.673036499016261,-0.8474065195018541,0.22366374339977713,High,0.6045732252419028,0.862467578217292,7,4298,-0.015369737128589314
Post_4300,YouTube,#Dance,Live Stream,Brazil,1.0882003828261022,-0.5948657078037003,-0.9880642587447535,-0.4039321699355198,Medium,-0.22466543841446784,0.7363026342021303,6,4299,-0.015378282992992202
Post_4301,YouTube,#Dance,Post,Germany,1.6455481181675464,-0.533023529083005,-0.21513484231801885,-1.228474458127152,High,-0.08277117784015736,0.9728782718821585,6,4300,-0.01538682885739509
Post_4302,TikTok,#Viral,Reel,USA,-0.494038766142242,0.29112777357681974,1.2192437862431327,-0.37480679064642075,Low,0.16038150075782243,0.0,6,4301,-0.015395374721797972
Post_4303,YouTube,#Fashion,Reel,USA,1.5790312388231347,-1.299018518928409,-1.4918928486991991,0.0389696314655387,Medium,-0.29322762433473365,0.9474138395917017,8,4302,-0.01540392058620086
Post_4304,Instagram,#Comedy,Video,Germany,1.4723380848669214,-1.5403595959569438,0.7784152747020303,-0.010739549532683162,Low,0.17491355351983118,0.9051642959667302,7,4303,-0.015412466450603741
Post_4305,YouTube,#Fashion,Shorts,Germany,1.3160596333128642,1.714086791299492,-1.6614872705994563,-1.7175847939772617,High,-0.08723140999109047,0.8398673077872367,8,4304,-0.01542101231500663
Post_4306,Twitter,#Viral,Live Stream,Germany,-0.2458196809048216,-0.44068981680306907,0.41493475675633845,1.446999686472919,High,0.2938562363803417,0.0,6,4305,-0.015429558179409511
Post_4307,YouTube,#Fashion,Reel,Japan,-0.7170622817799398,0.2611489356511589,-0.1032073409097137,-0.6471570921718899,Low,-0.3015694448025961,0.0,8,4306,-0.0154381040438124
Post_4308,TikTok,#Fitness,Live Stream,Japan,1.5291026362572617,-1.161796225432768,-0.43492976362027935,1.753586311249276,High,0.4214907396133726,0.9278645505959486,8,4307,-0.015446649908215287
Post_4309,Instagram,#Education,Video,UK,-1.4216001377553424,-0.4677310473147063,-1.3158642298228116,-0.003948295227292289,High,-0.8022859275300381,0.0,10,4308,-0.015455195772618169
Post_4310,YouTube,#Education,Shorts,Germany,-0.9785160818926367,-1.650256597846667,0.8572083820567855,0.04744119611453144,Low,-0.4310307753919967,0.0,10,4309,-0.015463741637021057
Post_4311,Instagram,#Fitness,Reel,India,-0.4579848921046178,-1.0215462563712583,0.6529312299322519,-0.4892779328042979,High,-0.32896946283698053,0.0,8,4310,-0.015472287501423938
Post_4312,TikTok,#Gaming,Reel,Japan,1.111248411967136,0.5079495283453791,-0.43152342404468075,0.7859375921275514,Medium,0.4934030270988464,0.7472794369629817,7,4311,-0.015480833365826827
Post_4313,YouTube,#Music,Reel,Brazil,0.8166530055096762,-0.1915335955221318,0.18843037871426252,0.017125596998714448,Low,0.20766884642513034,0.5969958000758379,6,4312,-0.015489379230229715
Post_4314,TikTok,#Education,Live Stream,Germany,1.2785804612043807,-0.2640730993542717,-0.3773316580692487,0.49804441992376514,Low,0.2838050309261564,0.823552644332615,10,4313,-0.015497925094632596
Post_4315,Instagram,#Challenge,Post,Canada,-1.2209209103361915,-0.6357081505057504,1.2428129035086382,0.0008825970105630751,High,-0.1532333900806852,0.0,10,4314,-0.015506470959035484
Post_4316,YouTube,#Tech,Reel,India,0.3005272201916352,-1.1337988868476985,0.1826155162064225,0.18795714859823748,Medium,-0.11567475046285085,0.2627697362462633,5,4315,-0.015515016823438366
Post_4317,Instagram,#Tech,Video,Canada,-0.008739163043274618,-0.6101495803398703,-0.7189290248020043,-0.3168360837921564,Medium,-0.4136634629943264,0.0,5,4316,-0.015523562687841254
Post_4318,Instagram,#Fitness,Tweet,Australia,1.3384628521247255,-0.3386564574013572,1.3504050636389087,-0.6004584672059546,Medium,0.4374382477890806,0.8494938127143443,8,4317,-0.015532108552244135
Post_4319,TikTok,#Music,Reel,USA,1.2495557735181382,0.17256344415185226,0.27369209051560905,-0.9813988246866943,Low,0.1786031208747263,0.8107327627317339,6,4318,-0.015540654416647023
Post_4320,TikTok,#Gaming,Live Stream,USA,-1.5093101030302993,-1.7185282569452254,0.12384755665973167,-0.894652803198248,Low,-0.9996609016285103,0.0,7,4319,-0.015549200281049912
Post_4321,Instagram,#Education,Tweet,Canada,0.36824806526224857,0.9579369432826904,0.7894944801903409,0.37496168725492846,Medium,0.6226602939975521,0.31353113701731944,10,4320,-0.015557746145452793
Post_4322,YouTube,#Fitness,Reel,India,0.8219348312453412,-0.011826847633111447,-1.184840582308878,-1.3698305657826588,Medium,-0.43614079111982673,0.5998990304952008,8,4321,-0.015566292009855681
Post_4323,Twitter,#Music,Post,Canada,0.15958374244900028,-0.5891498443212251,1.4468836108104082,-1.2057202555575433,Medium,-0.04710068665483996,0.14806109800244002,6,4322,-0.015574837874258562
Post_4324,YouTube,#Comedy,Post,India,0.15837223908876993,1.4019660035594825,0.1940043889288784,-0.20474538128771527,High,0.3873993125723539,0.14701577748712671,7,4323,-0.01558338373866145
Post_4325,Instagram,#Challenge,Reel,Germany,-1.1016186651290742,-1.206712519925964,-1.2886479206884833,-1.368850384748891,Low,-1.241457372623103,0.0,10,4324,-0.015591929603064339
Post_4326,Instagram,#Tech,Reel,Germany,1.594865752198815,-1.3169490094649494,1.2727818102798136,1.45995207870485,Low,0.7526626579296323,0.9535347820229222,5,4325,-0.01560047546746722
Post_4327,YouTube,#Music,Reel,UK,0.8524718424135002,-0.9389121912130985,-0.7620415852891258,0.056052786625491,Low,-0.1981072868658083,0.616520878295799,6,4326,-0.015609021331870108
Post_4328,TikTok,#Tech,Post,Australia,1.4394301451770448,-1.5050043821980699,0.9894362910368398,-1.025296932413293,High,-0.025358719599369556,0.891764464970161,5,4327,-0.01561756719627299
Post_4329,Twitter,#Gaming,Tweet,USA,-1.0987434003668985,-1.545638975318939,1.424966052127011,1.0683697557146319,Medium,-0.037761641961048587,0.0,7,4328,-0.015626113060675878
Post_4330,Twitter,#Fitness,Post,Canada,-0.9348581055990871,0.4555922188459062,1.064375761700009,-0.2851202260566712,Low,0.0749974122225392,0.0,8,4329,-0.015634658925078766
Post_4331,YouTube,#Gaming,Shorts,Germany,1.532310242156152,-0.7886992988936503,-0.16517519520923954,0.7506510749119123,High,0.3322717057412936,0.9291320252736169,7,4330,-0.015643204789481648
Post_4332,YouTube,#Gaming,Tweet,India,-0.18481692347204662,0.18234623110610074,0.26419562866848567,0.7944791697075276,High,0.2640510265025169,0.0,7,4331,-0.015651750653884536
Post_4333,YouTube,#Challenge,Tweet,USA,-0.985548009201847,1.6256121529101486,0.6278137764960199,-0.8307309972103937,Medium,0.10928673074848197,0.0,10,4332,-0.015660296518287417
Post_4334,Instagram,#Fashion,Tweet,India,0.40460618561884465,0.533418030359414,0.005004153688847553,-1.6624846172933172,Low,-0.17986406190655274,0.3397569685625356,8,4333,-0.015668842382690305
Post_4335,YouTube,#Tech,Post,Canada,0.3803953051190378,0.1483974661798844,-1.5555122615808334,1.1749294366713836,High,0.037052486597368095,0.3223699111341004,5,4334,-0.015677388247093187
Post_4336,Instagram,#Fitness,Video,Japan,-0.3547008044476952,-0.38077371086798356,1.4943315125755643,-0.7061779929909054,High,0.013169751067245022,0.0,8,4335,-0.015685934111496075
Post_4337,TikTok,#Gaming,Shorts,India,0.27663086460265734,-0.3500258294919533,1.2664508357150648,-1.1258355013054713,Medium,0.016805092380074382,0.24422447073904727,7,4336,-0.015694479975898963
Post_4338,Twitter,#Challenge,Video,India,-1.6030638803172652,-1.6289450874562503,0.06394415058784132,1.724250893167227,High,-0.3609534810046118,0.0,10,4337,-0.015703025840301844
Post_4339,YouTube,#Gaming,Tweet,Brazil,1.5140801316382968,0.4872477100597598,-0.9196277999986363,-1.7168146517364442,Low,-0.15877865250925605,0.921906983820108,7,4338,-0.015711571704704733
Post_4340,TikTok,#Fitness,Post,Japan,-0.45940059682307705,-0.004843101705432655,-1.275607489383919,-0.02215165728297917,Medium,-0.440500711298852,0.0,8,4339,-0.015720117569107614
Post_4341,Instagram,#Fitness,Reel,Canada,0.5350072543133212,-0.6121310796804618,1.1321240710369143,-0.24983370884103198,High,0.2012916342071854,0.42853510696501035,8,4340,-0.015728663433510502
Post_4342,Instagram,#Viral,Reel,Japan,0.2756153397271701,0.3225477019320016,-1.4119298873487838,0.9877848721527256,High,0.04350450661577837,0.24342868158096598,6,4341,-0.01573720929791339
Post_4343,TikTok,#Music,Video,UK,0.5644060827431642,-0.9372701795217694,-1.6684719871029565,-1.2176924667557067,High,-0.814757137659317,0.44750625211920325,6,4342,-0.01574575516231627
Post_4344,Instagram,#Fitness,Live Stream,Japan,1.3660224978515945,1.4774292581669006,0.27021693599908925,0.5070760880206252,Low,0.9051861950095523,0.861210274324002,8,4343,-0.01575430102671916
Post_4345,Twitter,#Comedy,Post,Brazil,-0.11257281274482658,0.06699664187006478,-0.980425800302502,-1.1260455400984215,High,-0.5380118778189213,0.0,7,4344,-0.01576284689112204
Post_4346,TikTok,#Viral,Video,Japan,0.38715861856104766,1.4514757737967767,-0.985483698460209,0.8352967084708562,Medium,0.42211185059211787,0.3272574956887571,6,4345,-0.01577139275552493
Post_4347,YouTube,#Music,Video,Canada,0.36948355200347893,-1.3889065344697826,-1.0099130024872292,-1.1964085357367498,Medium,-0.8064361301725707,0.3144336994287038,6,4346,-0.01577993861992781
Post_4348,YouTube,#Fashion,Reel,India,-1.6523874164424803,-1.3099514068985252,-0.5389435468226484,1.2111961349207905,Low,-0.572521558810716,0.0,8,4347,-0.0157884844843307
Post_4349,Twitter,#Dance,Post,USA,-1.1148609176383792,-1.1885811081276154,0.09085079248802412,-0.8539052773659027,Medium,-0.7666241276609683,0.0,6,4348,-0.015797030348733587
Post_4350,Instagram,#Music,Post,Germany,-1.574598348028052,1.1558859560800228,-0.7363392048550637,0.5744285276266666,High,-0.1451557672941066,0.0,6,4349,-0.01580557621313647
Post_4351,TikTok,#Comedy,Video,USA,0.5649638676612794,-1.6801592242592283,0.862644762389559,1.2195976866387999,Low,0.2417617731076025,0.44786273596921916,7,4350,-0.015814122077539357
Post_4352,YouTube,#Comedy,Post,USA,-0.1705557198899686,0.8459545172617854,-1.3270810651929645,-0.5419976698348065,Low,-0.29841998441398854,0.0,7,4351,-0.015822667941942238
Post_4353,Instagram,#Dance,Live Stream,Germany,-1.3673627494829488,-1.2078626209418317,1.5570219237547624,0.5143574328428999,Low,-0.12596150345677948,0.0,6,4352,-0.015831213806345126
Post_4354,TikTok,#Challenge,Shorts,Canada,-1.1279907908767128,0.8957622052321057,-0.3629837428871819,0.2900360019720508,High,-0.07629408163993454,0.0,10,4353,-0.015839759670748015
Post_4355,Twitter,#Viral,Video,Canada,-0.6029390763899156,1.048497005803216,0.02127888721670748,1.2229583073260035,Medium,0.42244878098900285,0.0,6,4354,-0.015848305535150896
Post_4356,Instagram,#Fashion,Video,Germany,1.498353200857388,0.29285292510062133,-0.7104303795982381,-1.019835923796587,Low,0.015234955640796077,0.9156317951659946,8,4355,-0.015856851399553784
Post_4357,TikTok,#Music,Reel,UK,0.8751025607251333,-0.15707906328170856,-0.17016427842602536,1.5635712165602984,Medium,0.5278576088944245,0.6286633569798399,6,4356,-0.015865397263956665
Post_4358,YouTube,#Tech,Video,Brazil,0.5896989563458013,-0.8866795914623343,0.7946900082298902,1.0323130962581752,Low,0.38250561734288313,0.4635446626743152,5,4357,-0.015873943128359554
Post_4359,YouTube,#Fitness,Live Stream,Australia,-1.1483136226966855,1.434515247972414,0.8104486297008413,-1.4912329881078936,Low,-0.09864568328283096,0.0,8,4358,-0.015882488992762442
Post_4360,Instagram,#Music,Video,India,1.2439402361668443,-0.24300408014189942,-0.8331618267311691,1.0149498893742892,Low,0.2956810546670163,0.80823335458157,6,4359,-0.015891034857165323
Post_4361,Instagram,#Fitness,Reel,UK,0.47989824145144055,0.06378883000050596,0.9056885079357594,-0.6243328766712979,Medium,0.206260675679102,0.3919733296361833,8,4360,-0.01589958072156821
Post_4362,Instagram,#Fashion,Tweet,Australia,-0.6671624592712668,-1.5982595609545744,1.2771515590283087,-0.2571850665942902,Medium,-0.3113638819479557,0.0,8,4361,-0.015908126585971093
Post_4363,TikTok,#Tech,Live Stream,Brazil,1.040763310926404,-0.4859178856680365,1.6449330107815747,0.43566289841754585,Low,0.658860333614372,0.7133239098939779,5,4362,-0.01591667245037398
Post_4364,TikTok,#Tech,Reel,Japan,1.5378277902650745,1.1094315746860879,1.2693410632337543,1.100925768621918,Medium,1.2543815492017087,0.9313085144546769,5,4363,-0.015925218314776862
Post_4365,Twitter,#Tech,Reel,UK,0.8541869967747312,-0.0858490118110085,0.19138942117387342,-0.33139877343670593,High,0.15708215817522259,0.6174463233168027,5,4364,-0.01593376417917975
Post_4366,Twitter,#Comedy,Live Stream,USA,-1.0600451872641563,1.371128054031607,1.700879557750497,-0.406522648381906,Low,0.4013599440340104,0.0,7,4365,-0.01594231004358264
Post_4367,Instagram,#Gaming,Live Stream,Germany,-0.46524911558979987,0.4175418888510531,-1.1572457909994833,0.7043025146008942,Medium,-0.125162625784334,0.0,7,4366,-0.01595085590798552
Post_4368,Instagram,#Music,Video,Japan,0.21520874062211026,-0.9388775496162352,-1.4044634662588353,1.3274876132842364,Medium,-0.200161165492181,0.19491586501723043,6,4367,-0.015959401772388408
Post_4369,YouTube,#Challenge,Shorts,Japan,-1.0899661681603428,0.27237974135430104,1.5280164261564837,0.6942906654702664,Medium,0.3511801662051771,0.0,10,4368,-0.01596794763679129
Post_4370,Twitter,#Fitness,Live Stream,India,0.5783130175258988,0.04441724903444455,-0.5739015368106097,-0.5840054284248531,Low,-0.13379417466877988,0.45635656620339443,8,4369,-0.015976493501194178
Post_4371,TikTok,#Comedy,Reel,UK,-1.065122126402135,-0.3782518026163218,0.48134117474528065,-1.5310003329064712,Low,-0.6232582717949118,0.0,7,4370,-0.015985039365597066
Post_4372,Twitter,#Fashion,Tweet,Canada,-0.5186388626537066,1.7170728969491245,1.0824396836918198,0.35605819588940746,Low,0.6592329784691612,0.0,8,4371,-0.015993585229999947
Post_4373,YouTube,#Tech,Live Stream,Australia,-1.4437189821924892,-0.2143970494520326,-0.0784339621780876,1.1118477858553302,Medium,-0.15617555199181982,0.0,5,4372,-0.016002131094402836
Post_4374,Instagram,#Dance,Tweet,UK,0.4785640802283814,-1.4757738027646603,-1.6197510089307583,-1.6524727681626894,Medium,-1.0673583749074316,0.3910714007498665,6,4373,-0.016010676958805717
Post_4375,YouTube,#Comedy,Live Stream,Brazil,-0.32221428702396193,-0.5901890922271297,-0.6332888308255912,-0.8597163506375258,High,-0.6013521401785522,0.0,7,4374,-0.016019222823208605
Post_4376,YouTube,#Education,Tweet,UK,-0.9044183984338426,-1.3980657726804884,-0.4880204905409725,-0.22770962265027408,High,-0.7545535710763943,0.0,10,4375,-0.016027768687611486
Post_4377,TikTok,#Music,Tweet,Germany,1.4457110500412254,-0.5539331969498051,-0.20629212240964676,1.4997194235034275,Low,0.5463012885463002,0.8943358986602451,6,4376,-0.016036314552014375
Post_4378,TikTok,#Comedy,Live Stream,UK,-1.1344388941684365,-0.08819078375898017,1.2760161125031093,-1.6589839707441467,Medium,-0.4013993840421135,0.0,7,4377,-0.016044860416417263
Post_4379,TikTok,#Gaming,Tweet,UK,0.7694016335028643,-0.6391653818727263,0.4886011510124655,0.2663716312996579,Low,0.22130225848556534,0.5706414292626443,7,4378,-0.016053406280820144
Post_4380,TikTok,#Dance,Live Stream,Japan,-1.1976954041757577,-0.6787399421295728,0.20645989323561262,1.6731414535493367,Medium,0.0007915001199046978,0.0,6,4379,-0.016061952145223032
Post_4381,Instagram,#Fitness,Live Stream,Canada,-0.9029396516853262,1.1178494827239152,-1.3614885356535562,1.319086061566227,Low,0.04312683923781496,0.0,8,4380,-0.016070498009625914
Post_4382,YouTube,#Education,Reel,UK,0.06544280486874825,-1.2148532951888833,1.5437062326865134,-0.09741555809014608,High,0.07422004606905809,0.06339049196864212,10,4381,-0.016079043874028802
Post_4383,Twitter,#Tech,Tweet,Brazil,-0.8867035879877595,0.21555366585943847,-0.9341133450625454,0.29850756662104355,Medium,-0.32668892514245573,0.0,5,4382,-0.01608758973843169
Post_4384,Instagram,#Tech,Shorts,USA,0.7373331121479887,0.5806137419262275,1.4006743779818334,1.5491485527777158,Low,1.0669424462084414,0.5523512432813508,5,4383,-0.01609613560283457
Post_4385,TikTok,#Fashion,Tweet,Brazil,-0.16537805055178958,0.674873526991773,-0.3977696955228402,-1.2727926434396513,Low,-0.290266715630627,0.0,8,4384,-0.01610468146723746
Post_4386,YouTube,#Education,Shorts,USA,1.4785381314751591,-0.09622070591193624,-1.3811007938160935,1.1224897513648087,Low,0.2809265957779845,0.9076689232603505,10,4385,-0.01611322733164034
Post_4387,TikTok,#Fashion,Tweet,Australia,1.6534304276430722,-0.26466200650095095,1.055188967087031,-0.2555047562506883,Low,0.5471131579946159,0.9758533038514785,8,4386,-0.01612177319604323
Post_4388,TikTok,#Fashion,Reel,Australia,1.438026774768814,-1.7062651316555513,0.527584815044316,-0.48542722160021023,Medium,-0.056520190860657876,0.8911890132665413,8,4387,-0.016130319060446117
Post_4389,Twitter,#Challenge,Video,USA,1.015369707123567,-0.025628059823524302,-0.26822556923871205,0.3032684459279155,High,0.25619613099731153,0.7008026560493903,10,4388,-0.016138864924849
Post_4390,Twitter,#Gaming,Tweet,USA,-1.5508465779645317,-1.6422197473743383,-0.5455841886215427,-1.110782721144038,Medium,-1.2123583087761127,0.0,7,4389,-0.016147410789251887
Post_4391,Instagram,#Fashion,Reel,Brazil,0.17541482962739488,1.1489784216654437,0.27369209051560905,-1.2934464580797573,Medium,0.0761597209321726,0.16162113178127388,8,4390,-0.01615595665365477
Post_4392,Instagram,#Fitness,Shorts,Australia,1.4489734750966874,-1.1649693957054632,-1.4515672933193857,0.032248390091131236,Low,-0.2838287059592576,0.8956689469994475,8,4391,-0.016164502518057657
Post_4393,YouTube,#Fashion,Tweet,Australia,0.20748129526389897,0.17899292452971527,-0.03494291951589954,-1.441033716592788,High,-0.2723756040787683,0.18853661595993226,8,4392,-0.016173048382460538
Post_4394,YouTube,#Challenge,Shorts,Brazil,0.2831269346563811,0.4517192883165685,-0.9765033486699946,0.40030636827092325,Low,0.03966231064346956,0.24930001655914483,10,4393,-0.016181594246863426
Post_4395,TikTok,#Gaming,Shorts,Brazil,0.14829236667418377,-1.3871120997522541,-1.6601797867219539,0.75758235507927,Low,-0.5353542911801885,0.13827594027654788,7,4394,-0.016190140111266314
Post_4396,YouTube,#Comedy,Shorts,Australia,-0.7678878627952143,1.023804475558923,-0.27049646228911106,0.3924649200007812,High,0.09447126761884474,0.0,7,4395,-0.016198685975669196
Post_4397,TikTok,#Fashion,Tweet,India,-1.309538817891864,-0.35453616540357924,-1.6593884149013602,1.4357276045845897,High,-0.4719339484030535,0.0,8,4396,-0.016207231840072084
Post_4398,Twitter,#Fashion,Video,Japan,1.6635630634958585,-1.052945399768322,1.4519071014976546,-0.17365963993108074,High,0.47221628132352755,0.9796647240219208,8,4397,-0.016215777704474965
Post_4399,Twitter,#Dance,Video,Germany,-1.3408261662655958,1.425750923965952,0.012023277662808283,-1.1700136607560037,Low,-0.2682664063482098,0.0,6,4398,-0.016224323568877853
Post_4400,YouTube,#Tech,Live Stream,UK,0.23797650682517216,1.3981484995851263,1.1136472593995765,1.1468542513470357,High,0.9741566292892276,0.21347819736600507,5,4399,-0.01623286943328074
Post_4401,Instagram,#Dance,Post,Australia,1.4586483709921014,0.08221815953188055,-0.24967994266045304,-0.974187492795403,High,0.07924977376703149,0.8996117562591884,6,4400,-0.016241415297683623
Post_4402,Twitter,#Education,Shorts,Brazil,0.37217722830951144,1.1476620409846312,0.4704684140797336,0.5453731612685511,Low,0.6339202111606068,0.316398696114007,10,4401,-0.01624996116208651
Post_4403,Twitter,#Gaming,Live Stream,India,1.5630644742322257,-0.537921850879502,1.051472960277287,-0.9590646997029861,Low,0.2793877209817562,0.9412036028330811,7,4402,-0.016258507026489392
Post_4404,TikTok,#Gaming,Video,Japan,0.5234972871516758,1.2082294089407501,-1.0501353354556608,-0.1810810106153223,Low,0.1251275875053607,0.42100853877363026,7,4403,-0.01626705289089228
Post_4405,TikTok,#Challenge,Video,USA,-0.43720363508781596,-0.6620911906769814,1.2396474162262636,0.8865461739507132,High,0.25672469110304486,0.0,10,4404,-0.016275598755295162
Post_4406,TikTok,#Gaming,Post,Germany,-1.203517883843109,1.3752989022939708,1.5313883582616217,-1.5606858156434376,Medium,0.03562089026726145,0.0,7,4405,-0.01628414461969805
Post_4407,TikTok,#Challenge,Shorts,Japan,0.8502461846566969,1.2381597486308022,1.5999968543600418,-0.2998229415631875,Low,0.8471449615210883,0.6153187030242392,10,4406,-0.01629269048410094
Post_4408,Instagram,#Fashion,Post,Japan,-1.3225638494932548,1.2064626875007125,0.4591139488277383,0.9354852127081175,High,0.31962449988582836,0.0,8,4407,-0.01630123634850382
Post_4409,Twitter,#Gaming,Post,Australia,-0.830461189063763,0.5164575045350512,0.4016190656880894,-0.254594588147904,Low,-0.04174480174713158,0.0,7,4408,-0.016309782212906708
Post_4410,YouTube,#Comedy,Reel,USA,-0.6127660954448158,-0.9511961014608907,-0.9808386899480291,-1.4149188933359755,High,-0.9899299450474278,0.0,7,4409,-0.01631832807730959
Post_4411,Instagram,#Gaming,Reel,Germany,-1.388879268437266,1.01113257942626,0.744799176062032,-0.8147680489461759,Low,-0.11192889047378746,0.0,7,4410,-0.016326873941712478
Post_4412,YouTube,#Tech,Tweet,USA,0.15607394594950944,1.0013775057495022,0.3053125558688929,-0.09167449774950637,Low,0.3427723774545996,0.14502973528872976,5,4411,-0.016335419806115366
Post_4413,Twitter,#Fitness,Post,India,-1.1516342931060046,-0.6990745594884391,0.33118697365525795,1.4208848632161066,Low,-0.024659253930769787,0.0,8,4412,-0.016343965670518247
Post_4414,Twitter,#Fashion,Tweet,Brazil,-1.5343446413575932,0.4827512307868793,0.9800774590715589,-1.3546377597592587,High,-0.35653842781460343,0.0,8,4413,-0.016352511534921135
Post_4415,TikTok,#Dance,Reel,UK,0.33083124994436525,-1.101956331010782,0.5815701361969845,1.4381780571690093,Low,0.31215577807489425,0.2858037469607,6,4414,-0.016361057399324017
Post_4416,TikTok,#Viral,Video,USA,0.7196196721808199,-0.6498627069841708,0.075436245721679,-0.4617628509278173,Medium,-0.07914241000237231,0.5421031455494428,6,4415,-0.016369603263726905
Post_4417,YouTube,#Tech,Live Stream,UK,0.7063856425450006,0.3463326223384711,-0.9808730974184897,1.1555358547889787,High,0.3068452555634902,0.5343774742536485,5,4416,-0.016378149128129793
Post_4418,Instagram,#Gaming,Video,India,-0.16228282392387078,1.3897028782698084,-1.097996126866344,-1.0112943462166109,Low,-0.2204676046842543,0.0,7,4417,-0.016386694992532674
Post_4419,Twitter,#Comedy,Reel,Canada,1.2774998385804648,0.5423555623501934,-0.0969107738154254,-1.3093393934129918,High,0.10340130842556028,0.8230782792762175,7,4418,-0.016395240856935563
Post_4420,Twitter,#Fashion,Video,UK,1.6133535127525565,0.824684576787605,0.22744845021657364,0.1799056615351452,Medium,0.7113480503229701,0.9606342673809339,8,4419,-0.016403786721338444
Post_4421,TikTok,#Gaming,Reel,Australia,-0.6159284755395347,1.1909709653833616,-0.7417755851878373,0.9239330790958546,Medium,0.18929999593796107,0.0,7,4420,-0.016412332585741332
Post_4422,Instagram,#Viral,Video,India,-1.5259100288796095,0.7446209181167159,0.13895243619193148,0.008233954763821239,Low,-0.15852567995178518,0.0,6,4421,-0.016420878450144213
Post_4423,YouTube,#Viral,Tweet,Australia,0.35496469838551487,1.1811812501097403,0.08231773981379735,-1.6135455785359127,Medium,0.0012295274432849168,0.30377540114026425,6,4422,-0.0164294243145471
Post_4424,Instagram,#Gaming,Tweet,Germany,-1.3293127729066645,-1.321743406470856,0.6132594164911895,-0.6015786741016893,High,-0.6598438592470051,0.0,7,4423,-0.01643797017894999
Post_4425,Twitter,#Fitness,Tweet,Australia,-1.1938751942021806,-1.5063415478370006,-0.9611576168445706,-1.2810541692956936,Low,-1.2356071320448614,0.0,8,4424,-0.01644651604335287
Post_4426,YouTube,#Dance,Video,UK,-1.2158508235927843,1.431563783919645,1.5149759948519192,0.12004460554432872,Low,0.46268339018077714,0.0,6,4425,-0.01645506190775576
Post_4427,YouTube,#Viral,Reel,Germany,1.7061301385736352,0.031883919289235285,0.7350618619216847,1.0010173161085905,Medium,0.8685233089732863,0.9955196211914582,6,4426,-0.01646360777215864
Post_4428,TikTok,#Tech,Tweet,USA,1.2414089616121549,1.0682080744185396,-0.2048814161207625,1.318385932256393,Low,0.8557803880415811,0.8071046688486216,5,4427,-0.01647215363656153
Post_4429,Instagram,#Challenge,Post,Japan,0.4478317758149365,-0.8837974106032922,-0.9093055588604587,1.1911724366595349,High,-0.03852468924731989,0.37006711029107675,10,4428,-0.016480699500964417
Post_4430,Twitter,#Tech,Live Stream,India,0.6826941735537088,1.1208633016510383,0.0422330367272079,-0.4959291612477219,Medium,0.3374653376710583,0.5203961836363021,5,4429,-0.0164892453653673
Post_4431,YouTube,#Challenge,Shorts,UK,0.6748817585028116,-1.2403079405641728,0.612468044670596,-1.7093932810522026,Low,-0.41558785461074194,0.5157425708466816,10,4430,-0.016497791229770187
Post_4432,TikTok,#Tech,Video,Brazil,-0.6209231859426563,1.4064347695548722,0.019352068870914337,0.4056273510256625,Medium,0.3026227508771982,0.0,5,4431,-0.016506337094173068
Post_4433,YouTube,#Gaming,Post,USA,-0.8895740560737352,-0.9157993177857807,-0.9643231041269451,-1.3767618459500166,Medium,-1.0366145809841194,0.0,7,4432,-0.016514882958575956
Post_4434,Twitter,#Tech,Live Stream,Canada,-1.3550243278176164,-1.687877372040413,0.15271542437616822,-0.8434733506493745,High,-0.9334149065328089,0.0,5,4433,-0.016523428822978838
Post_4435,Twitter,#Dance,Tweet,USA,0.26300556323680885,-1.716636825756479,1.6961313268269353,-1.588550962174835,Low,-0.33651272446689245,0.23349424813839084,6,4434,-0.016531974687381726
Post_4436,TikTok,#Gaming,Post,USA,-0.3986781023282739,-0.16772096183817148,0.3162197240049005,-0.36598516134251097,Medium,-0.15404112537601394,0.0,7,4435,-0.016540520551784614
Post_4437,Instagram,#Music,Live Stream,USA,-1.3892020162215808,0.01124445587797028,-0.39604932199981063,1.5856953027510563,High,-0.04707789489809122,0.0,6,4436,-0.016549066416187495
Post_4438,TikTok,#Education,Shorts,Australia,-0.9472979427040767,0.7294963969261179,-1.1706302970086535,-1.3769018718119834,Medium,-0.6913334286496489,0.0,10,4437,-0.016557612280590384
Post_4439,Twitter,#Dance,Video,UK,-0.8532824039444821,-0.4149233970560081,0.1881207114801172,-1.2027096995252566,High,-0.5706986972614074,0.0,6,4438,-0.016566158144993265
Post_4440,TikTok,#Music,Tweet,Brazil,-0.13997827959383813,-0.5535105694680706,-1.4452707262250972,1.3952601304761783,Medium,-0.1858748612027069,0.0,6,4439,-0.016574704009396153
Post_4441,TikTok,#Fitness,Shorts,India,0.3965299533769471,0.07274714694940347,0.5599622447477328,0.46359805787992686,Medium,0.37320935073850253,0.33399055506454683,8,4440,-0.01658324987379904
Post_4442,YouTube,#Dance,Live Stream,Australia,1.2485861596862797,-0.22073646167805058,-1.2398581275753642,0.6863091913381575,Low,0.11857519044275563,0.8103016452342094,6,4441,-0.016591795738201923
Post_4443,Twitter,#Music,Shorts,USA,-0.6713198070577586,1.5870283423235978,0.9479408816613661,-0.05596790294796672,High,0.45192037849480965,0.0,6,4442,-0.01660034160260481
Post_4444,TikTok,#Comedy,Shorts,UK,0.496819544606151,0.268285104605037,1.378619189416594,-1.133116846127746,Medium,0.25265174812500896,0.40334255348612696,7,4443,-0.016608887467007692
Post_4445,Twitter,#Education,Post,UK,-1.670648362735907,0.7318658821515803,-1.60646972533297,0.18473655377300055,Low,-0.5901289130360741,0.0,10,4444,-0.01661743333141058
Post_4446,Instagram,#Gaming,Post,Canada,-1.2720356624023808,-0.0661795131119211,0.39625150029623707,1.3796472468668775,High,0.10942089291220314,0.0,7,4445,-0.01662597919581346
Post_4447,TikTok,#Dance,Tweet,USA,-0.6148930787197903,1.6257715042557206,-1.2333551156583122,1.0827224065662313,Low,0.21506142911096238,0.0,6,4446,-0.01663452506021635
Post_4448,YouTube,#Dance,Shorts,UK,-0.9131380705259983,-0.2082447018490775,1.1682519150205357,1.2416517598985743,Low,0.32213022563600857,0.0,6,4447,-0.016643070924619238
Post_4449,Instagram,#Gaming,Shorts,UK,-0.9677564519365639,-1.407481358707984,-0.26137848261705426,-1.2938665356656578,High,-0.9826207072318149,0.0,7,4448,-0.01665161678902212
Post_4450,Twitter,#Fashion,Reel,India,0.2121032354023343,-0.16267714533484792,-1.665891426818412,0.7225058766565811,Medium,-0.22348986502358614,0.19235706174440456,8,4449,-0.016660162653425008
Post_4451,YouTube,#Viral,Shorts,USA,-0.12966268480599447,-0.20508538821512756,0.3862045189217443,-0.15230569598114038,Medium,-0.02521231252012953,0.0,6,4450,-0.01666870851782789
Post_4452,Instagram,#Fitness,Reel,Germany,-0.37590211325172623,0.2724836661448915,-0.4809669590965512,-0.6336445964920915,Low,-0.30450750067386934,0.0,8,4451,-0.016677254382230777
Post_4453,TikTok,#Gaming,Tweet,Australia,0.008663863449807995,0.4789614400900139,-1.6844026459262105,1.0205509238529622,Low,-0.04405660463335659,0.008626547563136508,7,4452,-0.016685800246633666
Post_4454,TikTok,#Gaming,Live Stream,Brazil,-0.1641453047683878,0.2954649015041282,1.2497976200121383,-0.8443835187521589,High,0.13418342449892995,0.0,7,4453,-0.016694346111036547
Post_4455,Instagram,#Challenge,Reel,Australia,0.9800305378397439,1.7098120182465377,-1.4458212457524668,-0.9449220876443372,High,0.07477480567236938,0.6831122677388941,10,4454,-0.016702891975439435
Post_4456,Instagram,#Comedy,Live Stream,USA,-1.3194240823006216,-1.4237213393175863,0.32227543880596465,1.3466011434427074,High,-0.26856720984238397,0.0,7,4455,-0.016711437839842316
Post_4457,Instagram,#Gaming,Post,Japan,0.42331733423561485,-0.5547715235939015,0.02998397724323721,-0.8375922644467679,Medium,-0.23476561914045435,0.3529902979253705,7,4456,-0.016719983704245205
Post_4458,Instagram,#Fitness,Reel,Australia,-0.12993335439156628,0.7222493748622766,0.12539589283045832,1.2815591305591187,Low,0.49981776096507186,0.0,8,4457,-0.016728529568648093
Post_4459,Twitter,#Comedy,Video,Australia,0.623936260582537,0.5706993169038977,-1.4797814190970708,-1.188777126259558,Medium,-0.3684807419675485,0.4848529925594794,7,4458,-0.016737075433050974
Post_4460,Twitter,#Viral,Shorts,USA,-0.5723684884883566,0.936597719614783,0.11517687410366254,0.1015611917647082,High,0.14524182424869927,0.0,6,4459,-0.016745621297453862
Post_4461,YouTube,#Dance,Reel,UK,-0.8551674976910848,-1.0896377791661265,0.9170429731877547,-0.7979649455101573,High,-0.4564318122949035,0.0,6,4460,-0.016754167161856744
Post_4462,YouTube,#Viral,Post,Germany,1.121756559042437,-0.8098514579384949,-0.907344333044205,1.5148422165958444,Low,0.22985074616389536,0.7522443111990025,6,4461,-0.016762713026259632
Post_4463,YouTube,#Fashion,Video,Australia,0.8023335565737411,1.7099159430371282,-0.17319213582655743,0.29773742438022605,Low,0.6591986970411345,0.5890822455936374,8,4462,-0.016771258890662513
Post_4464,Twitter,#Challenge,Tweet,India,0.5163454429374653,-1.2151997111575181,0.8740336351120149,0.47557026907809014,High,0.16268740899251305,0.4163031259974302,10,4463,-0.0167798047550654
Post_4465,Instagram,#Music,Post,Canada,0.44585623045999073,0.6549130388790324,0.608339148215325,-0.26495650193344883,High,0.3610379789052248,0.3687016931088582,6,4464,-0.01678835061946829
Post_4466,Instagram,#Gaming,Post,Australia,0.7353328981725858,-0.5055527427702605,-0.46427933592316417,-0.6925254714491402,Low,-0.23175616299249477,0.5511992671392992,7,4465,-0.01679689648387117
Post_4467,Twitter,#Music,Live Stream,Japan,1.6943035907827892,1.4214137960386435,-1.0526814882697448,-0.6344147387329091,High,0.3571552899546947,0.9911397630950878,6,4466,-0.01680544234827406
Post_4468,Twitter,#Fitness,Live Stream,USA,-0.07725557112363203,-0.5877780370854311,-0.3494271995257087,1.6111800096290179,Medium,0.1491798004735615,0.0,8,4467,-0.01681398821267694
Post_4469,Twitter,#Fashion,Tweet,Brazil,1.4970937307351577,0.45204491932708524,0.3167358360618094,0.2266042865010804,High,0.6231196931562831,0.9151275479319976,8,4468,-0.01682253407707983
Post_4470,Instagram,#Music,Video,USA,1.5672499168364604,0.5515494421577626,-1.5629442752003213,-1.024456777241492,Low,-0.11715042336189763,0.94283525470225,6,4469,-0.016831079941482717
Post_4471,YouTube,#Education,Reel,Brazil,1.028768879468558,0.20943595985334684,0.9739873368000341,1.0869931953562193,Low,0.8247963428695396,0.7074291457644521,10,4470,-0.016839625805885598
Post_4472,Twitter,#Education,Video,Japan,-1.642202017151494,0.1963067946420856,-0.42533007936177425,0.14790975207572635,Medium,-0.43082888744886405,0.0,10,4471,-0.016848171670288487
Post_4473,Instagram,#Dance,Reel,Germany,-0.9997146497388392,-0.2704817947740166,0.04477918954129169,-1.5812696173525602,High,-0.701671718081031,0.0,6,4472,-0.016856717534691368
Post_4474,Instagram,#Comedy,Shorts,USA,-1.6772026781434881,-1.3085103164690042,0.9933243351988867,-0.5188233896792974,Medium,-0.6278030122732258,0.0,7,4473,-0.016865263399094256
Post_4475,TikTok,#Dance,Post,Brazil,-1.1842701927313952,0.5343256401972374,-1.0721905240209002,-1.0952398504657208,Medium,-0.7043437317551947,0.0,6,4474,-0.016873809263497137
Post_4476,YouTube,#Fitness,Video,Canada,1.314382167121776,1.1728326252656402,0.8692854041884532,0.4204000794631622,Medium,0.9442250690097578,0.8391427694659414,8,4475,-0.016882355127900026
Post_4477,YouTube,#Dance,Reel,UK,0.7617338039774244,-1.5120574113194756,-0.8368434260704524,1.1063867772386242,Low,-0.1201950640434698,0.5662984400380942,6,4476,-0.016890900992302914
Post_4478,Twitter,#Dance,Reel,Brazil,0.24977564503773228,-1.6774225381070127,-1.064276805814964,1.1744393461544997,High,-0.3293710881824362,0.22296405123522028,6,4477,-0.016899446856705795
Post_4479,Instagram,#Fitness,Shorts,Canada,-1.3513404804960112,1.5675251232894551,1.366404537403084,1.4624725442202529,High,0.7612654311041952,0.0,8,4478,-0.016907992721108683
Post_4480,Instagram,#Gaming,Post,Japan,0.22708188469604193,-0.28535689646719753,-1.2670400292392316,-1.3382547339091404,Medium,-0.6658924437298819,0.20463889919564276,7,4479,-0.016916538585511565
Post_4481,TikTok,#Tech,Reel,Germany,0.5415972021726737,-0.16812280436178792,0.7696413697345794,0.4901329587226397,Medium,0.40831218156702626,0.4328190232309768,5,4480,-0.016925084449914453
Post_4482,YouTube,#Viral,Live Stream,USA,1.0353670502013963,-0.8298396593287264,0.27221256928580356,0.5559451138470461,High,0.2584212685013799,0.710676171279424,6,4481,-0.01693363031431734
Post_4483,Instagram,#Education,Post,Canada,-0.22825082646311018,0.5614500105413469,1.2314240307861821,1.5583202467365427,High,0.7807358654002403,0.0,10,4482,-0.016942176178720222
Post_4484,TikTok,#Dance,Tweet,India,-1.5084124393414409,-0.4758856792163709,1.6210198188114633,-0.4163244587195835,High,-0.19490068961648305,0.0,6,4483,-0.01695072204312311
Post_4485,Twitter,#Gaming,Video,Australia,-0.28513392427953627,0.048962226542933925,0.830955482095354,1.0207609626459124,Medium,0.403886186751166,0.0,7,4484,-0.016959267907525992
Post_4486,Instagram,#Fashion,Live Stream,UK,-1.6367804025665718,0.9865439739725572,1.0647542438750754,0.7297172085478724,Low,0.2860587559572333,0.0,8,4485,-0.01696781377192888
Post_4487,Twitter,#Dance,Live Stream,India,1.3624249907015893,-0.5637714104590352,0.5416574704626981,1.5287047769305597,High,0.717253956908953,0.8596886299141386,6,4486,-0.01697635963633177
Post_4488,TikTok,#Tech,Shorts,Australia,-1.62107814040612,0.6163292282924816,0.2732447933996213,0.923302962717004,Medium,0.047949711000746686,0.0,5,4487,-0.01698490550073465
Post_4489,Twitter,#Education,Live Stream,Australia,-1.2671594984253451,-1.2406058582971988,0.376363982370015,0.2158923080606185,Medium,-0.4788772665729776,0.0,10,4488,-0.016993451365137538
Post_4490,YouTube,#Challenge,Live Stream,India,-0.8627441903687245,-0.21626769568266088,0.8845623210729561,1.0522667815884474,High,0.21445430415250455,0.0,10,4489,-0.01700199722954042
Post_4491,YouTube,#Fashion,Post,USA,0.1306714340337294,0.8140911764667509,1.237927042703234,0.5849304672741783,Low,0.6919050301194731,0.12281164567399874,8,4490,-0.017010543093943307
Post_4492,TikTok,#Tech,Reel,India,1.443761543785651,-1.549601974000122,-0.2839153757687419,1.5332556174444814,High,0.28587495286531717,0.8935384685401366,5,4491,-0.01701908895834619
Post_4493,TikTok,#Gaming,Live Stream,Canada,0.9617894634905744,0.024449832602331172,1.561116412739573,-0.019281127112659315,High,0.6320186454299548,0.6738570482959421,7,4492,-0.017027634822749077
Post_4494,TikTok,#Music,Video,Japan,-0.7348709700316516,1.0429612786244309,1.6270067186716064,0.3157307476429627,High,0.562706943726837,0.0,6,4493,-0.017036180687151965
Post_4495,Instagram,#Challenge,Live Stream,Germany,-1.5339300714860211,0.3439492804742633,-1.423043500307555,-0.3578636613484353,Low,-0.742721988166937,0.0,10,4494,-0.017044726551554847
Post_4496,YouTube,#Challenge,Video,Australia,-1.411185183246213,-0.9317205957042389,-0.22033037035756822,0.12018463140629554,Low,-0.6107628794754312,0.0,10,4495,-0.017053272415957735
Post_4497,Twitter,#Education,Tweet,UK,-1.4842392470117771,1.518992246083711,-1.496641079622761,-1.6827883672785064,Low,-0.7861691119573333,0.0,10,4496,-0.017061818280360616
Post_4498,TikTok,#Challenge,Live Stream,UK,0.474937107781719,-0.9549928204771289,-0.39787291793422197,-0.07886213137954215,High,-0.2391976905022935,0.3886153500906691,10,4497,-0.017070364144763504
Post_4499,TikTok,#Tech,Video,Australia,1.5147338500804122,0.2640172598714555,0.01598013676577634,-0.4523811181760402,Low,0.335587532135401,0.9221669729341115,5,4498,-0.017078910009166393
Post_4500,Twitter,#Tech,Reel,Australia,-0.7838539421466661,1.6828885691642363,0.19995688131856076,1.038404221253732,High,0.5343489323974657,0.0,5,4499,-0.017087455873569274
Post_4501,Instagram,#Challenge,Video,Brazil,-1.0254899319193056,0.3690713665196634,0.9794581246032683,0.9300242040914114,Low,0.31326594082375936,0.0,10,4500,-0.017096001737972162
Post_4502,TikTok,#Challenge,Shorts,India,0.4315121129035983,0.2577887007554007,-0.3703125340952879,0.5589556698793328,Medium,0.21948598736076097,0.3587313072062952,10,4501,-0.017104547602375043
Post_4503,Instagram,#Dance,Reel,Canada,-1.4354049718589628,1.6008087695558926,-0.1334515074445739,1.1083471393061597,Low,0.2850748573896289,0.0,6,4502,-0.01711309346677793
Post_4504,Twitter,#Fashion,Reel,Canada,0.8137811669447863,-0.29473784089782956,-0.4906354582959775,-1.6472918112699169,High,-0.40472098587973443,0.5954137087735356,8,4503,-0.017121639331180813
Post_4505,Twitter,#Gaming,Reel,Japan,-1.5867140668698128,-1.224726150294977,-0.8732809372882191,0.20602048479195753,High,-0.8696751674152627,0.0,7,4504,-0.0171301851955837
Post_4506,TikTok,#Fashion,Tweet,Brazil,0.9978138722315414,-1.7053921634145914,-0.5251805586384117,1.4956586735063897,Low,0.06572495592123201,0.6920535188457045,8,4505,-0.01713873105998659
Post_4507,TikTok,#Fashion,Reel,Brazil,0.7751425696748155,0.5616786450806459,0.5954019393221425,-1.331533492534733,Low,0.15017241538571774,0.5738807406453829,8,4506,-0.01714727692438947
Post_4508,TikTok,#Fashion,Shorts,Japan,-1.6797538246424346,-1.7196714296417204,-0.8484387436156718,0.6062143982931353,Medium,-0.9104123999016728,0.0,8,4507,-0.01715582278879236
Post_4509,Instagram,#Fitness,Reel,USA,-1.0516064633494295,-0.8196688864896068,-0.159910852228769,-0.7377538248644238,Medium,-0.6922350067330572,0.0,8,4508,-0.01716436865319524
Post_4510,YouTube,#Education,Video,India,-0.7939303883639666,-0.7315198791107802,-1.2464643619037978,0.9140612558271938,High,-0.4644633433878377,0.0,10,4509,-0.01717291451759813
Post_4511,YouTube,#Challenge,Video,Germany,-0.17679208418943487,-0.4061036464945646,1.111479588760559,-1.648832095751552,Low,-0.2800620594187481,0.0,10,4510,-0.017181460382001017
Post_4512,Instagram,#Education,Video,Brazil,-0.9220626292158398,1.3311655078898896,-1.196470307324558,-0.5277150319141906,Medium,-0.32877061514117467,0.0,10,4511,-0.017190006246403898
Post_4513,YouTube,#Comedy,Shorts,India,-0.3044775489152503,0.6592501668063409,0.36222251201071176,1.124940203949228,Medium,0.46048383346275756,0.0,7,4512,-0.017198552110806786
Post_4514,Twitter,#Gaming,Reel,Canada,-0.9281084969462201,0.7127090790860725,0.11108238511885211,0.8763942989581186,Low,0.1930193165542058,0.0,7,4513,-0.017207097975209668
Post_4515,Twitter,#Education,Live Stream,Canada,1.6662731855488624,0.8765915455278525,-0.46651582150310267,1.0854529108745843,Low,0.7904504551120491,0.9806816867051777,10,4514,-0.017215643839612556
Post_4516,Twitter,#Dance,Tweet,UK,0.1797270415312012,-0.6488096024395208,0.2951967595534789,0.6293886784486443,Low,0.11387571927345091,0.16528309098253505,6,4515,-0.017224189704015444
Post_4517,Instagram,#Education,Post,Germany,-0.9533273646874856,-1.667258693587266,-1.447988916391484,-0.5900265404894265,Medium,-1.1646503787889155,0.0,10,4516,-0.017232735568418325
Post_4518,YouTube,#Fashion,Video,India,0.1823953639773194,-0.5004950696281916,0.6640448428910231,-1.1234550616520353,Medium,-0.19437748110297112,0.16754235034596027,8,4517,-0.017241281432821214
Post_4519,TikTok,#Education,Live Stream,Brazil,0.7463584010380305,0.5209678404466771,-1.0288371112405545,-0.6700513206034653,Medium,-0.10789054758982808,0.5575327061336832,10,4518,-0.017249827297224095
Post_4520,Twitter,#Dance,Reel,Germany,-0.8511382896830789,1.4594433410753787,0.5749639018685508,-1.6697659621155918,Low,-0.12162425221368528,0.0,6,4519,-0.017258373161626983
Post_4521,Twitter,#Education,Post,USA,-1.6319028681106218,1.6175268042022108,-1.0344111214551706,0.07992719609083418,Medium,-0.24221499731818683,0.0,10,4520,-0.017266919026029864
Post_4522,YouTube,#Comedy,Reel,USA,1.5869930360756892,-0.6585716044356512,-0.8980199085493846,1.3637543115336432,Low,0.34853895865607415,0.9504962113083822,7,4521,-0.017275464890432753
Post_4523,Twitter,#Fitness,Video,Japan,0.7781240465528484,-0.4899778808204371,-1.4102783287666754,-1.300517764109082,High,-0.6056624817858365,0.5755589021231206,8,4522,-0.01728401075483564
Post_4524,TikTok,#Tech,Video,USA,-1.2069824545384285,0.32914346197480937,0.3226539209810312,-0.2725178984796572,Medium,-0.20692574251556128,0.0,5,4523,-0.017292556619238522
Post_4525,YouTube,#Gaming,Shorts,Japan,1.4555798687030113,0.5883180330686667,-0.42649993335743436,-1.6277582035255453,High,-0.0025900587778254214,0.8983629324202397,7,4524,-0.01730110248364141
Post_4526,Twitter,#Dance,Post,India,-0.7371720041287407,-0.2741953739577823,1.5736407319872283,-1.5627862035729398,Low,-0.25012821241805866,0.0,6,4525,-0.01730964834804429
Post_4527,YouTube,#Education,Reel,Germany,-0.5334256448994139,1.0181648235895475,-0.2808875183682098,-0.86636757908095,Low,-0.16562897968975654,0.0,10,4526,-0.01731819421244718
Post_4528,Twitter,#Education,Video,India,-0.3383318042954427,-1.1079146856713018,0.5351888660161067,-0.20481539421869868,Medium,-0.2789682545423341,0.0,10,4527,-0.017326740076850068
Post_4529,TikTok,#Dance,Shorts,Canada,0.20078307957031774,-0.27780502835095755,0.5462680715044174,0.4196299372223447,High,0.22221901498653057,0.1829739102737441,6,4528,-0.01733528594125295
Post_4530,YouTube,#Music,Post,India,-0.06563802136721503,0.6549892503921321,0.650729151822774,-0.1152688554909159,Low,0.2812028813391938,0.0,6,4529,-0.017343831805655838
Post_4531,Instagram,#Gaming,Shorts,India,0.3967163385092902,0.7695628678584259,-1.1932015976308017,0.1168240107190918,Low,0.022475404864001552,0.33412400919865676,7,4530,-0.01735237767005872
Post_4532,Twitter,#Education,Shorts,UK,-0.44393337179642584,-1.6155526461088268,-1.472452627888965,-1.5922616475169558,Medium,-1.2810500733277932,0.0,10,4531,-0.017360923534461607
Post_4533,TikTok,#Comedy,Tweet,India,-0.5596614079950809,-0.7215223142559781,-1.220486721706051,-0.3099048036247987,Low,-0.7028938118954772,0.0,7,4532,-0.01736946939886449
Post_4534,Twitter,#Education,Shorts,Australia,-1.5759146930252255,1.1399923914390553,0.20670074552883677,0.6542432689477553,High,0.10625542822260547,0.0,10,4533,-0.017378015263267377
Post_4535,YouTube,#Comedy,Post,Australia,-1.0183367172261808,-1.35596930417198,-1.3407752384362799,0.8112822731435463,High,-0.7259497466727236,0.0,7,4534,-0.017386561127670265
Post_4536,Twitter,#Music,Tweet,India,-0.5131411864890414,0.994490756293041,-1.685710129803713,-1.6636048241890518,High,-0.7169913460471913,0.0,6,4535,-0.017395106992073146
Post_4537,Instagram,#Viral,Live Stream,UK,1.4220545282622479,1.1478976038433029,0.6683801841690576,-1.6297885785240642,Low,0.40213593443763607,0.8846161586108509,6,4536,-0.017403652856476035
Post_4538,YouTube,#Tech,Reel,India,-0.6191580091010537,-0.824629563160458,-0.18021125980051816,0.9064298463500019,Low,-0.17939224642800697,0.0,5,4537,-0.017412198720878916
Post_4539,Twitter,#Tech,Video,Brazil,-1.688672901416619,-0.6771117870769889,-1.6152780377708815,-0.14411418305608129,Low,-1.0312942273301426,0.0,5,4538,-0.017420744585281804
Post_4540,TikTok,#Comedy,Tweet,India,0.38348093839455655,0.38939905555915705,1.3424225304920514,1.2603452124711452,High,0.8439119342292275,0.3246027423360916,7,4539,-0.017429290449684692
Post_4541,Instagram,#Gaming,Tweet,Brazil,1.4676037654575145,-0.5557484166254518,1.4912004327636503,0.3423356614166589,Low,0.686347860753093,0.9032475443116224,7,4540,-0.017437836314087574
Post_4542,YouTube,#Fitness,Tweet,Germany,-1.4560937215490501,1.666724800067734,1.3012023808802624,-1.0346786651650701,Medium,0.11928869855846902,0.0,8,4541,-0.017446382178490462
Post_4543,Instagram,#Viral,Reel,USA,-1.6581029987545173,-1.5273967104106274,0.4381942067876985,0.727266755963453,Low,-0.5050096866034983,0.0,6,4542,-0.017454928042893343
Post_4544,YouTube,#Music,Post,USA,0.17950159774980087,-1.474111006115213,-1.1127913391643987,1.2568445659219745,Low,-0.287639045401959,0.1650919744639129,6,4543,-0.01746347390729623
Post_4545,Twitter,#Comedy,Reel,India,0.7991430816612792,-0.7005710764729417,0.33418042358532946,1.3498217382679445,Low,0.4456435417604029,0.5873104858031113,7,4544,-0.017472019771699113
Post_4546,YouTube,#Challenge,Live Stream,Brazil,1.055924233915712,1.5864117218994278,1.1347046313214586,-1.6145257595696805,High,0.5406287068917295,0.720725495705585,10,4545,-0.017480565636102
Post_4547,YouTube,#Fashion,Tweet,Australia,-0.7242572960799504,-0.4683268827807583,1.60687834845216,1.3054335400244619,Low,0.42993192740397834,0.0,8,4546,-0.01748911150050489
Post_4548,Instagram,#Challenge,Tweet,UK,-1.6743513967623125,0.12651783360090657,-0.2686728663546997,-1.2537491262121634,Low,-0.7675638889320673,0.0,10,4547,-0.01749765736490777
Post_4549,YouTube,#Fashion,Shorts,Germany,-0.0911207062994809,-1.4563190819661267,0.5900687814007507,-1.1035013763217631,High,-0.515218095796655,0.0,8,4548,-0.01750620322931066
Post_4550,YouTube,#Fitness,Tweet,Brazil,0.6847327609387117,-0.31448355111001663,-1.7326763269824208,-1.6507924578190876,Low,-0.7533048937432033,0.5216069523767684,8,4549,-0.01751474909371354
Post_4551,TikTok,#Tech,Live Stream,USA,1.6063291230773746,0.1020123679796765,0.32310121809701886,-0.9185972255945746,Low,0.2782113708898738,0.9579427650786824,5,4550,-0.017523294958116428
Post_4552,Twitter,#Education,Post,India,-1.5720376081767056,-0.9051158493130815,-1.3659959142838938,-0.9501030445371096,Medium,-1.1983131040776975,0.0,10,4551,-0.017531840822519316
Post_4553,TikTok,#Dance,Tweet,UK,0.792616175831984,-0.12146057338667218,1.3876339466772691,1.3250371606998168,Medium,0.8459566774555995,0.5836761035710483,6,4552,-0.017540386686922198
Post_4554,TikTok,#Challenge,Reel,UK,1.424746148849909,0.7971167940036427,0.2822251431898358,1.3460410399948401,Medium,0.9625322815095569,0.8857268380233846,10,4553,-0.017548932551325086
Post_4555,Twitter,#Viral,Video,Australia,-0.8099108577440186,-0.7447598974320045,-0.45471405913511964,0.969791548889989,High,-0.2598983163552885,0.0,6,4554,-0.017557478415727967
Post_4556,YouTube,#Education,Shorts,Japan,-1.4767811007602232,0.723018418312646,0.03421609610989001,-1.075356178066432,High,-0.4487256911010298,0.0,10,4555,-0.017566024280130856
Post_4557,Instagram,#Dance,Video,India,-1.155213984030124,0.2224681285933903,-0.7680628926197294,1.2039848030294993,Medium,-0.12420598625674101,0.0,6,4556,-0.017574570144533744
Post_4558,YouTube,#Viral,Live Stream,India,0.29733263384243047,1.3283110403083385,0.6503162621772469,-0.10413679946455354,Medium,0.5429557842158655,0.2603103364795764,6,4557,-0.017583116008936625
Post_4559,TikTok,#Comedy,Reel,India,1.0261663400103256,0.082391367516198,0.5257956265803652,-0.28988110536354317,Low,0.3361180571858364,0.7061455051266988,7,4558,-0.017591661873339513
Post_4560,YouTube,#Tech,Live Stream,Australia,1.6686297240419803,-0.8556615056307688,0.6186269818830419,-1.6556233500569428,Medium,-0.05600703744067237,0.9815651287045246,5,4559,-0.017600207737742395
Post_4561,YouTube,#Music,Live Stream,USA,0.08719573143578008,0.21338510189578425,-0.29275809567711397,1.1489546392765382,High,0.28919434423274715,0.08360165764747575,6,4560,-0.017608753602145283
Post_4562,TikTok,#Fitness,Shorts,Canada,-0.265808115869708,1.4344598214174324,0.39625150029623707,-0.41184363113664524,Medium,0.28826489367682906,0.0,8,4561,-0.017617299466548164
Post_4563,TikTok,#Comedy,Shorts,USA,-0.6282470252606098,1.0300746045912141,1.26676050294921,0.44315428203277085,Medium,0.5279355910781462,0.0,7,4562,-0.017625845330951052
Post_4564,TikTok,#Gaming,Live Stream,UK,-0.23098287617874275,0.2217267984205117,-0.1317655413920049,1.7537963500422262,Low,0.4031936827229976,0.0,7,4563,-0.01763439119535394
Post_4565,Instagram,#Dance,Shorts,Australia,-0.30590627318339525,-0.098285345085,-0.884841847362978,-1.3918846390424333,High,-0.6702295261684517,0.0,6,4564,-0.017642937059756822
Post_4566,Twitter,#Comedy,Live Stream,Brazil,-1.1934325295128656,-0.3631411380644691,-0.6076552653324503,-0.24913357953119789,High,-0.6033406281102457,0.0,7,4565,-0.01765148292415971
Post_4567,Instagram,#Fitness,Reel,USA,-1.0157060829502056,0.5979622536354613,1.30164967799625,0.5656068983227569,Medium,0.3623781867510657,0.0,8,4566,-0.01766002878856259
Post_4568,Twitter,#Music,Video,USA,-0.9397013780821799,-1.4093242916611213,0.2762726508001534,0.06949526937430593,High,-0.5008144373922104,0.0,6,4567,-0.01766857465296548
Post_4569,TikTok,#Education,Reel,UK,0.21872401903725827,0.06319992285382671,0.48168524944988655,1.532345449341697,High,0.5739886601706672,0.19780442538967535,10,4568,-0.017677120517368368
Post_4570,TikTok,#Gaming,Video,UK,1.0175343785686843,-1.609275588757163,-0.196073103682851,-0.03615424347966139,Medium,-0.20599213933774776,0.7018761611995277,7,4569,-0.01768566638177125
Post_4571,Instagram,#Education,Shorts,India,1.5497125834097776,0.815165065969519,0.7606954274148255,-1.631818953522583,Low,0.3734385308178847,0.9359806404294937,10,4570,-0.017694212246174137
Post_4572,TikTok,#Gaming,Video,USA,-1.7051412612901575,-1.082924237693983,0.43213849198663434,1.070610169506101,Medium,-0.32132920937285137,0.0,7,4571,-0.01770275811057702
Post_4573,YouTube,#Education,Shorts,Australia,-1.466391500111008,0.42670805538113155,1.2139794432626623,-0.9829391091683294,Low,-0.20216077765888588,0.0,10,4572,-0.017711303974979907
Post_4574,YouTube,#Dance,Live Stream,India,1.1414462296040087,0.0855922510663841,0.9116410003254418,-1.13052636768136,High,0.25203827832861864,0.7614814090043853,6,4573,-0.01771984983938279
Post_4575,Instagram,#Viral,Shorts,Germany,0.30311057294506755,-0.6240062190852648,-1.676007223133826,-1.3604488330308817,Low,-0.8393379255762263,0.2647541548224528,6,4574,-0.017728395703785677
Post_4576,Instagram,#Music,Reel,Germany,0.17426773877613608,0.5122935845920602,-1.0804827244019028,-0.9286790876561858,High,-0.3306501221724731,0.16064475228404962,6,4575,-0.017736941568188565
Post_4577,Instagram,#Challenge,Shorts,Australia,0.18454358967546539,1.2020701330184225,-0.8080099658244765,-0.7790614541446363,Low,-0.05011442431880622,0.16935754400330813,10,4576,-0.017745487432591446
Post_4578,YouTube,#Education,Video,UK,1.5453928338719427,0.6091514894223673,1.0698121420327824,1.399670945128133,High,1.1560068526138063,0.9342849932469244,10,4577,-0.017754033296994334
Post_4579,Twitter,#Gaming,Video,USA,0.3413483051326092,-1.0803191896098487,-0.9314639698370799,0.5742184888337164,Medium,-0.2740540913701508,0.2936753059452229,7,4578,-0.017762579161397216
Post_4580,TikTok,#Dance,Live Stream,Brazil,1.2917226687529428,-1.205458494119506,1.3173050770558195,0.9989869411100714,Medium,0.6006390481998319,0.8293037918599514,6,4579,-0.017771125025800104
Post_4581,YouTube,#Comedy,Shorts,Australia,1.5443848466304841,0.12683653629205066,0.048288751528272056,-1.5653066690883426,Medium,0.03855086634061611,0.9338889102280146,7,4580,-0.017779670890202992
Post_4582,YouTube,#Viral,Tweet,Canada,0.5256927943723647,-0.9526164069322937,-1.4441696871703584,0.7169048421779082,Medium,-0.28854711438809477,0.4224485982919969,6,4581,-0.017788216754605873
Post_4583,TikTok,#Challenge,Post,Japan,0.695151141645127,1.1159857648126594,-1.3504437376357064,0.6859591266832404,Low,0.28666307387633017,0.5277719059692539,10,4582,-0.01779676261900876
Post_4584,Instagram,#Dance,Post,Brazil,-1.3306996975679237,1.3124659739029798,0.16468922409645417,-0.626573290462767,Medium,-0.12002944750781419,0.0,6,4583,-0.017805308483411643
Post_4585,TikTok,#Challenge,Live Stream,UK,0.12984297953004248,-0.2868534134517001,-0.8794398745006651,0.7184451266595432,Medium,-0.07950129544069487,0.12207866690084242,10,4584,-0.01781385434781453
Post_4586,TikTok,#Fitness,Reel,India,1.1002976002025198,-1.67512926439465,1.0800311607595783,-1.5781190354583068,Low,-0.2682298847227147,0.7420790490709951,8,4585,-0.01782240021221742
Post_4587,Instagram,#Tech,Reel,Australia,1.5778485155201045,1.2135780714964726,0.9536525217578244,1.1354421435967397,Medium,1.2201303130927852,0.9469551423250953,5,4586,-0.0178309460766203
Post_4588,TikTok,#Fitness,Live Stream,Australia,1.2324151937371417,-1.3486876405112753,-1.6758695932519836,-1.2094309408996642,Low,-0.7503932452314453,0.8030840459191678,8,4587,-0.01783949194102319
Post_4589,Instagram,#Gaming,Reel,USA,-1.6898501428039923,1.3166783920815797,-0.42109796049512144,-0.9816788764106279,High,-0.4439871469070405,0.0,7,4588,-0.01784803780542607
Post_4590,YouTube,#Education,Reel,Canada,1.6537367296804155,-0.6015584643177259,1.0440409466577991,-0.6618598076784062,Low,0.35858985108552066,0.9759687334313667,10,4589,-0.01785658366982896
Post_4591,YouTube,#Challenge,Tweet,UK,0.5426360251897038,0.8518020188123419,1.0905254392500587,-1.6010832768208656,Low,0.22097005160780975,0.4334926577973237,10,4590,-0.01786512953423184
Post_4592,Twitter,#Gaming,Reel,Australia,1.6071322237211474,-1.6297418441841105,1.2983121533615727,-1.4649781389891146,Low,-0.047318901522626244,0.9582508523921592,7,4591,-0.017873675398634728
Post_4593,YouTube,#Music,Live Stream,USA,-0.03811469333157475,1.2348826535675164,0.8311619269181175,1.229819574562378,Low,0.8144373654291093,0.0,6,4592,-0.017882221263037616
Post_4594,YouTube,#Music,Post,Canada,-0.8957878074711156,-0.2826340669537275,0.2590689155698575,-1.5787491518371575,High,-0.6245255276730357,0.0,6,4593,-0.017890767127440498
Post_4595,YouTube,#Fashion,Live Stream,Brazil,-0.7954879376500547,1.6909462045946833,0.7807893901638111,1.7473551603917525,Low,0.8559007043750481,0.0,8,4594,-0.017899312991843386
Post_4596,Twitter,#Challenge,Shorts,Australia,1.4643968447980813,-1.4473676933366018,0.05926473460520085,-1.1940280960833136,Low,-0.2794335525041583,0.9019470898450427,10,4595,-0.017907858856246267
Post_4597,Instagram,#Fashion,Post,UK,0.5464541794449094,-0.9112474119579186,1.2602918985026188,0.7520513335315805,Low,0.4118874998802975,0.4359646841524264,8,4596,-0.017916404720649155
Post_4598,Twitter,#Tech,Tweet,Germany,0.7776395822566478,0.08546754131767555,0.6905385951456788,-0.7827721394867571,Low,0.19271839480831127,0.575286406901406,5,4597,-0.017924950585052044
Post_4599,YouTube,#Education,Post,USA,-1.1337255598935498,-0.23370627554373977,1.69757644058628,-0.22798967437420772,High,0.025538732693695686,0.0,10,4598,-0.017933496449454925
Post_4600,YouTube,#Dance,Reel,Canada,0.2928929673995954,-0.8980697485110485,1.1315735515095449,1.0720804410567528,Low,0.39961930286371117,0.2568823178634651,6,4599,-0.017942042313857813
Post_4601,YouTube,#Fashion,Live Stream,Japan,-0.13596551733280368,1.3107408223791783,1.402050676800257,-1.3238320701265578,High,0.31324847793001853,0.0,8,4600,-0.017950588178260694
Post_4602,Instagram,#Fashion,Reel,Germany,1.638648442073565,-1.5144338248643108,-0.04991016916625698,-0.8448736092690428,Low,-0.1926422903065114,0.970266832305141,8,4601,-0.017959134042663583
Post_4603,Twitter,#Gaming,Tweet,India,0.8796333640157684,-0.34086659128124763,-0.50357266718916,1.1919425789003524,High,0.3067841711114283,0.6310767386826038,7,4602,-0.017967679907066464
Post_4604,YouTube,#Music,Post,UK,0.08535928969063453,-0.11825276151711338,-0.4789025108689157,0.1673033339581312,High,-0.08612316218431584,0.08191107474883562,6,4603,-0.017976225771469352
Post_4605,YouTube,#Fitness,Live Stream,UK,0.7824965595288834,1.5644974477235865,1.2840674605908877,-0.8092370273984865,Low,0.7054561101112178,0.5780149431663774,8,4604,-0.01798477163587224
Post_4606,Instagram,#Education,Post,Brazil,1.401134167635646,-1.4797991563201975,-0.6618126238374218,1.1374025056642751,Low,0.09923122328557543,0.875941195576121,10,4605,-0.01799331750027512
Post_4607,Instagram,#Gaming,Shorts,Australia,-0.9038229253455846,-1.4450397780273756,1.653672508278565,-0.34057046739553276,Medium,-0.258940165622482,0.0,7,4606,-0.01800186336467801
Post_4608,TikTok,#Challenge,Live Stream,Canada,-0.12078746335706718,1.3958275125952728,0.5908601532213443,-1.0491013289476527,High,0.2041997183779743,0.0,10,4607,-0.01801040922908089
Post_4609,TikTok,#Dance,Post,UK,-0.10223871649164003,1.015407352479214,-1.0849212880913193,-1.287915436532068,High,-0.36491702215895333,0.0,6,4608,-0.01801895509348378
Post_4610,Instagram,#Fashion,Video,USA,-1.1687488337876295,-1.285494439512904,-1.018858944806983,-0.908795415256897,Low,-1.0954744083411032,0.0,8,4609,-0.018027500957886668
Post_4611,TikTok,#Education,Tweet,Canada,-1.2253276852850838,-1.0376961688290154,-1.7228357904306915,-1.0936295530531022,High,-1.269872299399473,0.0,10,4610,-0.01803604682228955
Post_4612,YouTube,#Viral,Live Stream,Canada,0.12515388592480706,1.1665486395946039,-1.007814146789133,0.7165547775229911,Medium,0.2501107890633173,0.11791981379054535,6,4611,-0.018044592686692437
Post_4613,TikTok,#Challenge,Post,USA,-0.3075809984166548,-0.8096228233991959,0.6029715828234726,-1.581549669076494,Low,-0.523945477017218,0.0,10,4612,-0.01805313855109532
Post_4614,YouTube,#Challenge,Live Stream,USA,1.2454326877045037,-1.229569045536492,0.8138893767469004,-1.0711554022074272,High,-0.060350595823128794,0.8088982365675167,10,4613,-0.018061684415498207
Post_4615,YouTube,#Fashion,Tweet,USA,-1.1530815188394923,-0.8725527482614047,1.0007907562888352,0.5299703164522006,Low,-0.12371829858996533,0.0,8,4614,-0.018070230279901095
Post_4616,TikTok,#Music,Live Stream,Brazil,-0.087782219664276,1.487302113272994,1.1762688556378535,0.9686013290632709,Low,0.8860975195774606,0.0,6,4615,-0.018078776144303976
Post_4617,Twitter,#Viral,Tweet,UK,1.43333014352955,1.2440834616944583,1.1579640813528187,-1.1494298590468808,High,0.6714869568824865,0.8892607486071095,6,4616,-0.018087322008706865
Post_4618,YouTube,#Viral,Video,USA,1.198411556155292,1.303764004770872,1.6005129664169506,0.2058104459990073,High,1.0771247433355304,0.7877350796529341,6,4617,-0.018095867873109746
Post_4619,Twitter,#Tech,Video,Australia,1.0539205937430234,-0.2467938708387648,-0.6529354964585892,0.5203785449074733,High,0.16864244283828567,0.7197504514324072,5,4618,-0.018104413737512634
Post_4620,Twitter,#Comedy,Video,Australia,-0.9471067608955337,1.5744395860234068,0.6155303095415886,-1.6044438975080695,Medium,-0.09039519070965196,0.0,7,4619,-0.018112959601915515
Post_4621,Instagram,#Music,Reel,India,1.347881468463168,0.002265353970954689,-0.010307170666115804,1.717109574206919,Medium,0.7642373064937314,0.8535134187764197,6,4620,-0.018121505466318404
Post_4622,YouTube,#Fashion,Post,India,1.4745705950182961,1.2123379023287597,0.8630232445646255,0.6985614542602545,Low,1.0621232990429839,0.90606688400601,8,4621,-0.018130051330721292
Post_4623,TikTok,#Education,Shorts,Brazil,0.8624304274441719,1.133729190726137,-0.6877558565647081,0.42985182514592274,Low,0.4345638966878809,0.6218823161814939,10,4622,-0.018138597195124173
Post_4624,Instagram,#Dance,Video,Japan,-0.3492312231007729,-0.2581008880550067,0.8472646230936746,-0.9736273893475357,Low,-0.1834237193524102,0.0,6,4623,-0.01814714305952706
Post_4625,Instagram,#Tech,Video,UK,-0.498459245880277,0.8381740146062464,-0.6648748887084145,0.7392389671616163,Low,0.1035197117947928,0.0,5,4624,-0.018155688923929943
Post_4626,TikTok,#Fitness,Tweet,UK,-0.29954793626055737,1.009552922609285,0.35888498737603436,0.212741726166365,High,0.3204079249727818,0.0,8,4625,-0.01816423478833283
Post_4627,YouTube,#Tech,Reel,Australia,-0.8432703702361531,1.4660252444794408,1.6991591842274674,0.6498324542958004,Low,0.7429366281916389,0.0,5,4626,-0.01817278065273572
Post_4628,Twitter,#Education,Post,Japan,-1.594166045966252,-1.7263295445588824,-0.9211417286989023,-1.6908398543415986,Medium,-1.483119293391409,0.0,10,4627,-0.0181813265171386
Post_4629,YouTube,#Music,Shorts,India,1.5725872469681539,-1.2279408904839082,-0.9551019020435064,1.3224466822534306,High,0.17799778417354248,0.9449121033961109,6,4628,-0.01818987238154149
Post_4630,Twitter,#Fashion,Post,Australia,0.176572884309968,-0.6506525353926583,1.5977259613096426,1.7226405957546083,High,0.7115717264953901,0.16260587738117094,8,4629,-0.01819841824594437
Post_4631,TikTok,#Education,Tweet,USA,0.7288971291910907,-0.4226207598790747,1.6476512009479614,1.2837995443505879,High,0.8094317786526413,0.5474837076443011,10,4630,-0.018206964110347258
Post_4632,YouTube,#Education,Live Stream,India,-1.556906150484055,1.649514854745954,-0.842107769050923,0.876464311889102,High,0.031741311775019515,0.0,10,4631,-0.01821550997475014
Post_4633,Twitter,#Fitness,Video,Germany,0.1882445679834994,-1.1315263980934538,0.630669596544249,0.8469188550141025,Medium,0.13357665536209928,0.17247706505907479,8,4632,-0.018224055839153028
Post_4634,Instagram,#Tech,Post,USA,1.5927524737129835,-0.26906841762198636,-0.8935125299190471,0.11199311848123644,Medium,0.13554116116329662,0.952720042575761,5,4633,-0.018232601703555916
Post_4635,Twitter,#Comedy,Reel,UK,0.6679217813366014,1.7037150971985642,-1.3230209836786146,-0.823799717043036,Low,0.05620404445337873,0.5115784091539192,7,4634,-0.018241147567958797
Post_4636,TikTok,#Challenge,Shorts,Canada,0.6951867740968984,1.2150953734390932,-0.7147657208762727,-1.4706491863987707,Low,-0.0687831899347629,0.5277929259694181,10,4635,-0.018249693432361686
Post_4637,YouTube,#Dance,Reel,India,-1.2384239817900173,-0.5116496638182341,-1.2759171566180645,-1.3036683460033354,Low,-1.0824147870574128,0.0,6,4636,-0.018258239296764567
Post_4638,YouTube,#Fashion,Shorts,India,-1.2494714123180906,-0.3767414289930738,0.06119155295099399,1.5891259363692434,Medium,0.006026162002268298,0.0,8,4637,-0.018266785161167455
Post_4639,YouTube,#Challenge,Shorts,UK,1.5709186888900086,0.9863638376688671,-0.776940019998562,-0.8999037730220039,Low,0.22010968338457748,0.9442633015253699,10,4638,-0.018275331025570343
Post_4640,Twitter,#Music,Post,USA,1.1838467914936992,-0.8669338812501473,-1.5138792223235173,0.7256564585508345,Low,-0.11782746338228273,0.7810879050070303,6,4639,-0.018283876889973225
Post_4641,Twitter,#Challenge,Video,Australia,0.9530506046936187,0.8638503662014623,-1.0805859468132848,0.8518197601829413,High,0.3970336960661843,0.6693925628203045,10,4640,-0.018292422754376113
Post_4642,Instagram,#Comedy,Video,UK,1.504797877951826,1.453713620954158,1.5542349186474547,-0.0867735925806676,High,1.106493206243193,0.9182080438370404,7,4641,-0.018300968618778994
Post_4643,TikTok,#Fitness,Live Stream,Germany,0.36716607215941843,0.04116093892927686,0.06425381782198665,1.0038878462789103,Low,0.36911716879739803,0.3127400369462498,8,4642,-0.018309514483181882
Post_4644,Instagram,#Viral,Reel,USA,-0.08850925872830565,1.3156530008144205,1.2540985538197122,0.24683802355528617,Medium,0.6820200798652782,0.0,6,4643,-0.01831806034758477
Post_4645,Twitter,#Education,Post,Japan,-1.1135863722480916,0.562593183237842,-1.7201520077347654,1.5029400183286645,High,-0.19205129460408765,0.0,10,4644,-0.018326606211987652
Post_4646,Instagram,#Dance,Video,USA,-0.51609251283096,0.8137794020949796,1.3582499669039236,1.1127579539581145,High,0.6921737025315144,0.0,6,4645,-0.01833515207639054
Post_4647,YouTube,#Comedy,Video,Canada,1.203875655586557,-1.6629284939793303,-0.0012580059349801575,0.7813167386826464,Low,0.08025147358872325,0.7902174720886798,7,4646,-0.01834369794079342
Post_4648,Twitter,#Viral,Shorts,Australia,1.5306869098821783,-0.5660785408101434,1.2023841257174428,-1.2573897986233007,Medium,0.22740067404154418,0.9284907717706607,6,4647,-0.01835224380519631
Post_4649,Twitter,#Viral,Live Stream,Australia,-1.5137059141478773,-0.936570419265127,1.1162278196841209,0.7668940749000637,High,-0.14178860970720497,0.0,6,4648,-0.01836078966959919
Post_4650,TikTok,#Music,Reel,UK,-0.46886786516297657,1.7076434542828836,0.03724395351042208,0.89263729894627,Low,0.5421642103941497,0.0,6,4649,-0.01836933553400208
Post_4651,YouTube,#Education,Shorts,Brazil,-1.5590139470542292,-0.4946544963970077,0.9517945183529525,1.740283854362428,Medium,0.15960248231603585,0.0,10,4650,-0.018377881398404967
Post_4652,TikTok,#Music,Video,Japan,0.11297238409516067,-0.3896488879844087,-1.0188933522774435,-1.2758732124029213,High,-0.6428607671424031,0.10703425985185364,6,4651,-0.01838642726280785
Post_4653,Twitter,#Comedy,Post,Japan,0.374194573271343,-0.9149609911416843,-1.706182574727765,-1.531490423423355,High,-0.9446098540053653,0.31786779459768516,7,4652,-0.018394973127210737
Post_4654,Twitter,#Music,Reel,Germany,0.5491094823413418,1.3961046453701806,-1.3346163012238341,-0.8690980833893029,High,-0.06462506422540365,0.43768023830526276,6,4653,-0.018403518991613618
Post_4655,YouTube,#Comedy,Post,UK,-1.1272712894467116,1.6334619387594145,-0.6773648004856093,-0.8623068290839121,High,-0.25837024506420464,0.0,7,4654,-0.018412064856016506
Post_4656,TikTok,#Comedy,Video,Australia,-0.9232768735338988,1.4340856921713068,0.4159325733996956,1.4513404881938905,Low,0.5945204700577486,0.0,7,4655,-0.018420610720419395
Post_4657,TikTok,#Challenge,Tweet,USA,-1.456474029447765,-0.24321192972308034,-1.7219756036691767,0.3713910277747745,High,-0.7625676337663119,0.0,10,4656,-0.018429156584822276
Post_4658,Twitter,#Music,Shorts,USA,-0.9148518544083151,0.7614498058729975,1.1072130624234457,-0.989170260025853,High,-0.008839811534431197,0.0,6,4657,-0.018437702449225164
Post_4659,YouTube,#Tech,Post,Australia,0.42750209160039243,1.04696584722185,0.29966973071335584,-1.6792877207293357,Medium,0.023712487201565602,0.3559261277661439,5,4658,-0.018446248313628046
Post_4660,Instagram,#Comedy,Post,Australia,0.6882692817770312,-1.1189030001963995,-0.7097422301890263,0.6996816611559891,High,-0.1101735718631014,0.523703910569762,7,4659,-0.018454794178030934
Post_4661,TikTok,#Fitness,Post,Germany,-0.7459478658563821,-1.0498484410087263,-0.15681417988731575,0.28646534249189687,High,-0.4165362860651318,0.0,8,4660,-0.018463340042433815
Post_4662,YouTube,#Challenge,Shorts,Australia,-0.746076005634868,1.6392263004774985,-1.5712708830517845,1.0382641953917653,Medium,0.09003590179565282,0.0,10,4661,-0.018471885906836703
Post_4663,YouTube,#Comedy,Post,Germany,-0.6487493898183542,-0.17517583348319368,-1.398270121575929,0.5289201224874495,Low,-0.4233188055975069,0.0,7,4662,-0.01848043177123959
Post_4664,Twitter,#Music,Video,Japan,1.6452301670594316,1.146962280727989,0.738984313554192,1.364734492567411,Medium,1.2239778134772559,0.9727580812064746,6,4663,-0.018488977635642473
Post_4665,YouTube,#Comedy,Live Stream,UK,0.40834622257593584,0.9742462070860197,-0.6021156625882951,0.5476835879910036,Low,0.33204008876616603,0.3424161242240719,7,4664,-0.01849752350004536
Post_4666,Twitter,#Fitness,Tweet,Germany,1.6797456785157678,-1.7362301129424667,-0.8594491341630612,-0.6223025016727789,Medium,-0.3845590175656347,0.9857218939436417,8,4665,-0.018506069364448242
Post_4667,YouTube,#Challenge,Tweet,Australia,-0.21117123299379947,-0.8208605574217107,1.6524338393419837,1.3421203158597692,Medium,0.49063059119656066,0.0,10,4666,-0.01851461522885113
Post_4668,Instagram,#Music,Reel,Japan,-1.5668489750072123,-0.8133918291379432,0.8230761713598784,0.9007587989403456,Medium,-0.16410145846123286,0.0,6,4667,-0.01852316109325402
Post_4669,TikTok,#Music,Post,India,1.4064207900475107,-0.21801363216458056,-1.422699425602949,-1.1159636780368103,Low,-0.33756398643920726,0.8781404942172432,6,4668,-0.0185317069576569
Post_4670,YouTube,#Fashion,Tweet,Japan,-1.2737295743404404,1.4438754074449278,1.6807511875310508,-0.27342806658244156,Medium,0.39436723851327415,0.0,8,4669,-0.01854025282205979
Post_4671,Instagram,#Music,Post,Germany,-0.9108582788520806,0.154813089919002,-0.18034888968236054,0.5683374026311099,Medium,-0.09201416899608231,0.0,6,4670,-0.01854879868646267
Post_4672,Twitter,#Tech,Tweet,USA,1.3123853793436588,-0.49795930473778427,1.214667592671874,0.9934559195623819,Low,0.7556373967100326,0.8382796234867952,5,4671,-0.018557344550865558
Post_4673,Instagram,#Education,Video,UK,-0.5503017222499529,0.48203761389149147,0.16437955686230885,-0.014240196081853717,Medium,0.02046881310549843,0.0,10,4672,-0.018565890415268446
Post_4674,TikTok,#Education,Video,Brazil,-0.37728492647624257,0.6712292310017344,1.5142878454427076,-1.5687373027065297,High,0.05987371181541745,0.0,10,4673,-0.018574436279671327
Post_4675,Twitter,#Music,Shorts,Canada,-0.00831362934038828,-0.6558349182834358,0.5891741871687753,-1.4888525484544577,High,-0.3909567272273766,0.0,6,4674,-0.018582982144074216
Post_4676,TikTok,#Comedy,Tweet,USA,1.4441658350653659,-0.46118378550750744,0.5845635861270561,-1.6278982293875122,Medium,-0.015088148425649428,0.8937038929621058,7,4675,-0.018591528008477097
Post_4677,TikTok,#Comedy,Shorts,Australia,-0.08772671526824735,-1.1348727763504667,-1.5964571514289378,0.043940549565360885,Low,-0.6937790233705727,0.0,7,4676,-0.018600073872879985
Post_4678,TikTok,#Fitness,Tweet,UK,0.38021508714180896,1.0343216643666775,1.0677132863346863,-1.6325190828324172,Low,0.21243273875268887,0.3222393472718545,8,4677,-0.018608619737282867
Post_4679,Twitter,#Challenge,Video,India,-1.2217623843895644,-0.4540684015117474,1.3895263575526016,0.027417497853275873,Low,-0.06472173262385858,0.0,10,4678,-0.018617165601685755
Post_4680,TikTok,#Education,Video,Canada,1.026396580467926,1.5260522035244897,0.8809839441450544,-0.027402627106734998,Medium,0.8515075252576838,0.7062591322127508,10,4679,-0.018625711466088643
Post_4681,Instagram,#Comedy,Video,Canada,1.2441588275536732,-1.515507714367079,0.9349004503568018,-0.9105457385314824,High,-0.06174854374702157,0.8083307639229852,7,4680,-0.018634257330491524
Post_4682,Twitter,#Education,Post,Germany,1.3744276450329211,-1.0163015186061264,0.7381241267926772,1.4006511261619008,Medium,0.6242253448453432,0.8647564168783853,10,4681,-0.018642803194894413
Post_4683,YouTube,#Viral,Shorts,India,0.013746284503444006,1.0465362914207426,-1.0504450026898062,0.42425079066724986,High,0.10852209097540753,0.01365266133935754,6,4682,-0.018651349059297294
Post_4684,Instagram,#Gaming,Live Stream,India,-1.5054275362661222,-0.656541606859451,-1.637642893570266,-0.6795030662862258,High,-1.1197787757455162,0.0,7,4683,-0.018659894923700182
Post_4685,YouTube,#Viral,Video,UK,0.10010358708999897,-0.5349080319523786,-1.1254532882938963,1.119829259987439,High,-0.1101071182922092,0.0954043454524183,6,4684,-0.01866844078810307
Post_4686,TikTok,#Education,Video,UK,0.8206061519379392,1.3687585688061448,0.2966074658423632,-0.36577512254956074,Medium,0.5300492660092215,0.5991694961550434,10,4685,-0.01867698665250595
Post_4687,YouTube,#Fitness,Shorts,Germany,1.4482512327088577,-1.0199042446799291,-0.3331180585273882,0.4586971527110881,Low,0.1384815205531571,0.8953739871247598,8,4686,-0.01868553251690884
Post_4688,YouTube,#Fitness,Shorts,Australia,0.7596314893229071,1.703742810476055,-0.6753003522579738,1.3341388417276603,High,0.7805531973171621,0.5651044060602546,8,4687,-0.01869407838131172
Post_4689,TikTok,#Tech,Shorts,Brazil,-1.143010554537849,-1.3369510674939262,-0.06112700453640991,1.332738583107992,Low,-0.30208751086504826,0.0,5,4688,-0.01870262424571461
Post_4690,TikTok,#Music,Shorts,Brazil,0.5585328953559842,-1.18980049233721,-0.783683884208838,-0.5161628983019277,Low,-0.48277859487299796,0.44374492706441215,6,4689,-0.01871117011011749
Post_4691,Instagram,#Comedy,Video,Germany,-0.13342327894679998,1.6937383173018803,-1.326702583017898,-0.5883462301458245,Medium,-0.08868344370216055,0.0,7,4690,-0.01871971597452038
Post_4692,Twitter,#Education,Shorts,India,-1.7034398117180694,0.23552801061092454,0.36005484137169447,1.3059236305413457,High,0.04951666770147384,0.0,10,4691,-0.018728261838923267
Post_4693,Twitter,#Music,Shorts,Brazil,1.0883374307175309,-0.17746217887618376,0.6228246932792341,-0.5566303724103394,Low,0.24426739317756047,0.7363682617135267,6,4692,-0.01873680770332615
Post_4694,Twitter,#Fitness,Shorts,USA,0.5117659876453728,-1.4382153834452687,0.08286825934116682,0.6127256008745925,Medium,-0.05771388389603413,0.4132784957034055,8,4693,-0.018745353567729037
Post_4695,Twitter,#Gaming,Shorts,Canada,-0.9715732357128551,-0.5136103782007073,-0.7293544883515636,0.4302719027318232,High,-0.44606654988332567,0.0,7,4694,-0.018753899432131918
Post_4696,TikTok,#Music,Video,India,0.9013081732846858,1.072981686466328,-0.06732034921931644,0.3233621571201545,High,0.5575829169129629,0.6425421615116699,6,4695,-0.018762445296534806
Post_4697,YouTube,#Fashion,Reel,USA,-0.9065618274557886,0.15926107095627362,-0.3577193999067113,-0.9143964497355699,High,-0.504854151535449,0.0,8,4696,-0.018770991160937694
Post_4698,Twitter,#Fashion,Reel,Japan,1.6251389461759738,0.013468446396606087,0.9675187323534429,1.461142298531568,High,1.0168171058643978,0.9651338265193061,8,4697,-0.018779537025340576
Post_4699,TikTok,#Challenge,Live Stream,India,1.054890207574882,0.597075428755756,1.6139318798965814,-0.27419820882325907,Low,0.7479248268509902,0.7202224195500662,10,4698,-0.018788082889743464
Post_4700,Twitter,#Viral,Tweet,UK,-0.8962517145836021,0.4724765331571693,-0.3245161909122402,-1.172954203857307,High,-0.48031139404899503,0.0,6,4699,-0.018796628754146345
Post_4701,YouTube,#Comedy,Live Stream,USA,-1.6265305907666139,-1.141773382445673,-0.07120839338136332,1.0754410617439565,Medium,-0.4410178262124235,0.0,7,4700,-0.018805174618549234
Post_4702,Twitter,#Music,Reel,USA,-1.2976341528029038,0.06319992285382671,-1.4157147090994489,1.4810259709308569,Medium,-0.29228074202941723,0.0,6,4701,-0.018813720482952115
Post_4703,Instagram,#Music,Shorts,Brazil,1.651366486398155,-1.2647926212272849,0.8604426842800812,-1.2851149192927316,Low,-0.00952459246044507,0.9750751623382387,6,4702,-0.018822266347355003
Post_4704,Twitter,#Fashion,Shorts,USA,0.7092273305737762,-0.6873449147904628,1.5514479135401467,-0.3975609932160294,High,0.29394233402685765,0.536041414932401,8,4703,-0.01883081221175789
Post_4705,Instagram,#Challenge,Shorts,Canada,-1.2690898179761192,-1.680207722494837,-0.45134212702998167,0.4764104242498911,Low,-0.7310573108127617,0.0,10,4704,-0.018839358076160773
Post_4706,TikTok,#Viral,Live Stream,Japan,-0.825654919511356,0.586779946167928,0.6271600345572687,-0.0974855710211295,Medium,0.0726998725481778,0.0,6,4705,-0.01884790394056366
Post_4707,TikTok,#Challenge,Shorts,Japan,-0.6471363361362374,-1.7283803270932008,-0.07162128302689041,-0.7814418937980723,High,-0.8071449600136003,0.0,10,4706,-0.018856449804966542
Post_4708,Twitter,#Music,Tweet,Brazil,0.495338056899806,-0.27826229742955555,-0.8760679423955271,-0.7325028550406679,Low,-0.34787375949148613,0.4023523062968343,6,4707,-0.01886499566936943
Post_4709,Instagram,#Fashion,Tweet,Japan,0.49682434128235103,-1.446674861399332,-0.45939347511776013,0.5013350276799855,High,-0.22697724188868895,0.4033457580598056,8,4708,-0.01887354153377232
Post_4710,Twitter,#Viral,Video,Canada,0.7920440008852688,-1.674699708593543,-0.6969770586481466,0.5577654500526148,High,-0.2554668290759515,0.5833568683167328,6,4709,-0.0188820873981752
Post_4711,YouTube,#Dance,Reel,Australia,-0.8365981936419433,0.6386869149081755,-0.25439376611355413,-0.976077841931955,Medium,-0.35709572169481923,0.0,6,4710,-0.018890633262578088
Post_4712,TikTok,#Fitness,Live Stream,India,0.25389804561190976,-1.1882624054364714,-0.37987781088333245,-1.3115097942734775,High,-0.6564379912453429,0.2262571355656484,8,4711,-0.01889917912698097
Post_4713,Instagram,#Gaming,Tweet,Brazil,0.35209080410225346,0.8564232078339309,-1.569378472176452,-0.8259701179035217,Medium,-0.29670864453594736,0.30165213816297737,7,4712,-0.018907724991383858
Post_4714,TikTok,#Music,Tweet,USA,-1.6814443103832084,-0.551009446174527,0.6754681230839396,-1.6159960311203323,Medium,-0.7932454161485321,0.0,6,4713,-0.018916270855786746
Post_4715,Twitter,#Viral,Reel,Brazil,-0.9835957619884442,-1.43773040108918,0.11376616781477827,1.401701320126652,High,-0.22646466878404858,0.0,6,4714,-0.018924816720189627
Post_4716,Twitter,#Gaming,Video,UK,1.2659144950785337,1.113117440592363,0.9912598869712512,-0.37830743719559135,High,0.7479960963616392,0.8179784280362108,7,4715,-0.018933362584592515
Post_4717,TikTok,#Education,Tweet,Japan,-0.330426196678374,0.19955617642788062,1.3196791925176001,-1.6652151216016702,High,-0.11910148733364084,0.0,10,4716,-0.018941908448995397
Post_4718,Instagram,#Gaming,Tweet,Brazil,0.7915519989550395,0.12955936580552066,1.3624820857705764,-1.5653066690883426,High,0.1795716953606985,0.5830822827142583,7,4717,-0.018950454313398285
Post_4719,Instagram,#Viral,Post,India,-0.19045644420434057,1.3753543288489525,-0.444735892701548,0.9586594928636266,High,0.4247053712016726,0.0,6,4718,-0.018959000177801166
Post_4720,YouTube,#Education,Live Stream,Japan,1.5431706023124252,0.6620076379166743,0.0871691931487408,-1.3179509839239514,Medium,0.2435991123634722,0.9334115712178356,10,4719,-0.018967546042204055
Post_4721,Twitter,#Challenge,Live Stream,USA,-0.6972369338058537,-0.48583474583556413,-0.8795086894415862,1.111287682407463,High,-0.23782317166888522,0.0,10,4720,-0.018976091906606943
Post_4722,Twitter,#Dance,Live Stream,Brazil,1.5789976620897348,-0.3645268019390086,1.690660539023701,0.3917647906909471,High,0.8242240474663436,0.9474008203806638,6,4721,-0.018984637771009824
Post_4723,Twitter,#Gaming,Shorts,Germany,0.620206502217303,1.1992918769499707,-0.5738671293401492,-0.6335045706301247,Low,0.15303166979925,0.48255361162512633,7,4722,-0.018993183635412712
Post_4724,Instagram,#Viral,Video,Australia,-0.4879881017356617,-1.1905764641069523,-1.2020787250096343,-0.6303539887358712,Low,-0.8777493198970299,0.0,6,4723,-0.019001729499815594
Post_4725,YouTube,#Gaming,Live Stream,UK,0.1554065227182513,0.7155566183482511,0.5154045705012664,-0.050926971917161126,Low,0.3338601849126519,0.14445224976907833,7,4724,-0.019010275364218482
Post_4726,Instagram,#Viral,Video,India,0.3020011702639516,-1.2066848066484732,1.1752366315240357,-1.1168738461395946,Low,-0.21158021275002015,0.26390244260621293,6,4725,-0.01901882122862137
Post_4727,Instagram,#Comedy,Video,USA,1.285949526326506,-0.8524190521643465,-0.39928362422310626,0.9829539799148702,High,0.2543002074634808,0.8267814856566441,7,4726,-0.01902736709302425
Post_4728,Instagram,#Fitness,Tweet,Australia,-1.3982129150830225,-0.6006023562442936,0.34997345252674106,0.1976189330739482,Low,-0.36280572143165674,0.0,8,4727,-0.01903591295742714
Post_4729,YouTube,#Comedy,Shorts,Germany,-0.9051598275264723,1.6365727541577555,-1.585240316058785,0.9655207601000009,High,0.027923342668124795,0.0,7,4728,-0.01904445882183002
Post_4730,Instagram,#Viral,Video,Brazil,-1.66005044929172,-0.17298648456142138,-0.5218430340037343,0.7554819671497677,Medium,-0.39984950017677706,0.0,6,4729,-0.01905300468623291
Post_4731,Twitter,#Education,Live Stream,Brazil,0.4684328148545095,-1.208312961701057,0.18141125474030179,1.4429389364758811,Medium,0.22111751109240885,0.3841957197447729,10,4730,-0.01906155055063579
Post_4732,YouTube,#Education,Shorts,Germany,-0.3395590681631873,0.17981046621569355,-1.7008838242768338,0.07334598057839355,High,-0.4468216114114835,0.0,10,4731,-0.01907009641503868
Post_4733,Twitter,#Education,Reel,Brazil,-0.23370601778143243,1.1958277172636222,-1.3910445527792046,0.4804711742469289,Low,0.012887080237478546,0.0,10,4732,-0.019078642279441567
Post_4734,Instagram,#Fashion,Video,India,-1.1526738013624918,-0.2163993337507421,0.565433032550967,-1.279233833090125,Low,-0.5207184839130979,0.0,8,4733,-0.019087188143844448
Post_4735,Instagram,#Challenge,Shorts,USA,1.2944026402698325,0.7832462986195029,1.3597638956041898,-0.9214677557648945,High,0.6289862696821577,0.8304725221677219,10,4734,-0.019095734008247336
Post_4736,TikTok,#Tech,Shorts,Japan,-1.5781519998528002,-0.5365431153243352,-1.5417492733965967,-0.27034749761917143,Low,-0.9816979715482259,0.0,5,4735,-0.019104279872650218
Post_4737,Instagram,#Fitness,Reel,Brazil,1.3313541779963152,0.06613753026785033,-0.1007300030365511,1.0965149539699632,Medium,0.5983191647993944,0.8464492910238874,8,4736,-0.019112825737053106
Post_4738,Instagram,#Gaming,Live Stream,Japan,-0.4542688385285267,-0.09068497873315116,-0.2864271211123651,0.6351997517202674,Low,-0.04904529666344387,0.0,7,4737,-0.019121371601455994
Post_4739,TikTok,#Dance,Reel,UK,-1.6743938816086554,-0.3845912148423397,0.27080186299691933,1.3174057512226252,Medium,-0.11769437055786264,0.0,6,4738,-0.019129917465858876
Post_4740,TikTok,#Fashion,Tweet,Brazil,1.65393956055973,-0.38172289062204307,-0.6713090856845452,-0.6598994456108707,Low,-0.014747965339432234,0.9760451626890387,8,4739,-0.019138463330261764
Post_4741,Twitter,#Dance,Reel,USA,-0.26711212655665273,-0.4793082689864834,-1.591468068212152,-0.11645907531763389,Low,-0.6135868847682304,0.0,6,4740,-0.019147009194664645
Post_4742,Instagram,#Music,Video,Germany,-0.5290024242035503,1.6782673801426473,0.9840343181745269,1.1553258159960285,Medium,0.8221562725274131,0.0,6,4741,-0.019155555059067533
Post_4743,TikTok,#Dance,Tweet,Canada,-1.3624934379004845,-0.7683854664929021,-1.6518875863409512,-0.5413675534559558,Low,-1.0810335110475733,0.0,6,4742,-0.01916410092347042
Post_4744,Instagram,#Music,Shorts,UK,-0.9295118673544508,-0.5745934453191882,0.4852292189073275,-0.11932960548795374,Medium,-0.2845514248135663,0.0,6,4743,-0.019172646787873303
Post_4745,YouTube,#Education,Reel,Australia,0.8283479873247506,-1.1519649402429106,-1.568518285414937,-0.2946419846704151,Medium,-0.5466943057508781,0.6034128199721334,10,4744,-0.01918119265227619
Post_4746,Instagram,#Fitness,Tweet,Australia,1.0549340629001391,-1.385262238479744,0.8615437233348201,-0.9365205359263278,Low,-0.10132624704277812,0.7202437612534445,8,4745,-0.019189738516679072
Post_4747,Twitter,#Fitness,Live Stream,India,0.5713838761352601,-1.3849781773854635,0.0350762828714048,0.33141364418324676,Medium,-0.11177609354888794,0.4519566808791829,8,4746,-0.01919828438108196
Post_4748,Twitter,#Challenge,Live Stream,India,-1.2696537700493487,0.33682696815913055,1.449773838329098,1.2818391822830524,Medium,0.44969655468048303,0.0,10,4747,-0.019206830245484842
Post_4749,TikTok,#Dance,Video,UK,-0.5660156334811759,-1.5706017100187672,-1.1188814614359235,0.7297172085478724,Medium,-0.6314453990969986,0.0,6,4748,-0.01921537610988773
Post_4750,Twitter,#Challenge,Tweet,Brazil,0.12573154278717932,1.3756037483463697,-1.3710538124416007,-0.7927839886173849,Low,-0.16562562748135917,0.11843308458406117,10,4749,-0.01922392197429062
Post_4751,TikTok,#Tech,Live Stream,UK,0.08432800430763303,-1.2004978174486547,-1.1016433187351669,-1.6294385138691472,High,-0.961812911436334,0.0809604442469025,5,4750,-0.0192324678386935
Post_4752,YouTube,#Music,Tweet,India,1.6916722712673569,-0.756489542129981,0.9902276628574335,0.4681488983938486,High,0.5983898225971644,0.9901626626430335,6,4751,-0.019241013703096388
Post_4753,TikTok,#Viral,Shorts,Canada,0.9671514622427251,1.1434496228060314,-1.0407076885494588,1.0426049971127367,Medium,0.5281245984030085,0.6765865380910111,6,4752,-0.01924955956749927
Post_4754,Instagram,#Gaming,Live Stream,India,0.4135999534938578,0.11661033689794953,0.5286858540990549,-0.5700028422281709,High,0.12222332556567284,0.3461396091242671,7,4753,-0.019258105431902157
Post_4755,YouTube,#Challenge,Video,India,0.5061470240967932,-1.6208250971514493,0.7845742119144762,1.4432890011307982,Low,0.2782962849976546,0.40955475017491644,10,4754,-0.019266651296305046
Post_4756,Twitter,#Education,Tweet,Brazil,1.0097932284213302,0.7335702487172638,-0.45567746830801625,0.8576308334545644,Medium,0.5363292105712856,0.6980318453471817,10,4755,-0.019275197160707927
Post_4757,TikTok,#Fashion,Shorts,Germany,-0.08448621787541405,1.685486688928998,-0.3276128632536935,-0.19004266578119894,Low,0.2708362355046729,0.0,8,4756,-0.019283743025110815
Post_4758,Twitter,#Comedy,Tweet,India,-0.8734942269723973,-1.368121576351691,-0.571183346644223,0.1135334029628715,Medium,-0.67481643675136,0.0,7,4757,-0.019292288889513697
Post_4759,Instagram,#Fashion,Video,Canada,-0.6110852030564419,1.054032732982001,-1.4724870353594255,-0.3005230708730216,Medium,-0.332515644076722,0.0,8,4758,-0.019300834753916585
Post_4760,YouTube,#Music,Tweet,India,-0.30428842282507856,1.6897060354269704,1.6638227120644395,0.43818336393294866,High,0.87185592214982,0.0,6,4759,-0.019309380618319466
Post_4761,Instagram,#Tech,Live Stream,Brazil,-0.5783629632594511,0.3679836203781499,-1.1996357946069323,-0.35268270445566285,High,-0.4406744604859741,0.0,5,4760,-0.019317926482722354
Post_4762,YouTube,#Music,Tweet,Japan,-0.26885674621454103,-1.5153206497440161,1.2681712092380943,0.5824100017587756,Medium,0.01660095375957818,0.0,6,4761,-0.019326472347125243
Post_4763,TikTok,#Fashion,Reel,Canada,-0.6679470584496965,1.6270255300621788,1.3033012365783585,-1.7349480008611475,High,0.1318579268324233,0.0,8,4762,-0.019335018211528124
Post_4764,TikTok,#Viral,Video,USA,-0.3212994923486749,-1.378056786332139,0.919210643826772,1.0211810402318129,High,0.060258851344442754,0.0,6,4763,-0.019343564075931012
Post_4765,TikTok,#Fitness,Shorts,India,1.0332058049535644,1.2131693006534834,0.8242804328259992,-0.7770310791461174,Medium,0.5734061148217324,0.7096137616689487,8,4764,-0.019352109940333893
Post_4766,YouTube,#Viral,Post,India,-0.17551068640457584,-0.8658738483861246,-1.4815017926201004,0.4787908639033271,Medium,-0.5110238658768684,0.0,6,4765,-0.01936065580473678
Post_4767,Instagram,#Fitness,Video,Brazil,1.0915676495185072,1.6103144237352331,-1.2211060561743416,-0.019351140043642728,Low,0.36535621925893896,0.7379138563536038,8,4766,-0.01936920166913967
Post_4768,YouTube,#Dance,Video,Australia,0.0851290492330342,-0.5358779966645563,-1.1156815666830884,0.32882316573686055,High,-0.30940183709443747,0.08169891930497998,6,4767,-0.01937774753354255
Post_4769,Instagram,#Music,Post,India,-1.0047114158603323,0.7661679913658043,-0.10613197589886401,0.8481090748408205,Low,0.12585841861185712,0.0,6,4768,-0.01938629339794544
Post_4770,Instagram,#Dance,Tweet,Germany,-0.7945196942971103,0.10445806471823862,-0.07733292312334866,-0.9591347126339695,Medium,-0.43163231633404747,0.0,6,4769,-0.01939483926234832
Post_4771,YouTube,#Challenge,Live Stream,Canada,0.5933026306509208,1.672489161785818,-1.6945872571825455,-1.1140033159692748,Medium,-0.13569969517877045,0.4658089881836471,10,4770,-0.01940338512675121
Post_4772,Instagram,#Viral,Reel,Australia,-1.6971027172184028,1.30825355572438,1.275775260209885,-1.2461177167349715,Low,-0.08979790450477732,0.0,6,4771,-0.019411930991154097
Post_4773,TikTok,#Viral,Shorts,Japan,-0.24134438201021505,0.5305081362228812,-1.4392838263649543,0.9108406610019568,Medium,-0.05981985278758284,0.0,6,4772,-0.01942047685555698
Post_4774,Twitter,#Fitness,Video,Canada,1.0455490232950968,-0.8300475089099073,0.5760993483937504,-1.6971410181301056,Low,-0.22638503883779143,0.715666224511809,8,4773,-0.019429022719959867
Post_4775,Twitter,#Gaming,Post,Japan,0.32529725608847143,0.5771772955173696,0.860786758984687,0.3285431140129269,Medium,0.5229511061508637,0.281636778494499,7,4774,-0.019437568584362748
Post_4776,TikTok,#Education,Post,Germany,-0.7078512929970121,-0.11885552530253804,0.892820113983498,-0.8880715876858074,High,-0.2054895730004649,0.0,10,4775,-0.019446114448765636
Post_4777,YouTube,#Gaming,Video,Canada,-1.2847153333173706,1.117052725996055,0.2583463586901851,-0.6249629930501486,Medium,-0.1335698104203198,0.0,7,4776,-0.019454660313168518
Post_4778,TikTok,#Gaming,Tweet,Canada,-0.8327978556126235,1.2304623858077357,-1.2713409630468058,-1.5552948199577148,Low,-0.6072428132023521,0.0,7,4777,-0.019463206177571406
Post_4779,Twitter,#Challenge,Live Stream,Germany,-1.2910579097326942,-1.025578538246168,0.35007667493812283,-0.2188179804153809,High,-0.54634443836403,0.0,10,4778,-0.019471752041974294
Post_4780,Instagram,#Fitness,Tweet,UK,-0.9653217961453318,1.0517879575052471,1.4631239368678075,0.744980027502256,Low,0.5736425314324947,0.0,8,4779,-0.019480297906377175
Post_4781,YouTube,#Tech,Reel,Canada,-1.5519443315748762,-0.03351248726965374,1.5279476112155626,1.0000371350748227,High,0.23563198186146384,0.0,5,4780,-0.019488843770780064
Post_4782,Instagram,#Gaming,Live Stream,Brazil,0.2996720413491196,0.6030199267775302,-0.8735217895814432,0.727266755963453,High,0.18910923362716492,0.2621119567552844,7,4781,-0.019497389635182945
Post_4783,Twitter,#Viral,Shorts,Australia,-1.5555247077384529,-0.7710251561738997,1.3821287514035743,0.8651222170697894,Medium,-0.01982472385974715,0.0,6,4782,-0.019505935499585833
Post_4784,YouTube,#Gaming,Post,USA,-0.16498335262447472,1.6836021860596242,-1.3532307427430141,-0.8774996351073123,Low,-0.17802788610379428,0.0,7,4783,-0.01951448136398872
Post_4785,YouTube,#Comedy,Reel,Australia,1.4636101899012801,-0.6272556008710598,-1.639432082034217,0.4361529889344297,Medium,-0.09173112601739174,0.9016278310055387,7,4784,-0.019523027228391603
Post_4786,Twitter,#Music,Live Stream,India,-1.4910464157790442,0.9238357553302747,1.257332856043008,1.238501178004321,High,0.48215584339963985,0.0,6,4785,-0.01953157309279449
Post_4787,YouTube,#Music,Post,UK,-0.9003775413550653,-1.439400126058,-1.1710431866541806,1.3322484925911082,High,-0.5446430903690345,0.0,6,4786,-0.019540118957197372
Post_4788,TikTok,#Music,Tweet,Japan,-0.011745993781221875,-0.14566812127487624,0.16176458910730387,-1.6477118888558173,Medium,-0.4108403537011529,0.0,6,4787,-0.01954866482160026
Post_4789,TikTok,#Tech,Live Stream,USA,0.24252307062332168,1.0710625420000908,0.07037834756397199,0.6352697646512508,Low,0.5048084312096588,0.2171440467223592,5,4788,-0.01955721068600314
Post_4790,Twitter,#Education,Shorts,Japan,1.1496053758202205,-0.01789605540359421,1.5957647354933888,-0.8551655101236042,Low,0.46807713644660276,0.7652842791627891,10,4789,-0.01956575655040603
Post_4791,TikTok,#Comedy,Live Stream,Canada,-0.16906943550742357,1.1416344031303847,-0.707987449195536,0.9177019282383311,Low,0.29556986166643906,0.0,7,4790,-0.019574302414808918
Post_4792,YouTube,#Education,Video,Germany,0.3263347086265872,1.6741519584352653,0.2644708884321704,0.061443782311213654,Low,0.5816003344513091,0.28241927968988184,10,4791,-0.0195828482792118
Post_4793,Twitter,#Gaming,Post,USA,0.9997736570789728,-1.6198620607586443,-0.7333457549249922,-0.02474213572936538,Low,-0.34454407358350725,0.6930340026950588,7,4792,-0.019591394143614688
Post_4794,Instagram,#Tech,Video,Brazil,-0.3481307285325999,-0.13147199488021966,-1.0698852235000407,-0.10756743308274068,Low,-0.41426384499890023,0.0,5,4793,-0.01959994000801757
Post_4795,YouTube,#Education,Post,Germany,-1.2493460134974332,0.5279931562905921,0.2748275370408086,1.2669264279835857,High,0.20510027695438826,0.0,10,4794,-0.019608485872420457
Post_4796,Instagram,#Music,Live Stream,Australia,-0.8731982035269112,0.2773334897057796,-1.176066677341427,0.4730498035626874,High,-0.32472039689996784,0.0,6,4795,-0.019617031736823345
Post_4797,Instagram,#Education,Shorts,Germany,-0.9652395674104745,0.46617869084738756,0.6276761466141776,0.6370200879258361,Medium,0.1914088394942317,0.0,10,4796,-0.019625577601226227
Post_4798,Twitter,#Music,Post,Brazil,0.23782506890514338,-1.024414580591555,-0.35431306033111276,-0.7200405533256208,Medium,-0.46523578133578636,0.21335586290939743,6,4797,-0.019634123465629115
Post_4799,YouTube,#Fashion,Video,Canada,-1.4864710719236947,0.811458415105126,-1.534145222424806,1.7460249147030678,Low,-0.11578324113507676,0.0,8,4798,-0.019642669330031996
Post_4800,YouTube,#Gaming,Video,USA,1.445460937639368,-0.3497902666332816,1.1857309100145164,1.1876717901103644,Medium,0.8672683427827419,0.8942336277105809,7,4799,-0.019651215194434885
Post_4801,Instagram,#Challenge,Shorts,India,0.7038714989767397,1.7153061755090866,0.39752457670327895,1.1240300358464437,Medium,0.9851830717588872,0.5329030141649146,10,4800,-0.019659761058837766
Post_4802,YouTube,#Dance,Video,UK,1.2842960435164177,0.037121728734994384,-0.9875481466878445,0.6008234026074126,Medium,0.23367325704274503,0.826057899644924,6,4801,-0.019668306923240654
Post_4803,TikTok,#Challenge,Live Stream,USA,0.29564488905948516,-0.13815782307487248,-0.0721718025542599,1.1181489496438373,High,0.30086605326854754,0.2590085550284213,10,4802,-0.019676852787643542
Post_4804,TikTok,#Tech,Video,Australia,0.553211325731805,-1.23678142600347,0.7075014780827505,-1.519378186363225,Low,-0.3738617021380348,0.4403246107183525,5,4803,-0.019685398652046424
Post_4805,YouTube,#Education,Shorts,Japan,-1.230582101442463,-0.950821972214765,-0.1548185466006014,1.0441452815943717,High,-0.3230193346658644,0.0,10,4804,-0.019693944516449312
Post_4806,Twitter,#Comedy,Tweet,Japan,-0.22283949047004512,-1.0603448448583628,1.150944957378858,-1.706732789674833,Medium,-0.4597430419060957,0.0,7,4805,-0.019702490380852193
Post_4807,Twitter,#Gaming,Post,Japan,1.2003727114816378,0.9772045994581614,-1.5400633073440277,-1.2941465873895914,Low,-0.16415814594845501,0.7886267603251219,7,4806,-0.01971103624525508
Post_4808,TikTok,#Fitness,Video,Germany,-0.48638258568757364,-1.6724480047974162,0.1753899474096982,-0.47842592850186916,Low,-0.6154666428942902,0.0,8,4807,-0.01971958210965797
Post_4809,Twitter,#Tech,Tweet,Brazil,-1.610317139971133,0.5774544282922776,-1.0881211828441544,-0.6790129757693419,Low,-0.6999992175730879,0.0,5,4808,-0.01972812797406085
Post_4810,Twitter,#Comedy,Live Stream,Japan,-1.2827315650889393,-0.818179297824477,-0.28790664234217056,0.5023152087137532,High,-0.47162557413545836,0.0,7,4809,-0.01973667383846374
Post_4811,TikTok,#Challenge,Post,USA,-0.11126606110005324,1.388137078091579,-0.35692802808611773,0.46044747598567337,Low,0.3450976162227703,0.0,10,4810,-0.01974521970286662
Post_4812,Twitter,#Fitness,Tweet,Japan,1.243647638918644,-0.5541271898922406,-1.4182952693839934,-0.8695181609752034,Medium,-0.3995732453331984,0.8081029516761519,8,4811,-0.01975376556726951
Post_4813,Instagram,#Music,Reel,Australia,0.9820012865184897,-0.12222268851766888,0.6581267579718013,0.027627536646226105,Low,0.3863832231547121,0.6841070850087408,6,4812,-0.019762311431672397
Post_4814,TikTok,#Fitness,Tweet,Canada,1.6160382809456462,1.403233886004686,-0.46778889791014455,-0.011509691773500684,Low,0.6349933943166718,0.9616610668768938,8,4813,-0.019770857296075278
Post_4815,TikTok,#Dance,Post,Canada,-1.61304576348948,-0.3712126301336614,-1.277224640495567,0.21687248909438625,Low,-0.7611526362560804,0.0,6,4814,-0.019779403160478166
Post_4816,TikTok,#Education,Shorts,UK,-1.6482924254465885,0.5609373149077673,0.7913524835952128,0.3982759932724043,Medium,0.025568341582198964,0.0,10,4815,-0.019787949024881048
Post_4817,TikTok,#Dance,Post,Germany,0.8042919709422581,0.2819823920048594,0.27035456588093165,-1.5884809492438516,Medium,-0.05796300510395058,0.5901682549650334,6,4816,-0.019796494889283936
Post_4818,TikTok,#Challenge,Live Stream,USA,0.8725377094370438,-0.5954753999084976,-1.6370923740428966,0.5031553638855542,Medium,-0.21421867515719906,0.6272945747576179,10,4817,-0.019805040753686817
Post_4819,Twitter,#Education,Video,USA,-1.0886354331345696,0.2567425245301235,1.0194051978080154,-0.7756308205264492,Low,-0.14702963283071996,0.0,10,4818,-0.019813586618089706
Post_4820,Instagram,#Tech,Post,UK,0.36907583452647835,1.6469098066618197,-0.5756563178041,-1.2018695443534557,High,0.05961494475768564,0.314135938874729,5,4819,-0.019822132482492594
Post_4821,TikTok,#Education,Reel,Canada,1.4065167235715108,-1.5301333965628428,1.08536431868097,1.267486531431453,Medium,0.5573085442802728,0.8781803590705646,10,4820,-0.019830678346895475
Post_4822,Twitter,#Music,Live Stream,USA,0.9648168514122359,-0.9939299753516871,1.3765547411889585,0.34520619158697874,Medium,0.42316195220912156,0.6753990355891574,6,4821,-0.019839224211298363
Post_4823,TikTok,#Fashion,Video,USA,-0.1465517817062192,-1.3770591083424704,1.0095646612562863,-1.2624307296541064,Low,-0.4441192396116274,0.0,8,4822,-0.019847770075701245
Post_4824,YouTube,#Viral,Live Stream,Japan,-1.0175048365252082,-0.037219138134046745,1.157172709532225,0.45463640271405026,High,0.1392712843967551,0.0,6,4823,-0.019856315940104133
Post_4825,YouTube,#Education,Reel,UK,-0.6302506654332984,-1.7214104378042674,-0.7710907500202614,-0.8527850704701682,High,-0.993884230931999,0.0,10,4824,-0.01986486180450702
Post_4826,Instagram,#Fashion,Live Stream,Canada,0.19599942291999645,0.43962244269183914,-0.4066124154312123,-0.1455144416757495,Low,0.020873752126218434,0.17898217301995942,8,4825,-0.019873407668909902
Post_4827,TikTok,#Viral,Shorts,USA,-1.7081652230145332,0.4667883829521849,-1.6792415253571216,0.7864276826444353,High,-0.5335476706937586,0.0,6,4826,-0.01988195353331279
Post_4828,Instagram,#Fashion,Video,USA,-0.38336916761622286,0.6436614482177722,-0.45712258206736106,1.3108945486411678,Medium,0.27851606179383903,0.0,8,4827,-0.019890499397715672
Post_4829,Instagram,#Gaming,Reel,India,0.6428707972623362,-0.2139605653315527,1.0018917953435742,-0.9545138591890645,Low,0.11907204202132332,0.496445197656426,7,4828,-0.01989904526211856
Post_4830,YouTube,#Comedy,Reel,USA,1.6968636453946786,-1.701789437340789,-0.33449435734581184,-0.6625599369882403,Low,-0.2504950215700406,0.9920894849984021,7,4829,-0.01990759112652144
Post_4831,Twitter,#Fashion,Reel,USA,0.4888762488189394,-1.5873474579425764,0.15281864678755,-0.5718231784337395,Low,-0.3793689351924566,0.39802163998538964,8,4830,-0.01991613699092433
Post_4832,TikTok,#Gaming,Video,Japan,0.8274825298903778,1.2558685329474164,-0.19170335493435584,0.6069845405339528,Low,0.6246580621093477,0.6029393530285948,7,4831,-0.019924682855327218
Post_4833,Twitter,#Dance,Video,Japan,0.2066213197451834,-0.014251759413555472,1.0775882303568762,0.27988412697945625,Low,0.38746047941699013,0.1878241561417408,6,4832,-0.0199332287197301
Post_4834,TikTok,#Dance,Shorts,India,1.004785498468523,-0.19926559994206192,1.1905135484085385,-1.2910660184263214,Low,0.1762418571271695,0.6955370717279404,6,4833,-0.019941774584132987
Post_4835,TikTok,#Tech,Tweet,Canada,-0.6492071297757263,-0.476045030561943,0.425256997894516,1.3568930442972689,Low,0.1642244704635289,0.0,5,4834,-0.01995032044853587
Post_4836,Twitter,#Music,Reel,Germany,-0.38300462022502235,-0.5341667017795,-0.6966329839435408,0.4403537647934344,High,-0.2933626352886572,0.0,6,4835,-0.019958866312938757
Post_4837,TikTok,#Comedy,Reel,Brazil,-1.0192145089707823,1.508627480302156,-0.6344930922917119,-0.01704071332119016,High,-0.04053020857038209,0.0,7,4836,-0.019967412177341645
Post_4838,Twitter,#Challenge,Post,UK,0.8980012076645096,1.1042838333921738,-0.1371675142543178,-0.5903766051443435,Medium,0.3186852304145055,0.6408013364702048,10,4837,-0.019975958041744526
Post_4839,TikTok,#Music,Post,USA,0.60055794602316,0.36834389298553016,1.6943421383629844,-0.205725562321483,Low,0.614379603762548,0.4703522847228253,6,4838,-0.019984503906147415
Post_4840,Twitter,#Challenge,Live Stream,USA,0.5278972097059965,-1.0087912204061227,1.4354603306174916,1.1202493375733396,Low,0.5187039143726763,0.42389241734670546,10,4839,-0.019993049770550296
Post_4841,TikTok,#Challenge,Tweet,Australia,-1.629227693269932,1.1677264538879624,1.16966262130942,0.41738952343087554,High,0.2813877263395814,0.0,10,4840,-0.020001595634953184
Post_4842,Twitter,#Viral,Live Stream,Australia,-1.4188763109131957,0.2687770152804985,-0.7620071778186652,1.7376933759160418,Low,-0.04360327438383016,0.0,6,4841,-0.020010141499356073
Post_4843,YouTube,#Viral,Shorts,Germany,-0.9407545911278101,-1.051047040260203,-0.28333044877091185,-1.3489667123496023,High,-0.9060246981271318,0.0,6,4842,-0.020018687363758954
Post_4844,TikTok,#Education,Reel,Australia,-0.398388246037902,0.07754847227468263,-0.9360745708787992,-0.24640307522284485,Low,-0.37582935496621583,0.0,10,4843,-0.020027233228161842
Post_4845,Twitter,#Tech,Video,Germany,-1.21881242852656,-0.8016206145237306,-1.1507083716119708,0.7435797688825878,High,-0.6068904114449184,0.0,5,4844,-0.020035779092564723
Post_4846,Twitter,#Dance,Tweet,UK,-1.6444776973886688,1.1893150970532869,1.2672078000651976,-0.16980892872699313,Low,0.16055906775070564,0.0,6,4845,-0.02004432495696761
Post_4847,Instagram,#Education,Live Stream,Canada,0.2760120933728564,0.8294443321966479,1.452870510670551,0.39953622603010575,Low,0.7394657905675402,0.2437396624426208,10,4846,-0.020052870821370493
Post_4848,Instagram,#Challenge,Live Stream,Canada,-1.013111766365459,1.451787548168548,-0.013162990714344925,-1.1555209840424376,Medium,-0.18250204823842336,0.0,10,4847,-0.02006141668577338
Post_4849,YouTube,#Challenge,Post,Canada,0.6248702419626242,1.0149777966781068,-0.7959329436928088,-1.6895096086529138,High,-0.21139862842624788,0.4854279614935084,10,4848,-0.02006996255017627
Post_4850,Instagram,#Fitness,Tweet,Japan,-1.4933913052013905,-1.3245008775811893,0.7948964530526538,-1.5291099837699191,High,-0.8880264283749613,0.0,8,4849,-0.02007850841457915
Post_4851,TikTok,#Fashion,Reel,Japan,1.250854987528883,-1.162094143165794,1.12025349372801,0.13712776070428104,Medium,0.336535524698845,0.811310138494001,8,4850,-0.02008705427898204
Post_4852,Instagram,#Tech,Video,UK,0.1714932042141606,1.2518293227531339,0.8205644260162552,-0.8370321609989007,Low,0.35171369799616226,0.15827917802200828,5,4851,-0.02009560014338492
Post_4853,YouTube,#Comedy,Live Stream,India,-0.3550413684578957,1.3836128855412075,0.4936590491701725,-0.739994238655893,Low,0.19555908189939783,0.0,7,4852,-0.02010414600778781
Post_4854,TikTok,#Education,Video,Japan,0.5313727442326301,1.6357136425555412,-0.8837064008377784,-0.6596894068179204,Medium,0.15592264478311818,0.4261645515971596,10,4853,-0.020112691872190697
Post_4855,Instagram,#Gaming,Tweet,Canada,1.606940356673147,1.599561672068807,0.03490424551910184,-0.7007169843741994,Low,0.6351723224717142,0.9581772565435673,7,4854,-0.020121237736593578
Post_4856,Instagram,#Education,Shorts,Australia,-1.3940596787332735,0.7265241479152308,-0.5049489660075838,0.8441183377747661,Medium,-0.0820915397627151,0.0,10,4855,-0.020129783600996466
Post_4857,TikTok,#Music,Shorts,USA,-1.5854621343816109,-1.503992847569656,-0.9844170668759307,1.6130703587655701,Medium,-0.615200422515407,0.0,6,4856,-0.020138329465399347
Post_4858,TikTok,#Music,Tweet,Japan,-1.616933126929857,-1.3529485569254842,-0.38211429646327094,-1.0163352772474163,High,-1.0920828143915071,0.0,6,4857,-0.020146875329802236
Post_4859,YouTube,#Dance,Shorts,Japan,1.2310330657520827,-0.45527392908259673,0.7580460521893599,1.7018467552525354,Low,0.8089129860278453,0.8024647363858731,6,4858,-0.020155421194205117
Post_4860,Twitter,#Gaming,Video,Australia,-0.036668838077001206,-0.028731946902492655,-1.1560415295333626,-0.3227871829257463,Low,-0.38605737435965065,0.0,7,4859,-0.020163967058608005
Post_4861,YouTube,#Fashion,Post,Australia,-1.6649485409313844,1.6659349716592464,0.6147733451914557,0.17808532532957652,Low,0.19846127531222355,0.0,8,4860,-0.020172512923010893
Post_4862,YouTube,#Music,Post,UK,-0.6393047343805404,0.09664984878520885,0.9784259004894506,0.7527514628414146,High,0.2971306194338834,0.0,6,4861,-0.020181058787413775
Post_4863,YouTube,#Viral,Post,Canada,1.152355927001196,-0.846322131116373,0.1604571052298014,-1.157131281455056,Low,-0.1726600950851079,0.7665630222114428,6,4862,-0.020189604651816663
Post_4864,Twitter,#Fashion,Post,USA,0.20600460423375394,0.7849229519076956,1.0813386446370807,1.4956586735063897,High,0.8919812185712299,0.18731291607030465,8,4863,-0.020198150516219544
Post_4865,Twitter,#Fashion,Reel,UK,-1.3284500564301205,0.9357316796931959,-0.9649424385952358,-1.4809410872533322,Low,-0.7096504756463731,0.0,8,4864,-0.020206696380622433
Post_4866,Instagram,#Tech,Video,Canada,1.0177632485473704,0.31252242379970874,0.2587592483357122,-1.204319996937875,Medium,0.0961812309362291,0.70198959520122,5,4865,-0.02021524224502532
Post_4867,YouTube,#Gaming,Live Stream,Canada,-1.6356915570691701,1.2252107197232311,0.7589062389508747,-0.07956226068937626,Medium,0.06721578522888987,0.0,7,4866,-0.020223788109428202
Post_4868,Instagram,#Comedy,Video,Japan,0.721086769858565,1.0513237601072765,1.059902790540132,0.6085248250155878,High,0.8602095363803903,0.5429559342376795,7,4867,-0.02023233397383109
Post_4869,TikTok,#Tech,Tweet,Japan,-1.4936811614917622,0.03722565352558484,1.3565984083218152,-0.9884701307160189,High,-0.27208180759009526,0.0,5,4868,-0.02024087983823397
Post_4870,TikTok,#Fitness,Post,Japan,0.9942684432802791,-0.6331723856153432,-1.4207037923162347,-0.3661251872044778,High,-0.3564332304639441,0.6902772879951345,8,4869,-0.02024942570263686
Post_4871,Twitter,#Comedy,Reel,Canada,0.6926630371762377,1.3694929706596506,-1.4052204306089684,1.3041733072667605,Low,0.4902772211234201,0.5263030503680279,7,4870,-0.020257971567039748
Post_4872,YouTube,#Dance,Reel,UK,1.3325704780327454,-0.9880339755655219,0.6838979533467846,1.435447552860656,High,0.6159705021686661,0.8469708689453626,6,4871,-0.02026651743144263
Post_4873,Instagram,#Viral,Post,Japan,-1.527889685671298,0.44852533308575504,-0.4588085481199301,1.339179772758466,Medium,-0.0497482819867518,0.0,6,4872,-0.020275063295845518
Post_4874,Instagram,#Fitness,Video,Japan,0.1814517892448323,0.6144932236587168,1.6049859375768276,0.8759042084412347,High,0.8192087897304029,0.1667440121104986,8,4873,-0.0202836091602484
Post_4875,Twitter,#Tech,Reel,India,-0.526352603222775,0.9918441382926706,1.168389544902378,-0.6319642861484897,High,0.250479198455946,0.0,5,4874,-0.020292155024651287
Post_4876,Twitter,#Fitness,Live Stream,Japan,0.322837246437325,0.1946578546313837,-1.3328615202303438,0.5448130578206838,High,-0.06763834033523783,0.2797788589995223,8,4875,-0.02030070088905417
Post_4877,TikTok,#Music,Live Stream,India,-0.16474283357501723,-0.4930332696637965,1.0486859551699792,1.2988523245120212,High,0.4224405441107967,0.0,6,4876,-0.020309246753457057
Post_4878,Instagram,#Music,Tweet,Canada,0.10549368065989258,1.4549399334831254,0.6428154336168379,-0.7906135877568992,Medium,0.35315886500073923,0.10029200502574925,6,4877,-0.020317792617859945
Post_4879,Twitter,#Dance,Video,UK,-0.3575945706752137,0.43383036769626426,1.0077066578514142,0.06263400213793165,Medium,0.2866441142525991,0.0,6,4878,-0.020326338482262826
Post_4880,TikTok,#Tech,Post,Canada,-1.0256886513618773,1.3814720348550442,0.1272194887648697,-0.9168469023199893,Medium,-0.10846100751548818,0.0,5,4879,-0.020334884346665714
Post_4881,Twitter,#Gaming,Tweet,Canada,0.5966966216821543,-1.6481365321186217,0.5244537352324021,-0.26670682520803407,Medium,-0.1984232501030248,0.4679368835487634,7,4880,-0.020343430211068596
Post_4882,YouTube,#Viral,Post,Japan,0.9968319240894542,0.587833050712578,-0.09550006752654114,0.01663550648183057,High,0.3764501034393304,0.6915618866900978,6,4881,-0.020351976075471484
Post_4883,TikTok,#Tech,Reel,India,0.1984313377534,1.3227960980876714,-1.402811907676727,1.0387542859086492,Low,0.2892924535182484,0.18101348309963583,5,4882,-0.020360521939874372
Post_4884,Instagram,#Dance,Reel,UK,-1.4558826677962498,1.3308398768793728,0.019971403339204993,-0.4352979630160879,Low,-0.13509233764843998,0.0,6,4883,-0.020369067804277254
Post_4885,TikTok,#Music,Video,Japan,-0.38013620785741814,-1.1440250862417995,0.041751332140759614,-0.05148707536502841,Medium,-0.38347425933087165,0.0,6,4884,-0.020377613668680142
Post_4886,YouTube,#Tech,Shorts,Brazil,0.2968598186170012,-1.2215114101060454,-0.09574091981976528,1.427746130452481,Medium,0.10183840478591794,0.25994581824175916,5,4885,-0.020386159533083023
Post_4887,Instagram,#Fitness,Shorts,Japan,-0.44532440789442784,-0.96750536526422,-0.5289653803890768,0.9412262730487572,Low,-0.25014222012474185,0.0,8,4886,-0.02039470539748591
Post_4888,YouTube,#Fitness,Reel,Canada,-1.690753288408508,0.9978787044662899,-1.0889469621352086,-0.3148057087936375,High,-0.524156813717766,0.0,8,4887,-0.020403251261888793
Post_4889,YouTube,#Viral,Reel,India,-1.6066134207052705,-0.8329781880045581,-1.6589755252558331,1.1328516651503535,Low,-0.7414288672038271,0.0,6,4888,-0.02041179712629168
Post_4890,Twitter,#Gaming,Reel,India,-1.6809406593822078,1.690606716945421,0.5847700309498196,1.2120362900925914,Low,0.45161809465140607,0.0,7,4889,-0.02042034299069457
Post_4891,Twitter,#Education,Video,USA,0.6356312423976114,-1.0854600025843901,0.2355342057748127,0.6388404241314048,High,0.1061364674298597,0.4920288108162659,10,4890,-0.02042888885509745
Post_4892,TikTok,#Fitness,Shorts,Brazil,0.5217094974079874,-0.1821734360496179,1.5631464534967479,-1.2798639494689756,Low,0.15570464134653544,0.41983437223876613,8,4891,-0.02043743471950034
Post_4893,TikTok,#Viral,Live Stream,Brazil,-1.2709235187634362,-1.1738376445025158,-0.11955088937849481,-0.010389484877766107,Low,-0.6436753843805532,0.0,6,4892,-0.02044598058390322
Post_4894,TikTok,#Dance,Shorts,Brazil,0.79969949610048,0.561907279619945,-0.9705852637507728,1.3809774925555625,Low,0.44299975113130363,0.5876197043541379,6,4893,-0.020454526448306108
Post_4895,Twitter,#Fitness,Shorts,UK,0.9087841357621254,-1.2836237932822758,0.2557657984056407,-0.03083326072492214,Medium,-0.037476779959857986,0.6464664612216363,8,4894,-0.020463072312708996
Post_4896,YouTube,#Gaming,Live Stream,India,-1.39936274689211,-0.6248099041324977,-0.980425800302502,1.3818176477273634,High,-0.40569520089993655,0.0,7,4895,-0.020471618177111878
Post_4897,Instagram,#Fashion,Live Stream,India,0.6095791234764589,-1.3315054084669862,0.31391442348404086,-0.8189688248051806,High,-0.30674517157791675,0.4759727308320016,8,4896,-0.020480164041514766
Post_4898,TikTok,#Music,Reel,Australia,0.12701157009312405,-0.5378664243245204,1.044316206421484,-1.6799178371081864,Low,-0.2616141212295247,0.11956950128100534,6,4897,-0.020488709905917647
Post_4899,Twitter,#Fashion,Post,Canada,0.25274889904227954,-1.1543205688296276,-1.5466695416724614,-0.9696366522814812,Medium,-0.8544694659353227,0.22534025602456648,8,4898,-0.020497255770320535
Post_4900,TikTok,#Tech,Reel,Australia,-0.7459704787584679,-0.6526063214557589,-0.5704951972350112,-0.8128776998096239,Low,-0.6954874243147154,0.0,5,4899,-0.020505801634723424
Post_4901,TikTok,#Gaming,Reel,India,-0.012646398427908906,-0.056105736744019356,0.5498464484323189,-0.5532697517231356,Low,-0.018043859615686247,0.0,7,4900,-0.020514347499126305
Post_4902,Twitter,#Gaming,Post,India,-1.2044566618993962,-1.3641447210317628,1.20919680486864,-0.5900265404894265,Low,-0.4873577796379864,0.0,7,4901,-0.020522893363529193
Post_4903,Twitter,#Fitness,Reel,Germany,0.3062277272356149,-1.3271059256653235,0.3087877103854127,0.48873270010297143,High,-0.05583944698533114,0.2671433856655121,8,4902,-0.020531439227932075
Post_4904,YouTube,#Tech,Shorts,Australia,-0.6036544663831739,-0.11534979569995324,-0.6478775983008822,-0.9875599626132345,High,-0.588610455749311,0.0,5,4903,-0.020539985092334963
Post_4905,TikTok,#Viral,Reel,India,1.032984472608907,-0.9384618504538733,0.9842063555268299,0.4612876311574743,Medium,0.38500415220983447,0.7095048969431157,6,4904,-0.020548530956737844
Post_4906,YouTube,#Education,Post,India,-0.98460443446936,-0.7050606274264495,-0.8312006009149153,-1.7306772120711595,Medium,-1.0628857187204712,0.0,10,4905,-0.020557076821140732
Post_4907,Instagram,#Gaming,Reel,USA,-0.015656655363141883,1.2698775947190102,0.07763832383115686,1.4185744364936541,Medium,0.6876084249201698,0.0,7,4906,-0.02056562268554362
Post_4908,TikTok,#Gaming,Post,Brazil,-1.346247780850518,0.5363209961765741,-0.18206926320539013,1.297102001237436,Medium,0.0762764883395255,0.0,7,4907,-0.020574168549946502
Post_4909,YouTube,#Dance,Video,Japan,-0.5033258165049127,1.372735424126073,-1.2323917064854157,1.1124078893031975,Low,0.1873564476097355,0.0,6,4908,-0.02058271441434939
Post_4910,YouTube,#Fitness,Shorts,Australia,1.6655879460917187,-1.6058322140289325,-1.469149510724748,-0.2592854545237925,Medium,-0.41716980829643857,0.9804246509557468,8,4909,-0.02059126027875227
Post_4911,YouTube,#Tech,Post,Germany,-0.6260432951664352,1.6639119024024187,-0.9717551177464329,0.18396641153218304,High,0.06251997525543343,0.0,5,4910,-0.02059980614315516
Post_4912,YouTube,#Challenge,Tweet,Canada,1.6073364250793762,-1.232686789254206,-0.3498056817007752,0.6625748077347812,Low,0.17185469046479407,0.9583291734530712,10,4911,-0.020608352007558048
Post_4913,Twitter,#Gaming,Live Stream,USA,-0.40274636898533694,-1.0202090907323278,-1.1171610879128937,-0.14124365288576143,High,-0.6703400501290799,0.0,7,4912,-0.02061689787196093
Post_4914,YouTube,#Tech,Live Stream,Brazil,0.7061334744247717,0.009450021160441703,0.6974544967082578,-0.05246725639879617,Low,0.3401426839736687,0.5342296842416108,5,4913,-0.020625443736363817
Post_4915,YouTube,#Fitness,Shorts,UK,0.8101398044695238,0.7467617688028794,0.4219194732598386,-1.3857935140468767,Low,0.14825688312134128,0.5934040823332871,8,4914,-0.0206339896007667
Post_4916,Twitter,#Fitness,Reel,USA,1.2452401354170461,1.6384780419852474,1.6821274863494744,-1.0761263203072495,High,0.8724298358611295,0.8088124800249408,8,4915,-0.020642535465169587
Post_4917,TikTok,#Dance,Video,Japan,0.2441792943912384,1.6389214544250998,0.031738758236727393,0.7246762775170668,Medium,0.6598789461425332,0.2184761112557894,6,4916,-0.020651081329572468
Post_4918,Instagram,#Fitness,Reel,Japan,-0.9124034938279401,1.0979513494855286,0.6836226935830998,-1.06177366945565,High,-0.04815078005374043,0.0,8,4917,-0.020659627193975356
Post_4919,Instagram,#Fashion,Reel,Canada,-1.3526486026196987,-0.522818114647022,-1.0906673356582381,0.3508072260656516,Low,-0.6538317067148268,0.0,8,4918,-0.020668173058378245
Post_4920,Instagram,#Education,Live Stream,Brazil,0.4592067508035245,0.7607569739357277,1.2156998167856918,1.4420987813040802,Medium,0.969440580707256,0.3778929667002577,10,4919,-0.020676718922781126
Post_4921,TikTok,#Gaming,Reel,Brazil,-1.562804006491692,-1.4297351205330873,0.08407252080728754,0.15141039862489689,High,-0.6892640518981487,0.0,7,4920,-0.020685264787184014
Post_4922,YouTube,#Tech,Post,Brazil,0.8990119358637968,-1.675288615740222,0.5090047809955964,-1.1306663935433268,Medium,-0.34948457310603886,0.641333717152048,5,4921,-0.020693810651586896
Post_4923,Twitter,#Dance,Tweet,UK,1.2819162068817571,0.8061859640625033,-1.54367609174239,-1.2684518417186796,High,-0.18100644062920224,0.8250155316078563,6,4922,-0.020702356515989784
Post_4924,Instagram,#Dance,Shorts,Japan,0.5929250637100345,-0.5617899111184438,-0.83089093368077,1.3132049753636204,Medium,0.12836229856861026,0.46557198883590944,6,4923,-0.020710902380392672
Post_4925,TikTok,#Fitness,Live Stream,USA,0.4044437838675015,-0.9873827135444883,0.19754835838631934,-1.1849964279864538,Low,-0.3925967498192803,0.33964134103487453,8,4924,-0.020719448244795553
Post_4926,YouTube,#Music,Live Stream,Australia,-0.4223627189249942,0.7961676142495832,-1.329902477770733,-0.2405920019512217,High,-0.29917239609934143,0.0,6,4925,-0.02072799410919844
Post_4927,TikTok,#Comedy,Post,India,1.2345716423087736,1.4832213331624755,1.3751784423705349,0.4597473466758393,Low,1.1381796911294058,0.8040495507743649,7,4926,-0.020736539973601323
Post_4928,TikTok,#Fashion,Live Stream,Japan,-0.30508809727156544,1.5453614296161968,-1.295013302723693,-0.22168851058570074,Low,-0.06910712024119059,0.0,8,4927,-0.02074508583800421
Post_4929,Instagram,#Comedy,Reel,Australia,0.16182310499494643,0.02624426731985975,-0.2918635014451386,0.7238361223452658,Low,0.15500999830373335,0.1499904136181286,7,4928,-0.0207536317024071
Post_4930,YouTube,#Education,Tweet,Japan,0.4457075334977905,-0.903709400480424,-1.3577725288438123,-0.4598725017912652,Medium,-0.5689117244044277,0.36859884428761847,10,4929,-0.02076217756680998
Post_4931,TikTok,#Fitness,Video,Japan,1.2191393644944366,-0.2239096319507459,0.24936600889997063,0.4435743596186713,High,0.42204252526558317,0.7971194470681766,8,4930,-0.02077072343121287
Post_4932,Twitter,#Education,Live Stream,USA,-0.42220168765256544,1.5538763341252415,-1.4514640709080038,-0.189202510609398,Low,-0.1272479837611814,0.0,10,4931,-0.02077926929561575
Post_4933,Instagram,#Gaming,Video,Japan,-0.9249125401181012,0.30776959671003845,-1.1729011900590525,-1.1030812987358627,High,-0.7232813580507444,0.0,7,4932,-0.02078781516001864
Post_4934,Twitter,#Fitness,Video,Japan,-1.0786103798765547,0.33239284376060435,-0.5548053907049812,-0.7841723981064254,High,-0.5212988312318393,0.0,8,4933,-0.02079636102442152
Post_4935,TikTok,#Challenge,Reel,Brazil,-0.729685763059444,-1.1598770809665309,1.5097460593419094,0.2735129502599658,Low,-0.026575958606024908,0.0,10,4934,-0.020804906888824408
Post_4936,TikTok,#Challenge,Tweet,India,0.3627229795192976,-0.9522353493667953,-1.2341120800084453,-0.23506098040353224,Medium,-0.5146713575648688,0.3094848888583561,10,4935,-0.020813452753227296
Post_4937,TikTok,#Viral,Video,Brazil,0.9607389914027729,0.9240713181889465,0.6688962962259666,-1.2846248287758477,High,0.3172704442604595,0.6733214386120383,6,4936,-0.020821998617630177
Post_4938,TikTok,#Challenge,Tweet,India,-0.6804979043467435,-0.0199121963410491,-0.30686515856595664,-0.20271500628919634,Medium,-0.3024975663857364,0.0,10,4937,-0.020830544482033066
Post_4939,TikTok,#Viral,Reel,USA,-0.389795343245318,-1.541156352684804,-0.9464656269578979,1.3001125572697225,High,-0.3943261914045743,0.0,6,4938,-0.020839090346435947
Post_4940,Twitter,#Music,Post,USA,0.6046851432735375,0.8229732819025487,-0.9416485810934151,0.671046372383774,Low,0.28926405411661127,0.47292756492241267,6,4939,-0.020847636210838835
Post_4941,Instagram,#Fitness,Video,Australia,-0.44806673620191756,-1.1918582031909013,0.17487383535278936,-1.600803225096932,Medium,-0.7664635822842403,0.0,8,4940,-0.020856182075241723
Post_4942,TikTok,#Music,Live Stream,USA,-0.7265603858954108,0.5771080123236426,-1.390597255663217,0.10338152797027689,Medium,-0.35916702531617706,0.0,6,4941,-0.020864727939644605
Post_4943,Twitter,#Education,Tweet,Brazil,1.5227888398991383,0.9946570359579857,1.1987713413190806,1.5363361864077516,High,1.313138350895989,0.9253649721013395,10,4942,-0.020873273804047493
Post_4944,TikTok,#Fashion,Video,India,0.3983794146717784,1.6722674555658916,0.057578768552631845,0.9312844368491129,Medium,0.7648775189098536,0.33531400518133536,8,4943,-0.020881819668450374
Post_4945,TikTok,#Comedy,Video,Australia,-1.6872887177131886,-0.7702768976816484,-0.3991115868708033,-1.497254100172467,Medium,-1.088482825609527,0.0,7,4944,-0.020890365532853263
Post_4946,TikTok,#Gaming,Live Stream,India,0.7451235995362573,0.640758482400612,1.030071513650799,1.4755649623141507,High,0.9728796394754546,0.5568253838258199,7,4945,-0.020898911397256144
Post_4947,Instagram,#Tech,Post,Germany,0.7352390203669571,-0.4565695248052911,1.5658302361926741,0.859941260177017,Low,0.6761102479828393,0.5511451678105113,5,4946,-0.020907457261659032
Post_4948,Instagram,#Education,Live Stream,Brazil,-0.03353523803948233,-1.2307953580654596,1.2237855723439308,-1.4246506907426697,Medium,-0.36629892862592023,0.0,10,4947,-0.02091600312606192
Post_4949,Instagram,#Comedy,Live Stream,Brazil,-0.8916510168683383,1.7188049767922988,0.39552894341656464,1.305293514162495,Medium,0.6319941043757551,0.0,7,4948,-0.0209245489904648
Post_4950,Twitter,#Fashion,Shorts,USA,-1.265106521011742,1.060898697480344,0.37023945262802965,1.4745147683493995,Low,0.4101365993615078,0.0,8,4949,-0.02093309485486769
Post_4951,Instagram,#Education,Live Stream,Japan,0.5671867844602541,-0.2229258105998229,-0.1305268724554236,0.7702546955872674,Low,0.24599719924806876,0.4492821550324035,10,4950,-0.02094164071927057
Post_4952,Instagram,#Challenge,Tweet,Germany,1.5980767842949912,0.7416694540639469,-0.06979768709247905,-1.684748729346042,Medium,0.14629995548010427,0.9547714729675485,10,4951,-0.02095018658367346
Post_4953,TikTok,#Dance,Tweet,Japan,0.4018665982691835,-0.01647574993219128,0.8174333462043414,-0.06485954518285994,Medium,0.2844911623396184,0.33780463306469893,6,4952,-0.020958732448076348
Post_4954,Twitter,#Challenge,Live Stream,USA,0.48178539091641476,0.9369441355834179,-0.5703575673531688,-0.3415506484293005,Medium,0.12670532767934087,0.39324770594008657,10,4953,-0.02096727831247923
Post_4955,TikTok,#Comedy,Shorts,USA,-1.3224829912373117,-1.1208082880238912,1.2230630154642583,-1.0372691436114563,Low,-0.5643743518521003,0.0,7,4954,-0.020975824176882117
Post_4956,Instagram,#Music,Tweet,India,0.7495824526838923,0.2814558397325344,0.4116660470625822,-1.502014979479339,High,-0.01482766000008251,0.5593771609999328,6,4955,-0.020984370041285
Post_4957,YouTube,#Tech,Live Stream,UK,-1.3882968148986938,-1.6145203265222947,-1.1426570235241924,1.2231683461189538,High,-0.7305764547065569,0.0,5,4956,-0.020992915905687887
Post_4958,Instagram,#Fitness,Live Stream,Australia,-1.682356364100667,0.30384123962571913,0.3304988242460461,1.2026545573408143,High,0.03865956427797812,0.0,8,4957,-0.021001461770090768
Post_4959,TikTok,#Education,Post,Canada,1.0029552238784916,0.6760305563270135,1.6836070075792797,-1.1921377469467616,Low,0.5426137602095058,0.6946237019048542,10,4958,-0.021010007634493656
Post_4960,TikTok,#Fitness,Post,Australia,-0.8148034674680258,-1.1380875165393982,0.9431582432673439,-0.05190715295092888,Low,-0.26540997342275224,0.0,8,4959,-0.021018553498896544
Post_4961,Instagram,#Tech,Tweet,Germany,0.32238978507181004,1.6368498869326635,1.6080826099182808,1.4741647036944825,Medium,1.2603717464043092,0.27944054295749426,5,4960,-0.021027099363299426
Post_4962,Instagram,#Comedy,Live Stream,Canada,-1.0462245926530216,-1.3384337278396834,0.2292032312100638,-1.4447444019349087,Low,-0.9000498728043875,0.0,7,4961,-0.021035645227702314
Post_4963,Instagram,#Dance,Post,UK,0.6170968855607842,1.118493816425576,1.5241627894648975,-0.7708699412195772,Low,0.6222208875579202,0.4806324956588912,6,4962,-0.021044191092105195
Post_4964,Twitter,#Tech,Live Stream,India,0.6917139805280934,1.5061055720504943,-0.31818521634749136,-1.1315065487151277,Medium,0.18703194687899216,0.525742204653702,5,4963,-0.021052736956508084
Post_4965,TikTok,#Fitness,Post,USA,1.589202248085521,0.21193708314689053,-0.3550356172107852,-0.9953313979523931,Low,0.11269307901730832,0.9513498159437156,8,4964,-0.021061282820910972
Post_4966,YouTube,#Fashion,Video,Japan,-1.0848063150480496,-1.0460309370343703,1.5174533327250819,-1.333213802878335,Medium,-0.48664943055891824,0.0,8,4965,-0.021069828685313853
Post_4967,TikTok,#Music,Live Stream,Canada,-0.5841093813470596,0.07572632427966326,1.5777352209720388,1.265946246949818,High,0.5838246027136151,0.0,6,4966,-0.02107837454971674
Post_4968,Instagram,#Education,Live Stream,UK,0.42820857348070773,-0.7021715182480348,-1.4214607566663677,-1.5400320010033313,Low,-0.8088639256092565,0.35642091311212937,10,4967,-0.021086920414119623
Post_4969,TikTok,#Music,Shorts,India,0.9707654151397018,-1.6132732290352092,0.9569556389220412,-1.012344540181362,High,-0.17447417878870705,0.6784220028933944,6,4968,-0.02109546627852251
Post_4970,YouTube,#Fashion,Video,UK,1.4820856161447928,0.44977935889221327,-0.0334289908156335,1.110797591890579,High,0.7523083940279879,0.9090991810081085,8,4969,-0.0211040121429254
Post_4971,Twitter,#Fitness,Live Stream,USA,-1.5285482007896134,0.5446488360625562,0.7251869178994947,-0.9204175618001432,Low,-0.2947825021569264,0.0,8,4970,-0.02111255800732828
Post_4972,Twitter,#Challenge,Shorts,Brazil,0.37395199850351407,-0.9452100335228804,-0.532406127435136,-1.2547293072459311,Medium,-0.5895983674251084,0.31769125760293365,10,4971,-0.02112110387173117
Post_4973,Twitter,#Fashion,Live Stream,UK,0.37397392616614267,1.1420293173346283,-0.756536390015431,-1.7098833715690864,Low,-0.2376041295209366,0.31770721703068405,8,4972,-0.02112964973613405
Post_4974,Instagram,#Fashion,Tweet,Australia,-0.7431534593501494,-1.0751021651222077,-0.3169121399404494,-0.09853576498588065,Low,-0.5584258823496717,0.0,8,4973,-0.021138195600536938
Post_4975,Twitter,#Viral,Tweet,Canada,1.3823387345656468,1.4732930515014002,0.329156932898083,-0.6235627344304804,Medium,0.6403064961336624,0.8680826667697562,6,4974,-0.02114674146493982
Post_4976,YouTube,#Comedy,Live Stream,USA,-0.9307891537025669,-0.004697606998606014,-1.607811616680933,0.9692314454421217,Medium,-0.3935167329849961,0.0,7,4975,-0.021155287329342708
Post_4977,YouTube,#Music,Tweet,USA,-0.8891978596117632,-1.6015920825728418,0.11693165509715271,-1.3428055744230623,Medium,-0.9291659653776286,0.0,6,4976,-0.021163833193745596
Post_4978,Instagram,#Comedy,Reel,Australia,-0.008839893243474764,-1.2031513637683977,1.0111474048974733,1.7430843716017643,Medium,0.3855601298718413,0.0,7,4977,-0.021172379058148477
Post_4979,TikTok,#Education,Shorts,UK,-1.017285559898922,0.04113322565178607,-0.6374865422217835,0.0971503771127533,High,-0.37912212483904156,0.0,10,4978,-0.021180924922551365
Post_4980,Instagram,#Education,Reel,Canada,1.4216070668967329,-1.0146040803598158,-0.8245943665864817,-1.4852818889743038,Medium,-0.4757183172559671,0.8844313969969366,10,4979,-0.021189470786954247
Post_4981,TikTok,#Fashion,Reel,Brazil,0.6981634542987314,-1.0146387219566793,0.7402917974316946,-1.0744460099636477,High,-0.16265737004747524,0.5295473460940725,8,4980,-0.021198016651357135
Post_4982,Instagram,#Comedy,Reel,UK,-1.308075831650862,-0.34103287094619233,-0.98961259491548,0.8777245446468034,High,-0.4402491882164328,0.0,7,4981,-0.021206562515760023
Post_4983,YouTube,#Education,Post,Canada,-0.57078421486344,-0.5653718522341282,-0.17556625128833828,0.9569791825200247,Low,-0.08868578396647042,0.0,10,4982,-0.021215108380162905
Post_4984,Instagram,#Education,Video,Germany,0.35503390757068637,-1.145161330618922,-0.8416260644644746,1.0243316221260663,Medium,-0.15185546634666097,0.3038264780559751,10,4983,-0.021223654244565793
Post_4985,TikTok,#Gaming,Reel,USA,0.8821063932166007,-1.2246360821431317,-1.7319193626322877,0.9812736695712684,Medium,-0.2732938454968876,0.6323915715613831,7,4984,-0.021232200108968674
Post_4986,TikTok,#Music,Live Stream,India,-1.4486568177206678,1.0958936386318376,1.1650520202677006,0.667825777558537,Low,0.37002865468435187,0.0,6,4985,-0.021240745973371562
Post_4987,TikTok,#Viral,Tweet,USA,-1.2006063013897048,0.3467344648620876,1.2880587271643162,-0.6354649326976602,Medium,-0.05031951051524031,0.0,6,4986,-0.021249291837774444
Post_4988,Instagram,#Fashion,Video,Australia,-0.9255731109547879,1.664272175009799,-1.3388484200904869,-1.1592316693845583,High,-0.4398452563550085,0.0,8,4987,-0.021257837702177332
Post_4989,TikTok,#Education,Live Stream,Canada,0.334754931075971,0.16393768653284424,1.3408053793804036,1.2195976866387999,High,0.7647739209070047,0.288747702773032,10,4988,-0.02126638356658022
Post_4990,Instagram,#Fitness,Shorts,Australia,-1.3420020371740546,-0.33748557142737134,-0.3625364457711942,-0.16399785545537002,Medium,-0.5515054774569975,0.0,8,4989,-0.0212749294309831
Post_4991,YouTube,#Viral,Reel,Australia,1.7102614472607554,0.9825948319301199,1.6775168853077551,0.3155207088500125,Low,1.1714734683371608,0.9970451052421644,6,4990,-0.02128347529538599
Post_4992,Instagram,#Fashion,Shorts,Brazil,-1.7020727590010674,0.49483421977286324,1.4716913970124947,-0.0785820796556085,High,0.046467694532170534,0.0,8,4991,-0.02129202115978887
Post_4993,Twitter,#Viral,Tweet,Brazil,-0.3200626351285302,-0.372251878039566,1.439141929956775,0.8683428118950263,Low,0.4037925571709262,0.0,6,4992,-0.02130056702419176
Post_4994,YouTube,#Education,Tweet,USA,0.6997580065155051,-0.2617105424481819,0.38709911315371964,0.021676437512636166,Medium,0.21170575368341976,0.5304858918210481,10,4993,-0.021309112888594647
Post_4995,Instagram,#Comedy,Shorts,Brazil,-1.0642676327990768,1.279743521505731,-1.31287077989274,-0.9685864583167301,Low,-0.516495337375704,0.0,7,4994,-0.02131765875299753
Post_4996,YouTube,#Education,Video,Japan,1.2088785888631646,0.9009168748453924,0.29898158130414404,-1.4152689579908926,High,0.24837702175545207,0.7924849608918239,10,4995,-0.021326204617400417
Post_4997,Instagram,#Education,Video,UK,1.6085712265811494,-0.5903553718920744,0.14868975033227896,-1.4042069148955136,Medium,-0.05932532746853991,0.9588026486782117,10,4996,-0.021334750481803298
Post_4998,YouTube,#Fashion,Shorts,USA,-0.33575804489441036,-1.5178148447181872,0.8501892580828249,0.6291786396556941,Low,-0.09355124796851969,0.0,8,4997,-0.021343296346206186
Post_4999,Instagram,#Gaming,Shorts,Canada,-0.1866602176117636,-1.4166960234736712,-1.2925359648505304,1.2562844624741072,Low,-0.4099019358654645,0.0,7,4998,-0.021351842210609075
Post_5000,Instagram,#Fashion,Reel,Japan,-0.18505538680313266,-1.2383056562654633,-0.7079186342546149,1.5047603545342332,Low,-0.15662983069724445,0.0,8,4999,-0.021360388075011956
